solid CATIA STL
  facet normal  9.845677e-001  1.749846e-001  2.597417e-003
    outer loop
      vertex -2.427074e+001 -3.343816e+000  1.528285e+002
      vertex -2.395044e+001 -5.160085e+000  1.537753e+002
      vertex -2.378807e+001 -5.863234e+000  1.396000e+002
    endloop
  endfacet
  facet normal -2.229248e-002  9.997448e-001  3.624037e-003
    outer loop
      vertex -4.858746e-001 -2.449518e+001  6.512630e+001
      vertex  1.555425e+000 -2.445057e+001  6.537737e+001
      vertex -2.953149e+000 -2.432137e+001  2.000000e+000
    endloop
  endfacet
  facet normal  5.990506e-002  9.982041e-001  4.071271e-004
    outer loop
      vertex -2.440079e+000 -2.437819e+001  6.581899e+001
      vertex -4.858746e-001 -2.449518e+001  6.512630e+001
      vertex -2.953149e+000 -2.432137e+001  2.000000e+000
    endloop
  endfacet
  facet normal  1.287542e-001  9.916766e-001 -1.521936e-004
    outer loop
      vertex -3.873777e+000 -2.419181e+001  6.731005e+001
      vertex -2.440079e+000 -2.437819e+001  6.581899e+001
      vertex -2.953149e+000 -2.432137e+001  2.000000e+000
    endloop
  endfacet
  facet normal  9.367538e-001  3.498782e-001  8.800847e-003
    outer loop
      vertex -2.325712e+001 -7.704303e+000  1.562778e+002
      vertex -2.288966e+001 -8.735759e+000  1.581710e+002
      vertex -2.378807e+001 -5.863234e+000  1.396000e+002
    endloop
  endfacet
  facet normal  9.652882e-001  2.611799e-001 -1.899040e-003
    outer loop
      vertex -2.378807e+001 -5.863234e+000  1.396000e+002
      vertex -2.395044e+001 -5.160085e+000  1.537753e+002
      vertex -2.325712e+001 -7.704303e+000  1.562778e+002
    endloop
  endfacet
  facet normal -1.284577e-001  9.917150e-001  4.421348e-004
    outer loop
      vertex  2.440079e+000 -2.437819e+001  1.783810e+002
      vertex  2.953149e+000 -2.432137e+001  2.000000e+002
      vertex  3.873777e+000 -2.419181e+001  1.768900e+002
    endloop
  endfacet
  facet normal  8.815648e-001  4.716528e-001 -1.967474e-002
    outer loop
      vertex -2.282234e+001 -8.910142e+000  1.833734e+002
      vertex -2.169367e+001 -1.138572e+001  1.746000e+002
      vertex -2.258733e+001 -9.490119e+000  1.800000e+002
    endloop
  endfacet
  facet normal  9.544594e-001  2.983316e-001 -2.319234e-003
    outer loop
      vertex -2.314702e+001 -8.029051e+000  1.852245e+002
      vertex -2.363516e+001 -6.452066e+000  1.871866e+002
      vertex -2.378807e+001 -5.863234e+000  2.000000e+002
    endloop
  endfacet
  facet normal  9.993611e-001  3.573832e-002  0.000000e+000
    outer loop
      vertex -2.450000e+001  3.000385e-015  2.000000e+002
      vertex -2.443742e+001 -1.750053e+000  1.896319e+002
      vertex -2.450000e+001  3.000385e-015  1.898000e+002
    endloop
  endfacet
  facet normal  9.976580e-001  6.840110e-002  0.000000e+000
    outer loop
      vertex -2.450000e+001  3.000385e-015  2.000000e+000
      vertex -2.450000e+001  3.000385e-015  1.522000e+002
      vertex -2.427074e+001 -3.343816e+000  1.528285e+002
    endloop
  endfacet
  facet normal  9.843940e-001  1.759629e-001  2.404768e-003
    outer loop
      vertex -2.450000e+001  3.000385e-015  2.000000e+000
      vertex -2.427074e+001 -3.343816e+000  1.528285e+002
      vertex -2.378807e+001 -5.863234e+000  1.396000e+002
    endloop
  endfacet
  facet normal  9.927089e-001  1.205367e-001  0.000000e+000
    outer loop
      vertex -2.450000e+001  3.000385e-015  2.000000e+000
      vertex -2.378807e+001 -5.863234e+000  1.396000e+002
      vertex -2.378807e+001 -5.863234e+000  1.046000e+002
    endloop
  endfacet
  facet normal  9.927089e-001  1.205367e-001  0.000000e+000
    outer loop
      vertex -2.450000e+001  3.000385e-015  2.000000e+000
      vertex -2.378807e+001 -5.863234e+000  1.046000e+002
      vertex -2.378807e+001 -5.863234e+000  6.960000e+001
    endloop
  endfacet
  facet normal  9.927089e-001  1.205367e-001  0.000000e+000
    outer loop
      vertex -2.450000e+001  3.000385e-015  2.000000e+000
      vertex -2.378807e+001 -5.863234e+000  6.960000e+001
      vertex -2.378807e+001 -5.863234e+000  2.000000e+000
    endloop
  endfacet
  facet normal -9.927089e-001  1.205367e-001  0.000000e+000
    outer loop
      vertex  2.450000e+001 -6.000769e-015  2.000000e+000
      vertex  2.378807e+001 -5.863234e+000  2.000000e+000
      vertex  2.378807e+001 -5.863234e+000  6.960000e+001
    endloop
  endfacet
  facet normal -9.927089e-001  1.205367e-001  0.000000e+000
    outer loop
      vertex  2.450000e+001 -6.000769e-015  2.000000e+000
      vertex  2.378807e+001 -5.863234e+000  6.960000e+001
      vertex  2.378807e+001 -5.863234e+000  1.046000e+002
    endloop
  endfacet
  facet normal -9.927089e-001  1.205367e-001  0.000000e+000
    outer loop
      vertex  2.450000e+001 -6.000769e-015  2.000000e+000
      vertex  2.378807e+001 -5.863234e+000  1.046000e+002
      vertex  2.378807e+001 -5.863234e+000  1.396000e+002
    endloop
  endfacet
  facet normal -9.927089e-001  1.205367e-001  0.000000e+000
    outer loop
      vertex  2.450000e+001 -6.000769e-015  2.000000e+000
      vertex  2.378807e+001 -5.863234e+000  1.396000e+002
      vertex  2.378807e+001 -5.863234e+000  1.746000e+002
    endloop
  endfacet
  facet normal -9.927088e-001  1.205367e-001  0.000000e+000
    outer loop
      vertex  2.450000e+001 -6.000769e-015  2.000000e+000
      vertex  2.378807e+001 -5.863234e+000  1.746000e+002
      vertex  2.378807e+001 -5.863234e+000  2.000000e+002
    endloop
  endfacet
  facet normal -9.927089e-001  1.205367e-001  0.000000e+000
    outer loop
      vertex  2.450000e+001 -6.000769e-015  2.000000e+000
      vertex  2.378807e+001 -5.863234e+000  2.000000e+002
      vertex  2.450000e+001 -6.000769e-015  2.000000e+002
    endloop
  endfacet
  facet normal  0.000000e+000  9.999965e-001 -2.628232e-003
    outer loop
      vertex -2.953149e+000 -2.432137e+001  2.000000e+002
      vertex  2.953149e+000 -2.432137e+001  2.000000e+002
      vertex  2.440079e+000 -2.437819e+001  1.783810e+002
    endloop
  endfacet
  facet normal -6.653755e-002  9.975988e-001 -1.922086e-002
    outer loop
      vertex -2.953149e+000 -2.432137e+001  2.000000e+002
      vertex  2.440079e+000 -2.437819e+001  1.783810e+002
      vertex  4.858746e-001 -2.449518e+001  1.790737e+002
    endloop
  endfacet
  facet normal  2.241487e-002  9.997381e-001 -4.620214e-003
    outer loop
      vertex -2.953149e+000 -2.432137e+001  2.000000e+002
      vertex  4.858746e-001 -2.449518e+001  1.790737e+002
      vertex -1.555425e+000 -2.445057e+001  1.788226e+002
    endloop
  endfacet
  facet normal  9.843922e-002  9.951429e-001  4.254900e-004
    outer loop
      vertex -2.953149e+000 -2.432137e+001  2.000000e+002
      vertex -1.555425e+000 -2.445057e+001  1.788226e+002
      vertex -3.278742e+000 -2.427962e+001  1.776822e+002
    endloop
  endfacet
  facet normal  1.556768e-001  9.878079e-001 -4.232677e-004
    outer loop
      vertex -2.953149e+000 -2.432137e+001  2.000000e+002
      vertex -3.278742e+000 -2.427962e+001  1.776822e+002
      vertex -4.312542e+000 -2.411746e+001  1.758853e+002
    endloop
  endfacet
  facet normal  1.994289e-001  9.799080e-001 -2.956459e-003
    outer loop
      vertex -2.953149e+000 -2.432137e+001  2.000000e+002
      vertex -4.312542e+000 -2.411746e+001  1.758853e+002
      vertex -4.500000e+000 -2.408319e+001  1.746000e+002
    endloop
  endfacet
  facet normal  2.701984e-001  9.627761e-001 -7.426948e-003
    outer loop
      vertex -2.953149e+000 -2.432137e+001  2.000000e+002
      vertex -4.500000e+000 -2.408319e+001  1.746000e+002
      vertex -8.687819e+000 -2.290790e+001  1.746000e+002
    endloop
  endfacet
  facet normal  2.393157e-001  9.709419e-001  -0.000000e+000
    outer loop
      vertex -2.953149e+000 -2.432137e+001  2.000000e+002
      vertex -8.687819e+000 -2.290790e+001  1.746000e+002
      vertex -8.687819e+000 -2.290790e+001  2.000000e+002
    endloop
  endfacet
  facet normal  9.835459e-002  9.951513e-001  5.546337e-004
    outer loop
      vertex -1.555425e+000 -2.445057e+001  1.438226e+002
      vertex -3.278742e+000 -2.427962e+001  1.426822e+002
      vertex -2.440079e+000 -2.437819e+001  1.708190e+002
    endloop
  endfacet
  facet normal  1.570292e-001  9.875932e-001 -1.220735e-003
    outer loop
      vertex -2.440079e+000 -2.437819e+001  1.708190e+002
      vertex -3.278742e+000 -2.427962e+001  1.426822e+002
      vertex -4.312542e+000 -2.411746e+001  1.408853e+002
    endloop
  endfacet
  facet normal  1.294606e-001  9.915844e-001  5.385454e-004
    outer loop
      vertex -2.440079e+000 -2.437819e+001  1.708190e+002
      vertex -4.312542e+000 -2.411746e+001  1.408853e+002
      vertex -3.873777e+000 -2.419181e+001  1.723101e+002
    endloop
  endfacet
  facet normal  1.811974e-001  9.834466e-001 -2.030801e-004
    outer loop
      vertex -3.873777e+000 -2.419181e+001  1.723101e+002
      vertex -4.312542e+000 -2.411746e+001  1.408853e+002
      vertex -4.500000e+000 -2.408319e+001  1.396000e+002
    endloop
  endfacet
  facet normal  1.709090e-001  9.852868e-001  -0.000000e+000
    outer loop
      vertex -3.873777e+000 -2.419181e+001  1.723101e+002
      vertex -4.500000e+000 -2.408319e+001  1.396000e+002
      vertex -4.500000e+000 -2.408319e+001  1.746000e+002
    endloop
  endfacet
  facet normal  2.702058e-001  9.628025e-001  0.000000e+000
    outer loop
      vertex -4.500000e+000 -2.408319e+001  1.746000e+002
      vertex -4.500000e+000 -2.408319e+001  1.396000e+002
      vertex -8.687819e+000 -2.290790e+001  1.396000e+002
    endloop
  endfacet
  facet normal  2.702058e-001  9.628025e-001  -0.000000e+000
    outer loop
      vertex -4.500000e+000 -2.408319e+001  1.746000e+002
      vertex -8.687819e+000 -2.290790e+001  1.396000e+002
      vertex -8.687819e+000 -2.290790e+001  1.746000e+002
    endloop
  endfacet
  facet normal  4.647231e-001  8.854560e-001  0.000000e+000
    outer loop
      vertex -8.687819e+000 -2.290790e+001  1.746000e+002
      vertex -8.687819e+000 -2.290790e+001  1.396000e+002
      vertex -1.391759e+001 -2.016311e+001  1.396000e+002
    endloop
  endfacet
  facet normal  4.647231e-001  8.854560e-001  -0.000000e+000
    outer loop
      vertex -8.687819e+000 -2.290790e+001  1.746000e+002
      vertex -1.391759e+001 -2.016311e+001  1.396000e+002
      vertex -1.391759e+001 -2.016311e+001  1.746000e+002
    endloop
  endfacet
  facet normal  6.631228e-001  7.485107e-001  0.000000e+000
    outer loop
      vertex -1.391759e+001 -2.016311e+001  1.746000e+002
      vertex -1.391759e+001 -2.016311e+001  1.396000e+002
      vertex -1.833851e+001 -1.624651e+001  1.396000e+002
    endloop
  endfacet
  facet normal  6.631228e-001  7.485107e-001  -0.000000e+000
    outer loop
      vertex -1.391759e+001 -2.016311e+001  1.746000e+002
      vertex -1.833851e+001 -1.624651e+001  1.396000e+002
      vertex -1.833851e+001 -1.624651e+001  1.746000e+002
    endloop
  endfacet
  facet normal  8.229839e-001  5.680647e-001  0.000000e+000
    outer loop
      vertex -1.833851e+001 -1.624651e+001  1.746000e+002
      vertex -1.833851e+001 -1.624651e+001  1.396000e+002
      vertex -2.169367e+001 -1.138572e+001  1.396000e+002
    endloop
  endfacet
  facet normal  8.229839e-001  5.680647e-001  -0.000000e+000
    outer loop
      vertex -1.833851e+001 -1.624651e+001  1.746000e+002
      vertex -2.169367e+001 -1.138572e+001  1.396000e+002
      vertex -2.169367e+001 -1.138572e+001  1.746000e+002
    endloop
  endfacet
  facet normal  9.045215e-001  4.264281e-001  0.000000e+000
    outer loop
      vertex -2.169367e+001 -1.138572e+001  1.746000e+002
      vertex -2.169367e+001 -1.138572e+001  1.396000e+002
      vertex -2.258733e+001 -9.490120e+000  1.620000e+002
    endloop
  endfacet
  facet normal  9.045215e-001  4.264280e-001 -2.259297e-008
    outer loop
      vertex -2.169367e+001 -1.138572e+001  1.746000e+002
      vertex -2.258733e+001 -9.490120e+000  1.620000e+002
      vertex -2.258733e+001 -9.490119e+000  1.800000e+002
    endloop
  endfacet
  facet normal -1.849541e-001  9.827469e-001  7.696380e-004
    outer loop
      vertex  4.312542e+000 -2.411746e+001  6.831470e+001
      vertex  4.500000e+000 -2.408319e+001  6.960000e+001
      vertex  2.953149e+000 -2.432137e+001  2.000000e+000
    endloop
  endfacet
  facet normal -2.702048e-001  9.627988e-001  2.790665e-003
    outer loop
      vertex  2.953149e+000 -2.432137e+001  2.000000e+000
      vertex  4.500000e+000 -2.408319e+001  6.960000e+001
      vertex  8.687819e+000 -2.290790e+001  6.960000e+001
    endloop
  endfacet
  facet normal -2.393156e-001  9.709417e-001  0.000000e+000
    outer loop
      vertex  2.953149e+000 -2.432137e+001  2.000000e+000
      vertex  8.687819e+000 -2.290790e+001  6.960000e+001
      vertex  8.687819e+000 -2.290790e+001  2.000000e+000
    endloop
  endfacet
  facet normal -4.647231e-001  8.854561e-001  0.000000e+000
    outer loop
      vertex  8.687819e+000 -2.290790e+001  2.000000e+000
      vertex  8.687819e+000 -2.290790e+001  6.960000e+001
      vertex  1.391759e+001 -2.016311e+001  6.960000e+001
    endloop
  endfacet
  facet normal -4.647231e-001  8.854561e-001  0.000000e+000
    outer loop
      vertex  8.687819e+000 -2.290790e+001  2.000000e+000
      vertex  1.391759e+001 -2.016311e+001  6.960000e+001
      vertex  1.391759e+001 -2.016311e+001  2.000000e+000
    endloop
  endfacet
  facet normal -6.631228e-001  7.485107e-001  0.000000e+000
    outer loop
      vertex  1.391759e+001 -2.016311e+001  2.000000e+000
      vertex  1.391759e+001 -2.016311e+001  6.960000e+001
      vertex  1.833851e+001 -1.624651e+001  6.960000e+001
    endloop
  endfacet
  facet normal -6.631228e-001  7.485107e-001  0.000000e+000
    outer loop
      vertex  1.391759e+001 -2.016311e+001  2.000000e+000
      vertex  1.833851e+001 -1.624651e+001  6.960000e+001
      vertex  1.833851e+001 -1.624651e+001  2.000000e+000
    endloop
  endfacet
  facet normal -8.229839e-001  5.680647e-001  0.000000e+000
    outer loop
      vertex  1.833851e+001 -1.624651e+001  2.000000e+000
      vertex  1.833851e+001 -1.624651e+001  6.960000e+001
      vertex  2.169367e+001 -1.138572e+001  6.960000e+001
    endloop
  endfacet
  facet normal -8.229839e-001  5.680647e-001  0.000000e+000
    outer loop
      vertex  1.833851e+001 -1.624651e+001  2.000000e+000
      vertex  2.169367e+001 -1.138572e+001  6.960000e+001
      vertex  2.169367e+001 -1.138572e+001  2.000000e+000
    endloop
  endfacet
  facet normal -9.350162e-001  3.546050e-001  0.000000e+000
    outer loop
      vertex  2.169367e+001 -1.138572e+001  2.000000e+000
      vertex  2.169367e+001 -1.138572e+001  6.960000e+001
      vertex  2.378807e+001 -5.863234e+000  6.960000e+001
    endloop
  endfacet
  facet normal -9.350162e-001  3.546050e-001  0.000000e+000
    outer loop
      vertex  2.169367e+001 -1.138572e+001  2.000000e+000
      vertex  2.378807e+001 -5.863234e+000  6.960000e+001
      vertex  2.378807e+001 -5.863234e+000  2.000000e+000
    endloop
  endfacet
  facet normal -1.552030e-001  9.878826e-001  1.439764e-004
    outer loop
      vertex  4.312542e+000 -2.411746e+001  6.831470e+001
      vertex  2.953149e+000 -2.432137e+001  2.000000e+000
      vertex  3.278742e+000 -2.427962e+001  6.651781e+001
    endloop
  endfacet
  facet normal  0.000000e+000  9.999998e-001 -6.471073e-004
    outer loop
      vertex  3.278742e+000 -2.427962e+001  6.651781e+001
      vertex  2.953149e+000 -2.432137e+001  2.000000e+000
      vertex -2.953149e+000 -2.432137e+001  2.000000e+000
    endloop
  endfacet
  facet normal -1.049321e-001  9.944341e-001  9.492069e-003
    outer loop
      vertex  3.278742e+000 -2.427962e+001  6.651781e+001
      vertex -2.953149e+000 -2.432137e+001  2.000000e+000
      vertex  1.555425e+000 -2.445057e+001  6.537737e+001
    endloop
  endfacet
  facet normal  1.726101e-001  9.849901e-001  4.792742e-004
    outer loop
      vertex -3.873777e+000 -2.419181e+001  6.731005e+001
      vertex -2.953149e+000 -2.432137e+001  2.000000e+000
      vertex -4.500000e+000 -2.408319e+001  6.960000e+001
    endloop
  endfacet
  facet normal  2.393151e-001  9.709398e-001  2.055151e-003
    outer loop
      vertex -4.500000e+000 -2.408319e+001  6.960000e+001
      vertex -2.953149e+000 -2.432137e+001  2.000000e+000
      vertex -8.687819e+000 -2.290790e+001  2.000000e+000
    endloop
  endfacet
  facet normal  2.702058e-001  9.628025e-001  -0.000000e+000
    outer loop
      vertex -4.500000e+000 -2.408319e+001  6.960000e+001
      vertex -8.687819e+000 -2.290790e+001  2.000000e+000
      vertex -8.687819e+000 -2.290790e+001  6.960000e+001
    endloop
  endfacet
  facet normal  4.647231e-001  8.854561e-001  0.000000e+000
    outer loop
      vertex -8.687819e+000 -2.290790e+001  6.960000e+001
      vertex -8.687819e+000 -2.290790e+001  2.000000e+000
      vertex -1.391759e+001 -2.016311e+001  2.000000e+000
    endloop
  endfacet
  facet normal  4.647231e-001  8.854561e-001  -0.000000e+000
    outer loop
      vertex -8.687819e+000 -2.290790e+001  6.960000e+001
      vertex -1.391759e+001 -2.016311e+001  2.000000e+000
      vertex -1.391759e+001 -2.016311e+001  6.960000e+001
    endloop
  endfacet
  facet normal  6.631228e-001  7.485107e-001  0.000000e+000
    outer loop
      vertex -1.391759e+001 -2.016311e+001  6.960000e+001
      vertex -1.391759e+001 -2.016311e+001  2.000000e+000
      vertex -1.833851e+001 -1.624651e+001  2.000000e+000
    endloop
  endfacet
  facet normal  6.631228e-001  7.485107e-001  -0.000000e+000
    outer loop
      vertex -1.391759e+001 -2.016311e+001  6.960000e+001
      vertex -1.833851e+001 -1.624651e+001  2.000000e+000
      vertex -1.833851e+001 -1.624651e+001  6.960000e+001
    endloop
  endfacet
  facet normal  8.229839e-001  5.680647e-001  0.000000e+000
    outer loop
      vertex -1.833851e+001 -1.624651e+001  6.960000e+001
      vertex -1.833851e+001 -1.624651e+001  2.000000e+000
      vertex -2.169367e+001 -1.138572e+001  2.000000e+000
    endloop
  endfacet
  facet normal  8.229839e-001  5.680647e-001  -0.000000e+000
    outer loop
      vertex -1.833851e+001 -1.624651e+001  6.960000e+001
      vertex -2.169367e+001 -1.138572e+001  2.000000e+000
      vertex -2.169367e+001 -1.138572e+001  6.960000e+001
    endloop
  endfacet
  facet normal  9.350162e-001  3.546050e-001  0.000000e+000
    outer loop
      vertex -2.169367e+001 -1.138572e+001  6.960000e+001
      vertex -2.169367e+001 -1.138572e+001  2.000000e+000
      vertex -2.378807e+001 -5.863234e+000  2.000000e+000
    endloop
  endfacet
  facet normal  9.350162e-001  3.546050e-001  -0.000000e+000
    outer loop
      vertex -2.169367e+001 -1.138572e+001  6.960000e+001
      vertex -2.378807e+001 -5.863234e+000  2.000000e+000
      vertex -2.378807e+001 -5.863234e+000  6.960000e+001
    endloop
  endfacet
  facet normal -1.546565e-001  9.879683e-001 -1.781939e-004
    outer loop
      vertex  3.278742e+000 -2.427962e+001  1.015178e+002
      vertex  4.312542e+000 -2.411746e+001  1.033147e+002
      vertex  3.873777e+000 -2.419181e+001  7.188995e+001
    endloop
  endfacet
  facet normal -1.811974e-001  9.834466e-001  2.030801e-004
    outer loop
      vertex  3.873777e+000 -2.419181e+001  7.188995e+001
      vertex  4.312542e+000 -2.411746e+001  1.033147e+002
      vertex  4.500000e+000 -2.408319e+001  1.046000e+002
    endloop
  endfacet
  facet normal -1.709090e-001  9.852868e-001  0.000000e+000
    outer loop
      vertex  3.873777e+000 -2.419181e+001  7.188995e+001
      vertex  4.500000e+000 -2.408319e+001  1.046000e+002
      vertex  4.500000e+000 -2.408319e+001  6.960000e+001
    endloop
  endfacet
  facet normal -2.702058e-001  9.628025e-001  0.000000e+000
    outer loop
      vertex  4.500000e+000 -2.408319e+001  6.960000e+001
      vertex  4.500000e+000 -2.408319e+001  1.046000e+002
      vertex  8.687819e+000 -2.290790e+001  1.046000e+002
    endloop
  endfacet
  facet normal -2.702058e-001  9.628025e-001  0.000000e+000
    outer loop
      vertex  4.500000e+000 -2.408319e+001  6.960000e+001
      vertex  8.687819e+000 -2.290790e+001  1.046000e+002
      vertex  8.687819e+000 -2.290790e+001  6.960000e+001
    endloop
  endfacet
  facet normal -4.647231e-001  8.854560e-001  0.000000e+000
    outer loop
      vertex  8.687819e+000 -2.290790e+001  6.960000e+001
      vertex  8.687819e+000 -2.290790e+001  1.046000e+002
      vertex  1.391759e+001 -2.016311e+001  1.046000e+002
    endloop
  endfacet
  facet normal -4.647231e-001  8.854560e-001  0.000000e+000
    outer loop
      vertex  8.687819e+000 -2.290790e+001  6.960000e+001
      vertex  1.391759e+001 -2.016311e+001  1.046000e+002
      vertex  1.391759e+001 -2.016311e+001  6.960000e+001
    endloop
  endfacet
  facet normal -6.631228e-001  7.485107e-001  0.000000e+000
    outer loop
      vertex  1.391759e+001 -2.016311e+001  6.960000e+001
      vertex  1.391759e+001 -2.016311e+001  1.046000e+002
      vertex  1.833851e+001 -1.624651e+001  1.046000e+002
    endloop
  endfacet
  facet normal -6.631228e-001  7.485107e-001  0.000000e+000
    outer loop
      vertex  1.391759e+001 -2.016311e+001  6.960000e+001
      vertex  1.833851e+001 -1.624651e+001  1.046000e+002
      vertex  1.833851e+001 -1.624651e+001  6.960000e+001
    endloop
  endfacet
  facet normal -8.229839e-001  5.680647e-001  0.000000e+000
    outer loop
      vertex  1.833851e+001 -1.624651e+001  6.960000e+001
      vertex  1.833851e+001 -1.624651e+001  1.046000e+002
      vertex  2.169367e+001 -1.138572e+001  1.046000e+002
    endloop
  endfacet
  facet normal -8.229839e-001  5.680647e-001  0.000000e+000
    outer loop
      vertex  1.833851e+001 -1.624651e+001  6.960000e+001
      vertex  2.169367e+001 -1.138572e+001  1.046000e+002
      vertex  2.169367e+001 -1.138572e+001  6.960000e+001
    endloop
  endfacet
  facet normal -9.350162e-001  3.546050e-001  0.000000e+000
    outer loop
      vertex  2.169367e+001 -1.138572e+001  6.960000e+001
      vertex  2.169367e+001 -1.138572e+001  1.046000e+002
      vertex  2.378807e+001 -5.863234e+000  1.046000e+002
    endloop
  endfacet
  facet normal -9.350162e-001  3.546050e-001  0.000000e+000
    outer loop
      vertex  2.169367e+001 -1.138572e+001  6.960000e+001
      vertex  2.378807e+001 -5.863234e+000  1.046000e+002
      vertex  2.378807e+001 -5.863234e+000  6.960000e+001
    endloop
  endfacet
  facet normal -1.285444e-001  9.917037e-001  3.573009e-004
    outer loop
      vertex  3.873777e+000 -2.419181e+001  7.188995e+001
      vertex  2.440079e+000 -2.437819e+001  7.338100e+001
      vertex  3.278742e+000 -2.427962e+001  1.015178e+002
    endloop
  endfacet
  facet normal -9.835459e-002  9.951513e-001 -5.546337e-004
    outer loop
      vertex  3.278742e+000 -2.427962e+001  1.015178e+002
      vertex  2.440079e+000 -2.437819e+001  7.338100e+001
      vertex  1.555425e+000 -2.445057e+001  1.003774e+002
    endloop
  endfacet
  facet normal -5.950458e-002  9.982278e-001  7.267062e-004
    outer loop
      vertex  2.440079e+000 -2.437819e+001  7.338100e+001
      vertex  4.858746e-001 -2.449518e+001  7.407369e+001
      vertex  1.555425e+000 -2.445057e+001  1.003774e+002
    endloop
  endfacet
  facet normal -2.174739e-002  9.997631e-001 -8.111667e-004
    outer loop
      vertex  1.555425e+000 -2.445057e+001  1.003774e+002
      vertex  4.858746e-001 -2.449518e+001  7.407369e+001
      vertex -4.858746e-001 -2.449518e+001  1.001263e+002
    endloop
  endfacet
  facet normal  9.835459e-002  9.951513e-001  5.546337e-004
    outer loop
      vertex -3.278742e+000 -2.427962e+001  7.268218e+001
      vertex -2.440079e+000 -2.437819e+001  1.008190e+002
      vertex -1.555425e+000 -2.445057e+001  7.382264e+001
    endloop
  endfacet
  facet normal  5.950458e-002  9.982278e-001 -7.267065e-004
    outer loop
      vertex -1.555425e+000 -2.445057e+001  7.382264e+001
      vertex -2.440079e+000 -2.437819e+001  1.008190e+002
      vertex -4.858746e-001 -2.449518e+001  1.001263e+002
    endloop
  endfacet
  facet normal  2.174740e-002  9.997632e-001  8.111668e-004
    outer loop
      vertex -1.555425e+000 -2.445057e+001  7.382264e+001
      vertex -4.858746e-001 -2.449518e+001  1.001263e+002
      vertex  4.858746e-001 -2.449518e+001  7.407369e+001
    endloop
  endfacet
  facet normal  2.702058e-001  9.628025e-001  0.000000e+000
    outer loop
      vertex -8.687819e+000 -2.290790e+001  6.960000e+001
      vertex -4.500000e+000 -2.408319e+001  1.046000e+002
      vertex -4.500000e+000 -2.408319e+001  6.960000e+001
    endloop
  endfacet
  facet normal  1.709090e-001  9.852868e-001  -0.000000e+000
    outer loop
      vertex -4.500000e+000 -2.408319e+001  6.960000e+001
      vertex -4.500000e+000 -2.408319e+001  1.046000e+002
      vertex -3.873777e+000 -2.419181e+001  1.023101e+002
    endloop
  endfacet
  facet normal  1.811974e-001  9.834466e-001 -2.030801e-004
    outer loop
      vertex -4.500000e+000 -2.408319e+001  6.960000e+001
      vertex -3.873777e+000 -2.419181e+001  1.023101e+002
      vertex -4.312542e+000 -2.411746e+001  7.088529e+001
    endloop
  endfacet
  facet normal  1.294606e-001  9.915844e-001  5.385454e-004
    outer loop
      vertex -4.312542e+000 -2.411746e+001  7.088529e+001
      vertex -3.873777e+000 -2.419181e+001  1.023101e+002
      vertex -2.440079e+000 -2.437819e+001  1.008190e+002
    endloop
  endfacet
  facet normal  1.570292e-001  9.875932e-001 -1.220735e-003
    outer loop
      vertex -4.312542e+000 -2.411746e+001  7.088529e+001
      vertex -2.440079e+000 -2.437819e+001  1.008190e+002
      vertex -3.278742e+000 -2.427962e+001  7.268218e+001
    endloop
  endfacet
  facet normal  2.702058e-001  9.628025e-001  -0.000000e+000
    outer loop
      vertex -4.500000e+000 -2.408319e+001  1.046000e+002
      vertex -8.687819e+000 -2.290790e+001  6.960000e+001
      vertex -8.687819e+000 -2.290790e+001  1.046000e+002
    endloop
  endfacet
  facet normal  4.647231e-001  8.854560e-001  0.000000e+000
    outer loop
      vertex -8.687819e+000 -2.290790e+001  1.046000e+002
      vertex -8.687819e+000 -2.290790e+001  6.960000e+001
      vertex -1.391759e+001 -2.016311e+001  6.960000e+001
    endloop
  endfacet
  facet normal  4.647231e-001  8.854560e-001  -0.000000e+000
    outer loop
      vertex -8.687819e+000 -2.290790e+001  1.046000e+002
      vertex -1.391759e+001 -2.016311e+001  6.960000e+001
      vertex -1.391759e+001 -2.016311e+001  1.046000e+002
    endloop
  endfacet
  facet normal  6.631228e-001  7.485107e-001  0.000000e+000
    outer loop
      vertex -1.391759e+001 -2.016311e+001  1.046000e+002
      vertex -1.391759e+001 -2.016311e+001  6.960000e+001
      vertex -1.833851e+001 -1.624651e+001  6.960000e+001
    endloop
  endfacet
  facet normal  6.631228e-001  7.485107e-001  -0.000000e+000
    outer loop
      vertex -1.391759e+001 -2.016311e+001  1.046000e+002
      vertex -1.833851e+001 -1.624651e+001  6.960000e+001
      vertex -1.833851e+001 -1.624651e+001  1.046000e+002
    endloop
  endfacet
  facet normal  8.229839e-001  5.680647e-001  0.000000e+000
    outer loop
      vertex -1.833851e+001 -1.624651e+001  1.046000e+002
      vertex -1.833851e+001 -1.624651e+001  6.960000e+001
      vertex -2.169367e+001 -1.138572e+001  6.960000e+001
    endloop
  endfacet
  facet normal  8.229839e-001  5.680647e-001  -0.000000e+000
    outer loop
      vertex -1.833851e+001 -1.624651e+001  1.046000e+002
      vertex -2.169367e+001 -1.138572e+001  6.960000e+001
      vertex -2.169367e+001 -1.138572e+001  1.046000e+002
    endloop
  endfacet
  facet normal  9.350162e-001  3.546050e-001  0.000000e+000
    outer loop
      vertex -2.169367e+001 -1.138572e+001  1.046000e+002
      vertex -2.169367e+001 -1.138572e+001  6.960000e+001
      vertex -2.378807e+001 -5.863234e+000  6.960000e+001
    endloop
  endfacet
  facet normal  9.350162e-001  3.546050e-001  -0.000000e+000
    outer loop
      vertex -2.169367e+001 -1.138572e+001  1.046000e+002
      vertex -2.378807e+001 -5.863234e+000  6.960000e+001
      vertex -2.378807e+001 -5.863234e+000  1.046000e+002
    endloop
  endfacet
  facet normal -1.546565e-001  9.879683e-001 -1.781938e-004
    outer loop
      vertex  3.278742e+000 -2.427962e+001  1.365178e+002
      vertex  4.312542e+000 -2.411746e+001  1.383147e+002
      vertex  3.873777e+000 -2.419181e+001  1.068899e+002
    endloop
  endfacet
  facet normal -1.811974e-001  9.834467e-001  2.030800e-004
    outer loop
      vertex  3.873777e+000 -2.419181e+001  1.068899e+002
      vertex  4.312542e+000 -2.411746e+001  1.383147e+002
      vertex  4.500000e+000 -2.408319e+001  1.396000e+002
    endloop
  endfacet
  facet normal -1.709090e-001  9.852868e-001  0.000000e+000
    outer loop
      vertex  3.873777e+000 -2.419181e+001  1.068899e+002
      vertex  4.500000e+000 -2.408319e+001  1.396000e+002
      vertex  4.500000e+000 -2.408319e+001  1.046000e+002
    endloop
  endfacet
  facet normal -2.702059e-001  9.628026e-001  0.000000e+000
    outer loop
      vertex  4.500000e+000 -2.408319e+001  1.046000e+002
      vertex  4.500000e+000 -2.408319e+001  1.396000e+002
      vertex  8.687819e+000 -2.290790e+001  1.396000e+002
    endloop
  endfacet
  facet normal -2.702059e-001  9.628026e-001  0.000000e+000
    outer loop
      vertex  4.500000e+000 -2.408319e+001  1.046000e+002
      vertex  8.687819e+000 -2.290790e+001  1.396000e+002
      vertex  8.687819e+000 -2.290790e+001  1.046000e+002
    endloop
  endfacet
  facet normal -4.647231e-001  8.854561e-001  0.000000e+000
    outer loop
      vertex  8.687819e+000 -2.290790e+001  1.046000e+002
      vertex  8.687819e+000 -2.290790e+001  1.396000e+002
      vertex  1.391759e+001 -2.016311e+001  1.396000e+002
    endloop
  endfacet
  facet normal -4.647231e-001  8.854561e-001  0.000000e+000
    outer loop
      vertex  8.687819e+000 -2.290790e+001  1.046000e+002
      vertex  1.391759e+001 -2.016311e+001  1.396000e+002
      vertex  1.391759e+001 -2.016311e+001  1.046000e+002
    endloop
  endfacet
  facet normal -6.631227e-001  7.485107e-001  0.000000e+000
    outer loop
      vertex  1.391759e+001 -2.016311e+001  1.046000e+002
      vertex  1.391759e+001 -2.016311e+001  1.396000e+002
      vertex  1.833851e+001 -1.624651e+001  1.396000e+002
    endloop
  endfacet
  facet normal -6.631227e-001  7.485107e-001  0.000000e+000
    outer loop
      vertex  1.391759e+001 -2.016311e+001  1.046000e+002
      vertex  1.833851e+001 -1.624651e+001  1.396000e+002
      vertex  1.833851e+001 -1.624651e+001  1.046000e+002
    endloop
  endfacet
  facet normal -8.229838e-001  5.680647e-001  0.000000e+000
    outer loop
      vertex  1.833851e+001 -1.624651e+001  1.046000e+002
      vertex  1.833851e+001 -1.624651e+001  1.396000e+002
      vertex  2.169367e+001 -1.138572e+001  1.396000e+002
    endloop
  endfacet
  facet normal -8.229838e-001  5.680647e-001  0.000000e+000
    outer loop
      vertex  1.833851e+001 -1.624651e+001  1.046000e+002
      vertex  2.169367e+001 -1.138572e+001  1.396000e+002
      vertex  2.169367e+001 -1.138572e+001  1.046000e+002
    endloop
  endfacet
  facet normal -9.350162e-001  3.546050e-001  0.000000e+000
    outer loop
      vertex  2.169367e+001 -1.138572e+001  1.046000e+002
      vertex  2.169367e+001 -1.138572e+001  1.396000e+002
      vertex  2.378807e+001 -5.863234e+000  1.396000e+002
    endloop
  endfacet
  facet normal -9.350162e-001  3.546050e-001  0.000000e+000
    outer loop
      vertex  2.169367e+001 -1.138572e+001  1.046000e+002
      vertex  2.378807e+001 -5.863234e+000  1.396000e+002
      vertex  2.378807e+001 -5.863234e+000  1.046000e+002
    endloop
  endfacet
  facet normal -1.285444e-001  9.917037e-001  3.573008e-004
    outer loop
      vertex  3.873777e+000 -2.419181e+001  1.068899e+002
      vertex  2.440079e+000 -2.437819e+001  1.083810e+002
      vertex  3.278742e+000 -2.427962e+001  1.365178e+002
    endloop
  endfacet
  facet normal -9.835459e-002  9.951514e-001 -5.546337e-004
    outer loop
      vertex  3.278742e+000 -2.427962e+001  1.365178e+002
      vertex  2.440079e+000 -2.437819e+001  1.083810e+002
      vertex  1.555425e+000 -2.445057e+001  1.353774e+002
    endloop
  endfacet
  facet normal -5.950458e-002  9.982278e-001  7.267062e-004
    outer loop
      vertex  2.440079e+000 -2.437819e+001  1.083810e+002
      vertex  4.858746e-001 -2.449518e+001  1.090737e+002
      vertex  1.555425e+000 -2.445057e+001  1.353774e+002
    endloop
  endfacet
  facet normal -2.174739e-002  9.997631e-001 -8.111665e-004
    outer loop
      vertex  1.555425e+000 -2.445057e+001  1.353774e+002
      vertex  4.858746e-001 -2.449518e+001  1.090737e+002
      vertex -4.858746e-001 -2.449518e+001  1.351263e+002
    endloop
  endfacet
  facet normal  9.835459e-002  9.951514e-001  5.546336e-004
    outer loop
      vertex -3.278742e+000 -2.427962e+001  1.076822e+002
      vertex -2.440079e+000 -2.437819e+001  1.358190e+002
      vertex -1.555425e+000 -2.445057e+001  1.088226e+002
    endloop
  endfacet
  facet normal  5.950458e-002  9.982278e-001 -7.267063e-004
    outer loop
      vertex -1.555425e+000 -2.445057e+001  1.088226e+002
      vertex -2.440079e+000 -2.437819e+001  1.358190e+002
      vertex -4.858746e-001 -2.449518e+001  1.351263e+002
    endloop
  endfacet
  facet normal  2.174739e-002  9.997631e-001  8.111665e-004
    outer loop
      vertex -1.555425e+000 -2.445057e+001  1.088226e+002
      vertex -4.858746e-001 -2.449518e+001  1.351263e+002
      vertex  4.858746e-001 -2.449518e+001  1.090737e+002
    endloop
  endfacet
  facet normal  2.702059e-001  9.628026e-001  0.000000e+000
    outer loop
      vertex -8.687819e+000 -2.290790e+001  1.046000e+002
      vertex -4.500000e+000 -2.408319e+001  1.396000e+002
      vertex -4.500000e+000 -2.408319e+001  1.046000e+002
    endloop
  endfacet
  facet normal  1.709090e-001  9.852868e-001  -0.000000e+000
    outer loop
      vertex -4.500000e+000 -2.408319e+001  1.046000e+002
      vertex -4.500000e+000 -2.408319e+001  1.396000e+002
      vertex -3.873777e+000 -2.419181e+001  1.373101e+002
    endloop
  endfacet
  facet normal  1.811974e-001  9.834467e-001 -2.030800e-004
    outer loop
      vertex -4.500000e+000 -2.408319e+001  1.046000e+002
      vertex -3.873777e+000 -2.419181e+001  1.373101e+002
      vertex -4.312542e+000 -2.411746e+001  1.058853e+002
    endloop
  endfacet
  facet normal  1.294606e-001  9.915844e-001  5.385453e-004
    outer loop
      vertex -4.312542e+000 -2.411746e+001  1.058853e+002
      vertex -3.873777e+000 -2.419181e+001  1.373101e+002
      vertex -2.440079e+000 -2.437819e+001  1.358190e+002
    endloop
  endfacet
  facet normal  1.570292e-001  9.875932e-001 -1.220735e-003
    outer loop
      vertex -4.312542e+000 -2.411746e+001  1.058853e+002
      vertex -2.440079e+000 -2.437819e+001  1.358190e+002
      vertex -3.278742e+000 -2.427962e+001  1.076822e+002
    endloop
  endfacet
  facet normal  2.702059e-001  9.628026e-001  -0.000000e+000
    outer loop
      vertex -4.500000e+000 -2.408319e+001  1.396000e+002
      vertex -8.687819e+000 -2.290790e+001  1.046000e+002
      vertex -8.687819e+000 -2.290790e+001  1.396000e+002
    endloop
  endfacet
  facet normal  4.647231e-001  8.854561e-001  0.000000e+000
    outer loop
      vertex -8.687819e+000 -2.290790e+001  1.396000e+002
      vertex -8.687819e+000 -2.290790e+001  1.046000e+002
      vertex -1.391759e+001 -2.016311e+001  1.046000e+002
    endloop
  endfacet
  facet normal  4.647231e-001  8.854561e-001  -0.000000e+000
    outer loop
      vertex -8.687819e+000 -2.290790e+001  1.396000e+002
      vertex -1.391759e+001 -2.016311e+001  1.046000e+002
      vertex -1.391759e+001 -2.016311e+001  1.396000e+002
    endloop
  endfacet
  facet normal  6.631227e-001  7.485107e-001  0.000000e+000
    outer loop
      vertex -1.391759e+001 -2.016311e+001  1.396000e+002
      vertex -1.391759e+001 -2.016311e+001  1.046000e+002
      vertex -1.833851e+001 -1.624651e+001  1.046000e+002
    endloop
  endfacet
  facet normal  6.631227e-001  7.485107e-001  -0.000000e+000
    outer loop
      vertex -1.391759e+001 -2.016311e+001  1.396000e+002
      vertex -1.833851e+001 -1.624651e+001  1.046000e+002
      vertex -1.833851e+001 -1.624651e+001  1.396000e+002
    endloop
  endfacet
  facet normal  8.229838e-001  5.680647e-001  0.000000e+000
    outer loop
      vertex -1.833851e+001 -1.624651e+001  1.396000e+002
      vertex -1.833851e+001 -1.624651e+001  1.046000e+002
      vertex -2.169367e+001 -1.138572e+001  1.046000e+002
    endloop
  endfacet
  facet normal  8.229838e-001  5.680647e-001  -0.000000e+000
    outer loop
      vertex -1.833851e+001 -1.624651e+001  1.396000e+002
      vertex -2.169367e+001 -1.138572e+001  1.046000e+002
      vertex -2.169367e+001 -1.138572e+001  1.396000e+002
    endloop
  endfacet
  facet normal  9.350162e-001  3.546050e-001  0.000000e+000
    outer loop
      vertex -2.169367e+001 -1.138572e+001  1.396000e+002
      vertex -2.169367e+001 -1.138572e+001  1.046000e+002
      vertex -2.378807e+001 -5.863234e+000  1.046000e+002
    endloop
  endfacet
  facet normal  9.350162e-001  3.546050e-001  -0.000000e+000
    outer loop
      vertex -2.169367e+001 -1.138572e+001  1.396000e+002
      vertex -2.378807e+001 -5.863234e+000  1.046000e+002
      vertex -2.378807e+001 -5.863234e+000  1.396000e+002
    endloop
  endfacet
  facet normal -1.546565e-001  9.879683e-001 -1.781939e-004
    outer loop
      vertex  3.278742e+000 -2.427962e+001  1.715178e+002
      vertex  4.312542e+000 -2.411746e+001  1.733147e+002
      vertex  3.873777e+000 -2.419181e+001  1.418900e+002
    endloop
  endfacet
  facet normal -1.811974e-001  9.834466e-001  2.030801e-004
    outer loop
      vertex  3.873777e+000 -2.419181e+001  1.418900e+002
      vertex  4.312542e+000 -2.411746e+001  1.733147e+002
      vertex  4.500000e+000 -2.408319e+001  1.746000e+002
    endloop
  endfacet
  facet normal -1.709090e-001  9.852868e-001  0.000000e+000
    outer loop
      vertex  3.873777e+000 -2.419181e+001  1.418900e+002
      vertex  4.500000e+000 -2.408319e+001  1.746000e+002
      vertex  4.500000e+000 -2.408319e+001  1.396000e+002
    endloop
  endfacet
  facet normal -2.702058e-001  9.628025e-001  0.000000e+000
    outer loop
      vertex  4.500000e+000 -2.408319e+001  1.396000e+002
      vertex  4.500000e+000 -2.408319e+001  1.746000e+002
      vertex  8.687819e+000 -2.290790e+001  1.746000e+002
    endloop
  endfacet
  facet normal -2.702058e-001  9.628025e-001  0.000000e+000
    outer loop
      vertex  4.500000e+000 -2.408319e+001  1.396000e+002
      vertex  8.687819e+000 -2.290790e+001  1.746000e+002
      vertex  8.687819e+000 -2.290790e+001  1.396000e+002
    endloop
  endfacet
  facet normal -4.647231e-001  8.854560e-001  0.000000e+000
    outer loop
      vertex  8.687819e+000 -2.290790e+001  1.396000e+002
      vertex  8.687819e+000 -2.290790e+001  1.746000e+002
      vertex  1.391759e+001 -2.016311e+001  1.746000e+002
    endloop
  endfacet
  facet normal -4.647231e-001  8.854560e-001  0.000000e+000
    outer loop
      vertex  8.687819e+000 -2.290790e+001  1.396000e+002
      vertex  1.391759e+001 -2.016311e+001  1.746000e+002
      vertex  1.391759e+001 -2.016311e+001  1.396000e+002
    endloop
  endfacet
  facet normal -6.631228e-001  7.485107e-001  0.000000e+000
    outer loop
      vertex  1.391759e+001 -2.016311e+001  1.396000e+002
      vertex  1.391759e+001 -2.016311e+001  1.746000e+002
      vertex  1.833851e+001 -1.624651e+001  1.746000e+002
    endloop
  endfacet
  facet normal -6.631228e-001  7.485107e-001  0.000000e+000
    outer loop
      vertex  1.391759e+001 -2.016311e+001  1.396000e+002
      vertex  1.833851e+001 -1.624651e+001  1.746000e+002
      vertex  1.833851e+001 -1.624651e+001  1.396000e+002
    endloop
  endfacet
  facet normal -8.229839e-001  5.680647e-001  0.000000e+000
    outer loop
      vertex  1.833851e+001 -1.624651e+001  1.396000e+002
      vertex  1.833851e+001 -1.624651e+001  1.746000e+002
      vertex  2.169367e+001 -1.138572e+001  1.746000e+002
    endloop
  endfacet
  facet normal -8.229839e-001  5.680647e-001  0.000000e+000
    outer loop
      vertex  1.833851e+001 -1.624651e+001  1.396000e+002
      vertex  2.169367e+001 -1.138572e+001  1.746000e+002
      vertex  2.169367e+001 -1.138572e+001  1.396000e+002
    endloop
  endfacet
  facet normal -9.350162e-001  3.546050e-001  0.000000e+000
    outer loop
      vertex  2.169367e+001 -1.138572e+001  1.396000e+002
      vertex  2.169367e+001 -1.138572e+001  1.746000e+002
      vertex  2.378807e+001 -5.863234e+000  1.746000e+002
    endloop
  endfacet
  facet normal -9.350162e-001  3.546050e-001  0.000000e+000
    outer loop
      vertex  2.169367e+001 -1.138572e+001  1.396000e+002
      vertex  2.378807e+001 -5.863234e+000  1.746000e+002
      vertex  2.378807e+001 -5.863234e+000  1.396000e+002
    endloop
  endfacet
  facet normal -1.285444e-001  9.917037e-001  3.573009e-004
    outer loop
      vertex  3.873777e+000 -2.419181e+001  1.418900e+002
      vertex  2.440079e+000 -2.437819e+001  1.433810e+002
      vertex  3.278742e+000 -2.427962e+001  1.715178e+002
    endloop
  endfacet
  facet normal -9.835459e-002  9.951513e-001 -5.546339e-004
    outer loop
      vertex  3.278742e+000 -2.427962e+001  1.715178e+002
      vertex  2.440079e+000 -2.437819e+001  1.433810e+002
      vertex  1.555425e+000 -2.445057e+001  1.703774e+002
    endloop
  endfacet
  facet normal -5.950458e-002  9.982277e-001  7.267064e-004
    outer loop
      vertex  2.440079e+000 -2.437819e+001  1.433810e+002
      vertex  4.858746e-001 -2.449518e+001  1.440737e+002
      vertex  1.555425e+000 -2.445057e+001  1.703774e+002
    endloop
  endfacet
  facet normal -2.174739e-002  9.997631e-001 -8.111668e-004
    outer loop
      vertex  1.555425e+000 -2.445057e+001  1.703774e+002
      vertex  4.858746e-001 -2.449518e+001  1.440737e+002
      vertex -4.858746e-001 -2.449518e+001  1.701263e+002
    endloop
  endfacet
  facet normal  6.055889e-002  9.981620e-001  2.258816e-003
    outer loop
      vertex -4.858746e-001 -2.449518e+001  1.701263e+002
      vertex  4.858746e-001 -2.449518e+001  1.440737e+002
      vertex -2.440079e+000 -2.437819e+001  1.708190e+002
    endloop
  endfacet
  facet normal  2.208765e-002  9.997541e-001 -1.956929e-003
    outer loop
      vertex -2.440079e+000 -2.437819e+001  1.708190e+002
      vertex  4.858746e-001 -2.449518e+001  1.440737e+002
      vertex -1.555425e+000 -2.445057e+001  1.438226e+002
    endloop
  endfacet
  facet normal  9.141056e-001  4.054704e-001  2.155899e-003
    outer loop
      vertex -2.258733e+001 -9.490120e+000  1.620000e+002
      vertex -2.169367e+001 -1.138572e+001  1.396000e+002
      vertex -2.264967e+001 -9.340359e+000  1.602659e+002
    endloop
  endfacet
  facet normal  9.349851e-001  3.545932e-001  8.157256e-003
    outer loop
      vertex -2.264967e+001 -9.340359e+000  1.602659e+002
      vertex -2.169367e+001 -1.138572e+001  1.396000e+002
      vertex -2.378807e+001 -5.863234e+000  1.396000e+002
    endloop
  endfacet
  facet normal  8.962335e-001  4.428692e-001  2.514476e-002
    outer loop
      vertex -2.264967e+001 -9.340359e+000  1.602659e+002
      vertex -2.378807e+001 -5.863234e+000  1.396000e+002
      vertex -2.288966e+001 -8.735759e+000  1.581710e+002
    endloop
  endfacet
  facet normal -1.762408e-001  9.843459e-001 -1.502696e-003
    outer loop
      vertex  3.873777e+000 -2.419181e+001  1.768900e+002
      vertex  2.953149e+000 -2.432137e+001  2.000000e+002
      vertex  4.500000e+000 -2.408319e+001  1.746000e+002
    endloop
  endfacet
  facet normal -2.393121e-001  9.709273e-001 -5.469546e-003
    outer loop
      vertex  4.500000e+000 -2.408319e+001  1.746000e+002
      vertex  2.953149e+000 -2.432137e+001  2.000000e+002
      vertex  8.687819e+000 -2.290790e+001  2.000000e+002
    endloop
  endfacet
  facet normal -2.702059e-001  9.628026e-001  0.000000e+000
    outer loop
      vertex  4.500000e+000 -2.408319e+001  1.746000e+002
      vertex  8.687819e+000 -2.290790e+001  2.000000e+002
      vertex  8.687819e+000 -2.290790e+001  1.746000e+002
    endloop
  endfacet
  facet normal -4.647231e-001  8.854560e-001  0.000000e+000
    outer loop
      vertex  8.687819e+000 -2.290790e+001  1.746000e+002
      vertex  8.687819e+000 -2.290790e+001  2.000000e+002
      vertex  1.391759e+001 -2.016311e+001  2.000000e+002
    endloop
  endfacet
  facet normal -4.647231e-001  8.854560e-001  0.000000e+000
    outer loop
      vertex  8.687819e+000 -2.290790e+001  1.746000e+002
      vertex  1.391759e+001 -2.016311e+001  2.000000e+002
      vertex  1.391759e+001 -2.016311e+001  1.746000e+002
    endloop
  endfacet
  facet normal -6.631227e-001  7.485107e-001  0.000000e+000
    outer loop
      vertex  1.391759e+001 -2.016311e+001  1.746000e+002
      vertex  1.391759e+001 -2.016311e+001  2.000000e+002
      vertex  1.833851e+001 -1.624651e+001  2.000000e+002
    endloop
  endfacet
  facet normal -6.631227e-001  7.485107e-001  0.000000e+000
    outer loop
      vertex  1.391759e+001 -2.016311e+001  1.746000e+002
      vertex  1.833851e+001 -1.624651e+001  2.000000e+002
      vertex  1.833851e+001 -1.624651e+001  1.746000e+002
    endloop
  endfacet
  facet normal -8.229839e-001  5.680647e-001  0.000000e+000
    outer loop
      vertex  1.833851e+001 -1.624651e+001  1.746000e+002
      vertex  1.833851e+001 -1.624651e+001  2.000000e+002
      vertex  2.169367e+001 -1.138572e+001  2.000000e+002
    endloop
  endfacet
  facet normal -8.229839e-001  5.680647e-001  0.000000e+000
    outer loop
      vertex  1.833851e+001 -1.624651e+001  1.746000e+002
      vertex  2.169367e+001 -1.138572e+001  2.000000e+002
      vertex  2.169367e+001 -1.138572e+001  1.746000e+002
    endloop
  endfacet
  facet normal -9.350162e-001  3.546050e-001  0.000000e+000
    outer loop
      vertex  2.169367e+001 -1.138572e+001  1.746000e+002
      vertex  2.169367e+001 -1.138572e+001  2.000000e+002
      vertex  2.378807e+001 -5.863234e+000  2.000000e+002
    endloop
  endfacet
  facet normal -9.350162e-001  3.546050e-001  0.000000e+000
    outer loop
      vertex  2.169367e+001 -1.138572e+001  1.746000e+002
      vertex  2.378807e+001 -5.863234e+000  2.000000e+002
      vertex  2.378807e+001 -5.863234e+000  1.746000e+002
    endloop
  endfacet
  facet normal  9.281415e-001  3.719545e-001 -1.425285e-002
    outer loop
      vertex -2.314702e+001 -8.029051e+000  1.852245e+002
      vertex -2.378807e+001 -5.863234e+000  2.000000e+002
      vertex -2.282234e+001 -8.910142e+000  1.833734e+002
    endloop
  endfacet
  facet normal  9.349630e-001  3.545848e-001 -1.067356e-002
    outer loop
      vertex -2.282234e+001 -8.910142e+000  1.833734e+002
      vertex -2.378807e+001 -5.863234e+000  2.000000e+002
      vertex -2.169367e+001 -1.138572e+001  2.000000e+002
    endloop
  endfacet
  facet normal  9.098938e-001  4.148414e-001  0.000000e+000
    outer loop
      vertex -2.282234e+001 -8.910142e+000  1.833734e+002
      vertex -2.169367e+001 -1.138572e+001  2.000000e+002
      vertex -2.169367e+001 -1.138572e+001  1.746000e+002
    endloop
  endfacet
  facet normal  8.229839e-001  5.680647e-001  -0.000000e+000
    outer loop
      vertex -2.169367e+001 -1.138572e+001  1.746000e+002
      vertex -2.169367e+001 -1.138572e+001  2.000000e+002
      vertex -1.833851e+001 -1.624651e+001  2.000000e+002
    endloop
  endfacet
  facet normal  8.229839e-001  5.680647e-001  0.000000e+000
    outer loop
      vertex -2.169367e+001 -1.138572e+001  1.746000e+002
      vertex -1.833851e+001 -1.624651e+001  2.000000e+002
      vertex -1.833851e+001 -1.624651e+001  1.746000e+002
    endloop
  endfacet
  facet normal  6.631227e-001  7.485107e-001  -0.000000e+000
    outer loop
      vertex -1.833851e+001 -1.624651e+001  1.746000e+002
      vertex -1.833851e+001 -1.624651e+001  2.000000e+002
      vertex -1.391759e+001 -2.016311e+001  2.000000e+002
    endloop
  endfacet
  facet normal  6.631227e-001  7.485107e-001  0.000000e+000
    outer loop
      vertex -1.833851e+001 -1.624651e+001  1.746000e+002
      vertex -1.391759e+001 -2.016311e+001  2.000000e+002
      vertex -1.391759e+001 -2.016311e+001  1.746000e+002
    endloop
  endfacet
  facet normal  4.647231e-001  8.854560e-001  -0.000000e+000
    outer loop
      vertex -1.391759e+001 -2.016311e+001  1.746000e+002
      vertex -1.391759e+001 -2.016311e+001  2.000000e+002
      vertex -8.687819e+000 -2.290790e+001  2.000000e+002
    endloop
  endfacet
  facet normal  4.647231e-001  8.854560e-001  0.000000e+000
    outer loop
      vertex -1.391759e+001 -2.016311e+001  1.746000e+002
      vertex -8.687819e+000 -2.290790e+001  2.000000e+002
      vertex -8.687819e+000 -2.290790e+001  1.746000e+002
    endloop
  endfacet
  facet normal  9.752421e-001  2.211352e-001  1.476312e-003
    outer loop
      vertex -2.363516e+001 -6.452066e+000  1.871866e+002
      vertex -2.409726e+001 -4.424055e+000  1.886700e+002
      vertex -2.378807e+001 -5.863234e+000  2.000000e+002
    endloop
  endfacet
  facet normal  9.914683e-001  1.299212e-001 -1.055282e-002
    outer loop
      vertex -2.378807e+001 -5.863234e+000  2.000000e+002
      vertex -2.409726e+001 -4.424055e+000  1.886700e+002
      vertex -2.443742e+001 -1.750053e+000  1.896319e+002
    endloop
  endfacet
  facet normal  9.926066e-001  1.205243e-001 -1.435200e-002
    outer loop
      vertex -2.378807e+001 -5.863234e+000  2.000000e+002
      vertex -2.443742e+001 -1.750053e+000  1.896319e+002
      vertex -2.450000e+001  3.000385e-015  2.000000e+002
    endloop
  endfacet
  facet normal  2.229248e-002 -9.997448e-001  3.624037e-003
    outer loop
      vertex  4.858746e-001  2.449518e+001  6.512630e+001
      vertex -1.555425e+000  2.445057e+001  6.537737e+001
      vertex  2.953149e+000  2.432137e+001  2.000000e+000
    endloop
  endfacet
  facet normal -5.990506e-002 -9.982041e-001  4.071271e-004
    outer loop
      vertex  2.440079e+000  2.437819e+001  6.581899e+001
      vertex  4.858746e-001  2.449518e+001  6.512630e+001
      vertex  2.953149e+000  2.432137e+001  2.000000e+000
    endloop
  endfacet
  facet normal -1.287542e-001 -9.916766e-001 -1.521936e-004
    outer loop
      vertex  3.873777e+000  2.419181e+001  6.731005e+001
      vertex  2.440079e+000  2.437819e+001  6.581899e+001
      vertex  2.953149e+000  2.432137e+001  2.000000e+000
    endloop
  endfacet
  facet normal  9.910700e-001 -1.331034e-001  7.988082e-003
    outer loop
      vertex -2.407984e+001  4.517904e+000  1.533818e+002
      vertex -2.442994e+001  1.851431e+000  1.523883e+002
      vertex -2.378807e+001  5.863234e+000  1.396000e+002
    endloop
  endfacet
  facet normal  9.754885e-001 -2.200488e-001 -8.290936e-004
    outer loop
      vertex -2.378807e+001  5.863234e+000  1.396000e+002
      vertex -2.368014e+001  6.284966e+000  1.546572e+002
      vertex -2.407984e+001  4.517904e+000  1.533818e+002
    endloop
  endfacet
  facet normal  1.284577e-001 -9.917150e-001  4.421348e-004
    outer loop
      vertex -2.440079e+000  2.437819e+001  1.783810e+002
      vertex -2.953149e+000  2.432137e+001  2.000000e+002
      vertex -3.873777e+000  2.419181e+001  1.768900e+002
    endloop
  endfacet
  facet normal  9.927089e-001 -1.205367e-001  0.000000e+000
    outer loop
      vertex -2.450000e+001  3.000385e-015  2.000000e+000
      vertex -2.378807e+001  5.863234e+000  2.000000e+000
      vertex -2.378807e+001  5.863234e+000  6.960000e+001
    endloop
  endfacet
  facet normal  9.927089e-001 -1.205367e-001  0.000000e+000
    outer loop
      vertex -2.450000e+001  3.000385e-015  2.000000e+000
      vertex -2.378807e+001  5.863234e+000  6.960000e+001
      vertex -2.378807e+001  5.863234e+000  1.046000e+002
    endloop
  endfacet
  facet normal  9.927089e-001 -1.205367e-001  0.000000e+000
    outer loop
      vertex -2.450000e+001  3.000385e-015  2.000000e+000
      vertex -2.378807e+001  5.863234e+000  1.046000e+002
      vertex -2.378807e+001  5.863234e+000  1.396000e+002
    endloop
  endfacet
  facet normal  9.881414e-001 -1.535401e-001  1.429929e-003
    outer loop
      vertex -2.450000e+001  3.000385e-015  2.000000e+000
      vertex -2.378807e+001  5.863234e+000  1.396000e+002
      vertex -2.442994e+001  1.851431e+000  1.523883e+002
    endloop
  endfacet
  facet normal  9.992849e-001 -3.781124e-002  0.000000e+000
    outer loop
      vertex -2.450000e+001  3.000385e-015  2.000000e+000
      vertex -2.442994e+001  1.851431e+000  1.523883e+002
      vertex -2.450000e+001  3.000385e-015  1.522000e+002
    endloop
  endfacet
  facet normal -9.927089e-001 -1.205367e-001  -0.000000e+000
    outer loop
      vertex  2.450000e+001 -6.000769e-015  2.000000e+000
      vertex  2.450000e+001 -6.000769e-015  2.000000e+002
      vertex  2.378807e+001  5.863234e+000  1.746000e+002
    endloop
  endfacet
  facet normal -9.927089e-001 -1.205367e-001  -0.000000e+000
    outer loop
      vertex  2.450000e+001 -6.000769e-015  2.000000e+000
      vertex  2.378807e+001  5.863234e+000  1.746000e+002
      vertex  2.378807e+001  5.863234e+000  1.396000e+002
    endloop
  endfacet
  facet normal -9.927089e-001 -1.205367e-001  -0.000000e+000
    outer loop
      vertex  2.450000e+001 -6.000769e-015  2.000000e+000
      vertex  2.378807e+001  5.863234e+000  1.396000e+002
      vertex  2.378807e+001  5.863234e+000  1.046000e+002
    endloop
  endfacet
  facet normal -9.927089e-001 -1.205367e-001  -0.000000e+000
    outer loop
      vertex  2.450000e+001 -6.000769e-015  2.000000e+000
      vertex  2.378807e+001  5.863234e+000  1.046000e+002
      vertex  2.378807e+001  5.863234e+000  6.960000e+001
    endloop
  endfacet
  facet normal -9.927089e-001 -1.205367e-001  -0.000000e+000
    outer loop
      vertex  2.450000e+001 -6.000769e-015  2.000000e+000
      vertex  2.378807e+001  5.863234e+000  6.960000e+001
      vertex  2.378807e+001  5.863234e+000  2.000000e+000
    endloop
  endfacet
  facet normal  9.045216e-001 -4.264279e-001  0.000000e+000
    outer loop
      vertex -2.169367e+001  1.138572e+001  1.396000e+002
      vertex -2.169367e+001  1.138572e+001  1.746000e+002
      vertex -2.258733e+001  9.490119e+000  1.620000e+002
    endloop
  endfacet
  facet normal  9.140171e-001 -4.056702e-001  2.135452e-003
    outer loop
      vertex -2.169367e+001  1.138572e+001  1.396000e+002
      vertex -2.258733e+001  9.490119e+000  1.620000e+002
      vertex -2.264786e+001  9.344753e+000  1.602913e+002
    endloop
  endfacet
  facet normal  9.235082e-001 -3.835494e-001  4.755107e-003
    outer loop
      vertex -2.169367e+001  1.138572e+001  1.396000e+002
      vertex -2.264786e+001  9.344753e+000  1.602913e+002
      vertex -2.288585e+001  8.745729e+000  1.581953e+002
    endloop
  endfacet
  facet normal  9.358048e-001 -3.523775e-001  9.968959e-003
    outer loop
      vertex -2.169367e+001  1.138572e+001  1.396000e+002
      vertex -2.288585e+001  8.745729e+000  1.581953e+002
      vertex -2.325205e+001  7.719585e+000  1.562998e+002
    endloop
  endfacet
  facet normal  9.511441e-001 -3.080228e-001  2.113765e-002
    outer loop
      vertex -2.169367e+001  1.138572e+001  1.396000e+002
      vertex -2.325205e+001  7.719585e+000  1.562998e+002
      vertex -2.368014e+001  6.284966e+000  1.546572e+002
    endloop
  endfacet
  facet normal  9.350113e-001 -3.546031e-001  3.229760e-003
    outer loop
      vertex -2.169367e+001  1.138572e+001  1.396000e+002
      vertex -2.368014e+001  6.284966e+000  1.546572e+002
      vertex -2.378807e+001  5.863234e+000  1.396000e+002
    endloop
  endfacet
  facet normal  9.927089e-001 -1.205367e-001  0.000000e+000
    outer loop
      vertex -2.378807e+001  5.863234e+000  2.000000e+002
      vertex -2.450000e+001  3.000385e-015  2.000000e+002
      vertex -2.450000e+001  3.000385e-015  1.898000e+002
    endloop
  endfacet
  facet normal  9.969212e-001 -7.348900e-002 -2.733828e-002
    outer loop
      vertex -2.378807e+001  5.863234e+000  2.000000e+002
      vertex -2.450000e+001  3.000385e-015  1.898000e+002
      vertex -2.427074e+001  3.343816e+000  1.891715e+002
    endloop
  endfacet
  facet normal  9.845202e-001 -1.752438e-001 -3.110681e-003
    outer loop
      vertex -2.378807e+001  5.863234e+000  2.000000e+002
      vertex -2.427074e+001  3.343816e+000  1.891715e+002
      vertex -2.395044e+001  5.160085e+000  1.882247e+002
    endloop
  endfacet
  facet normal  9.653781e-001 -2.608446e-001  2.264834e-003
    outer loop
      vertex -2.378807e+001  5.863234e+000  2.000000e+002
      vertex -2.395044e+001  5.160085e+000  1.882247e+002
      vertex -2.325712e+001  7.704303e+000  1.857222e+002
    endloop
  endfacet
  facet normal  9.349601e-001 -3.545837e-001 -1.095367e-002
    outer loop
      vertex -2.378807e+001  5.863234e+000  2.000000e+002
      vertex -2.325712e+001  7.704303e+000  1.857222e+002
      vertex -2.169367e+001  1.138572e+001  2.000000e+002
    endloop
  endfacet
  facet normal  9.352708e-001 -3.537557e-001 -1.120119e-002
    outer loop
      vertex -2.169367e+001  1.138572e+001  2.000000e+002
      vertex -2.325712e+001  7.704303e+000  1.857222e+002
      vertex -2.288966e+001  8.735759e+000  1.838290e+002
    endloop
  endfacet
  facet normal  9.230757e-001 -3.845827e-001 -5.247606e-003
    outer loop
      vertex -2.169367e+001  1.138572e+001  2.000000e+002
      vertex -2.288966e+001  8.735759e+000  1.838290e+002
      vertex -2.264967e+001  9.340359e+000  1.817341e+002
    endloop
  endfacet
  facet normal  9.135755e-001 -4.066628e-001 -2.277919e-003
    outer loop
      vertex -2.169367e+001  1.138572e+001  2.000000e+002
      vertex -2.264967e+001  9.340359e+000  1.817341e+002
      vertex -2.258733e+001  9.490120e+000  1.800000e+002
    endloop
  endfacet
  facet normal  9.045214e-001 -4.264283e-001  2.259298e-008
    outer loop
      vertex -2.169367e+001  1.138572e+001  2.000000e+002
      vertex -2.258733e+001  9.490120e+000  1.800000e+002
      vertex -2.258733e+001  9.490119e+000  1.620000e+002
    endloop
  endfacet
  facet normal  9.045216e-001 -4.264280e-001  0.000000e+000
    outer loop
      vertex -2.169367e+001  1.138572e+001  2.000000e+002
      vertex -2.258733e+001  9.490119e+000  1.620000e+002
      vertex -2.169367e+001  1.138572e+001  1.746000e+002
    endloop
  endfacet
  facet normal  0.000000e+000 -9.999965e-001 -2.628232e-003
    outer loop
      vertex  2.953149e+000  2.432137e+001  2.000000e+002
      vertex -2.953149e+000  2.432137e+001  2.000000e+002
      vertex -2.440079e+000  2.437819e+001  1.783810e+002
    endloop
  endfacet
  facet normal  6.653755e-002 -9.975988e-001 -1.922086e-002
    outer loop
      vertex  2.953149e+000  2.432137e+001  2.000000e+002
      vertex -2.440079e+000  2.437819e+001  1.783810e+002
      vertex -4.858746e-001  2.449518e+001  1.790737e+002
    endloop
  endfacet
  facet normal -2.241487e-002 -9.997381e-001 -4.620214e-003
    outer loop
      vertex  2.953149e+000  2.432137e+001  2.000000e+002
      vertex -4.858746e-001  2.449518e+001  1.790737e+002
      vertex  1.555425e+000  2.445057e+001  1.788226e+002
    endloop
  endfacet
  facet normal -9.843922e-002 -9.951429e-001  4.254900e-004
    outer loop
      vertex  2.953149e+000  2.432137e+001  2.000000e+002
      vertex  1.555425e+000  2.445057e+001  1.788226e+002
      vertex  3.278742e+000  2.427962e+001  1.776822e+002
    endloop
  endfacet
  facet normal -1.556768e-001 -9.878079e-001 -4.232677e-004
    outer loop
      vertex  2.953149e+000  2.432137e+001  2.000000e+002
      vertex  3.278742e+000  2.427962e+001  1.776822e+002
      vertex  4.312542e+000  2.411746e+001  1.758853e+002
    endloop
  endfacet
  facet normal -1.994289e-001 -9.799080e-001 -2.956459e-003
    outer loop
      vertex  2.953149e+000  2.432137e+001  2.000000e+002
      vertex  4.312542e+000  2.411746e+001  1.758853e+002
      vertex  4.500000e+000  2.408319e+001  1.746000e+002
    endloop
  endfacet
  facet normal -2.701984e-001 -9.627761e-001 -7.426948e-003
    outer loop
      vertex  2.953149e+000  2.432137e+001  2.000000e+002
      vertex  4.500000e+000  2.408319e+001  1.746000e+002
      vertex  8.687819e+000  2.290790e+001  1.746000e+002
    endloop
  endfacet
  facet normal -2.393157e-001 -9.709419e-001  0.000000e+000
    outer loop
      vertex  2.953149e+000  2.432137e+001  2.000000e+002
      vertex  8.687819e+000  2.290790e+001  1.746000e+002
      vertex  8.687819e+000  2.290790e+001  2.000000e+002
    endloop
  endfacet
  facet normal  1.849541e-001 -9.827469e-001  7.696380e-004
    outer loop
      vertex -4.312542e+000  2.411746e+001  6.831470e+001
      vertex -4.500000e+000  2.408319e+001  6.960000e+001
      vertex -2.953149e+000  2.432137e+001  2.000000e+000
    endloop
  endfacet
  facet normal  2.702048e-001 -9.627988e-001  2.790665e-003
    outer loop
      vertex -2.953149e+000  2.432137e+001  2.000000e+000
      vertex -4.500000e+000  2.408319e+001  6.960000e+001
      vertex -8.687819e+000  2.290790e+001  6.960000e+001
    endloop
  endfacet
  facet normal  2.393156e-001 -9.709417e-001  0.000000e+000
    outer loop
      vertex -2.953149e+000  2.432137e+001  2.000000e+000
      vertex -8.687819e+000  2.290790e+001  6.960000e+001
      vertex -8.687819e+000  2.290790e+001  2.000000e+000
    endloop
  endfacet
  facet normal  4.647231e-001 -8.854561e-001  0.000000e+000
    outer loop
      vertex -8.687819e+000  2.290790e+001  2.000000e+000
      vertex -8.687819e+000  2.290790e+001  6.960000e+001
      vertex -1.391759e+001  2.016311e+001  6.960000e+001
    endloop
  endfacet
  facet normal  4.647231e-001 -8.854561e-001  0.000000e+000
    outer loop
      vertex -8.687819e+000  2.290790e+001  2.000000e+000
      vertex -1.391759e+001  2.016311e+001  6.960000e+001
      vertex -1.391759e+001  2.016311e+001  2.000000e+000
    endloop
  endfacet
  facet normal  6.631228e-001 -7.485107e-001  0.000000e+000
    outer loop
      vertex -1.391759e+001  2.016311e+001  2.000000e+000
      vertex -1.391759e+001  2.016311e+001  6.960000e+001
      vertex -1.833851e+001  1.624651e+001  6.960000e+001
    endloop
  endfacet
  facet normal  6.631228e-001 -7.485107e-001  0.000000e+000
    outer loop
      vertex -1.391759e+001  2.016311e+001  2.000000e+000
      vertex -1.833851e+001  1.624651e+001  6.960000e+001
      vertex -1.833851e+001  1.624651e+001  2.000000e+000
    endloop
  endfacet
  facet normal  8.229839e-001 -5.680647e-001  0.000000e+000
    outer loop
      vertex -1.833851e+001  1.624651e+001  2.000000e+000
      vertex -1.833851e+001  1.624651e+001  6.960000e+001
      vertex -2.169367e+001  1.138572e+001  6.960000e+001
    endloop
  endfacet
  facet normal  8.229839e-001 -5.680647e-001  0.000000e+000
    outer loop
      vertex -1.833851e+001  1.624651e+001  2.000000e+000
      vertex -2.169367e+001  1.138572e+001  6.960000e+001
      vertex -2.169367e+001  1.138572e+001  2.000000e+000
    endloop
  endfacet
  facet normal  9.350162e-001 -3.546050e-001  0.000000e+000
    outer loop
      vertex -2.169367e+001  1.138572e+001  2.000000e+000
      vertex -2.169367e+001  1.138572e+001  6.960000e+001
      vertex -2.378807e+001  5.863234e+000  6.960000e+001
    endloop
  endfacet
  facet normal  9.350162e-001 -3.546050e-001  0.000000e+000
    outer loop
      vertex -2.169367e+001  1.138572e+001  2.000000e+000
      vertex -2.378807e+001  5.863234e+000  6.960000e+001
      vertex -2.378807e+001  5.863234e+000  2.000000e+000
    endloop
  endfacet
  facet normal  1.552030e-001 -9.878826e-001  1.439764e-004
    outer loop
      vertex -4.312542e+000  2.411746e+001  6.831470e+001
      vertex -2.953149e+000  2.432137e+001  2.000000e+000
      vertex -3.278742e+000  2.427962e+001  6.651781e+001
    endloop
  endfacet
  facet normal  0.000000e+000 -9.999998e-001 -6.471073e-004
    outer loop
      vertex -3.278742e+000  2.427962e+001  6.651781e+001
      vertex -2.953149e+000  2.432137e+001  2.000000e+000
      vertex  2.953149e+000  2.432137e+001  2.000000e+000
    endloop
  endfacet
  facet normal  1.049321e-001 -9.944341e-001  9.492069e-003
    outer loop
      vertex -3.278742e+000  2.427962e+001  6.651781e+001
      vertex  2.953149e+000  2.432137e+001  2.000000e+000
      vertex -1.555425e+000  2.445057e+001  6.537737e+001
    endloop
  endfacet
  facet normal -1.726101e-001 -9.849901e-001  4.792742e-004
    outer loop
      vertex  3.873777e+000  2.419181e+001  6.731005e+001
      vertex  2.953149e+000  2.432137e+001  2.000000e+000
      vertex  4.500000e+000  2.408319e+001  6.960000e+001
    endloop
  endfacet
  facet normal -2.393151e-001 -9.709398e-001  2.055151e-003
    outer loop
      vertex  4.500000e+000  2.408319e+001  6.960000e+001
      vertex  2.953149e+000  2.432137e+001  2.000000e+000
      vertex  8.687819e+000  2.290790e+001  2.000000e+000
    endloop
  endfacet
  facet normal -2.702058e-001 -9.628025e-001  0.000000e+000
    outer loop
      vertex  4.500000e+000  2.408319e+001  6.960000e+001
      vertex  8.687819e+000  2.290790e+001  2.000000e+000
      vertex  8.687819e+000  2.290790e+001  6.960000e+001
    endloop
  endfacet
  facet normal -4.647231e-001 -8.854561e-001  -0.000000e+000
    outer loop
      vertex  8.687819e+000  2.290790e+001  6.960000e+001
      vertex  8.687819e+000  2.290790e+001  2.000000e+000
      vertex  1.391759e+001  2.016311e+001  2.000000e+000
    endloop
  endfacet
  facet normal -4.647231e-001 -8.854561e-001  0.000000e+000
    outer loop
      vertex  8.687819e+000  2.290790e+001  6.960000e+001
      vertex  1.391759e+001  2.016311e+001  2.000000e+000
      vertex  1.391759e+001  2.016311e+001  6.960000e+001
    endloop
  endfacet
  facet normal -6.631228e-001 -7.485107e-001  -0.000000e+000
    outer loop
      vertex  1.391759e+001  2.016311e+001  6.960000e+001
      vertex  1.391759e+001  2.016311e+001  2.000000e+000
      vertex  1.833851e+001  1.624651e+001  2.000000e+000
    endloop
  endfacet
  facet normal -6.631228e-001 -7.485107e-001  0.000000e+000
    outer loop
      vertex  1.391759e+001  2.016311e+001  6.960000e+001
      vertex  1.833851e+001  1.624651e+001  2.000000e+000
      vertex  1.833851e+001  1.624651e+001  6.960000e+001
    endloop
  endfacet
  facet normal -8.229839e-001 -5.680647e-001  -0.000000e+000
    outer loop
      vertex  1.833851e+001  1.624651e+001  6.960000e+001
      vertex  1.833851e+001  1.624651e+001  2.000000e+000
      vertex  2.169367e+001  1.138572e+001  2.000000e+000
    endloop
  endfacet
  facet normal -8.229839e-001 -5.680647e-001  0.000000e+000
    outer loop
      vertex  1.833851e+001  1.624651e+001  6.960000e+001
      vertex  2.169367e+001  1.138572e+001  2.000000e+000
      vertex  2.169367e+001  1.138572e+001  6.960000e+001
    endloop
  endfacet
  facet normal -9.350162e-001 -3.546050e-001  -0.000000e+000
    outer loop
      vertex  2.169367e+001  1.138572e+001  6.960000e+001
      vertex  2.169367e+001  1.138572e+001  2.000000e+000
      vertex  2.378807e+001  5.863234e+000  2.000000e+000
    endloop
  endfacet
  facet normal -9.350162e-001 -3.546050e-001  0.000000e+000
    outer loop
      vertex  2.169367e+001  1.138572e+001  6.960000e+001
      vertex  2.378807e+001  5.863234e+000  2.000000e+000
      vertex  2.378807e+001  5.863234e+000  6.960000e+001
    endloop
  endfacet
  facet normal  1.546565e-001 -9.879683e-001 -1.781939e-004
    outer loop
      vertex -3.278742e+000  2.427962e+001  1.015178e+002
      vertex -4.312542e+000  2.411746e+001  1.033147e+002
      vertex -3.873777e+000  2.419181e+001  7.188995e+001
    endloop
  endfacet
  facet normal  1.811974e-001 -9.834466e-001  2.030801e-004
    outer loop
      vertex -3.873777e+000  2.419181e+001  7.188995e+001
      vertex -4.312542e+000  2.411746e+001  1.033147e+002
      vertex -4.500000e+000  2.408319e+001  1.046000e+002
    endloop
  endfacet
  facet normal  1.709090e-001 -9.852868e-001  0.000000e+000
    outer loop
      vertex -3.873777e+000  2.419181e+001  7.188995e+001
      vertex -4.500000e+000  2.408319e+001  1.046000e+002
      vertex -4.500000e+000  2.408319e+001  6.960000e+001
    endloop
  endfacet
  facet normal  2.702058e-001 -9.628025e-001  0.000000e+000
    outer loop
      vertex -4.500000e+000  2.408319e+001  6.960000e+001
      vertex -4.500000e+000  2.408319e+001  1.046000e+002
      vertex -8.687819e+000  2.290790e+001  1.046000e+002
    endloop
  endfacet
  facet normal  2.702058e-001 -9.628025e-001  0.000000e+000
    outer loop
      vertex -4.500000e+000  2.408319e+001  6.960000e+001
      vertex -8.687819e+000  2.290790e+001  1.046000e+002
      vertex -8.687819e+000  2.290790e+001  6.960000e+001
    endloop
  endfacet
  facet normal  4.647231e-001 -8.854560e-001  0.000000e+000
    outer loop
      vertex -8.687819e+000  2.290790e+001  6.960000e+001
      vertex -8.687819e+000  2.290790e+001  1.046000e+002
      vertex -1.391759e+001  2.016311e+001  1.046000e+002
    endloop
  endfacet
  facet normal  4.647231e-001 -8.854560e-001  0.000000e+000
    outer loop
      vertex -8.687819e+000  2.290790e+001  6.960000e+001
      vertex -1.391759e+001  2.016311e+001  1.046000e+002
      vertex -1.391759e+001  2.016311e+001  6.960000e+001
    endloop
  endfacet
  facet normal  6.631228e-001 -7.485107e-001  0.000000e+000
    outer loop
      vertex -1.391759e+001  2.016311e+001  6.960000e+001
      vertex -1.391759e+001  2.016311e+001  1.046000e+002
      vertex -1.833851e+001  1.624651e+001  1.046000e+002
    endloop
  endfacet
  facet normal  6.631228e-001 -7.485107e-001  0.000000e+000
    outer loop
      vertex -1.391759e+001  2.016311e+001  6.960000e+001
      vertex -1.833851e+001  1.624651e+001  1.046000e+002
      vertex -1.833851e+001  1.624651e+001  6.960000e+001
    endloop
  endfacet
  facet normal  8.229839e-001 -5.680647e-001  0.000000e+000
    outer loop
      vertex -1.833851e+001  1.624651e+001  6.960000e+001
      vertex -1.833851e+001  1.624651e+001  1.046000e+002
      vertex -2.169367e+001  1.138572e+001  1.046000e+002
    endloop
  endfacet
  facet normal  8.229839e-001 -5.680647e-001  0.000000e+000
    outer loop
      vertex -1.833851e+001  1.624651e+001  6.960000e+001
      vertex -2.169367e+001  1.138572e+001  1.046000e+002
      vertex -2.169367e+001  1.138572e+001  6.960000e+001
    endloop
  endfacet
  facet normal  9.350162e-001 -3.546050e-001  0.000000e+000
    outer loop
      vertex -2.169367e+001  1.138572e+001  6.960000e+001
      vertex -2.169367e+001  1.138572e+001  1.046000e+002
      vertex -2.378807e+001  5.863234e+000  1.046000e+002
    endloop
  endfacet
  facet normal  9.350162e-001 -3.546050e-001  0.000000e+000
    outer loop
      vertex -2.169367e+001  1.138572e+001  6.960000e+001
      vertex -2.378807e+001  5.863234e+000  1.046000e+002
      vertex -2.378807e+001  5.863234e+000  6.960000e+001
    endloop
  endfacet
  facet normal  1.285444e-001 -9.917037e-001  3.573009e-004
    outer loop
      vertex -3.873777e+000  2.419181e+001  7.188995e+001
      vertex -2.440079e+000  2.437819e+001  7.338100e+001
      vertex -3.278742e+000  2.427962e+001  1.015178e+002
    endloop
  endfacet
  facet normal  9.835459e-002 -9.951513e-001 -5.546337e-004
    outer loop
      vertex -3.278742e+000  2.427962e+001  1.015178e+002
      vertex -2.440079e+000  2.437819e+001  7.338100e+001
      vertex -1.555425e+000  2.445057e+001  1.003774e+002
    endloop
  endfacet
  facet normal  5.950458e-002 -9.982278e-001  7.267062e-004
    outer loop
      vertex -2.440079e+000  2.437819e+001  7.338100e+001
      vertex -4.858746e-001  2.449518e+001  7.407369e+001
      vertex -1.555425e+000  2.445057e+001  1.003774e+002
    endloop
  endfacet
  facet normal  2.174739e-002 -9.997631e-001 -8.111667e-004
    outer loop
      vertex -1.555425e+000  2.445057e+001  1.003774e+002
      vertex -4.858746e-001  2.449518e+001  7.407369e+001
      vertex  4.858746e-001  2.449518e+001  1.001263e+002
    endloop
  endfacet
  facet normal -9.835459e-002 -9.951513e-001  5.546337e-004
    outer loop
      vertex  3.278742e+000  2.427962e+001  7.268218e+001
      vertex  2.440079e+000  2.437819e+001  1.008190e+002
      vertex  1.555425e+000  2.445057e+001  7.382264e+001
    endloop
  endfacet
  facet normal -5.950458e-002 -9.982278e-001 -7.267065e-004
    outer loop
      vertex  1.555425e+000  2.445057e+001  7.382264e+001
      vertex  2.440079e+000  2.437819e+001  1.008190e+002
      vertex  4.858746e-001  2.449518e+001  1.001263e+002
    endloop
  endfacet
  facet normal -2.174740e-002 -9.997632e-001  8.111668e-004
    outer loop
      vertex  1.555425e+000  2.445057e+001  7.382264e+001
      vertex  4.858746e-001  2.449518e+001  1.001263e+002
      vertex -4.858746e-001  2.449518e+001  7.407369e+001
    endloop
  endfacet
  facet normal -2.702058e-001 -9.628025e-001  -0.000000e+000
    outer loop
      vertex  8.687819e+000  2.290790e+001  6.960000e+001
      vertex  4.500000e+000  2.408319e+001  1.046000e+002
      vertex  4.500000e+000  2.408319e+001  6.960000e+001
    endloop
  endfacet
  facet normal -1.709090e-001 -9.852868e-001  0.000000e+000
    outer loop
      vertex  4.500000e+000  2.408319e+001  6.960000e+001
      vertex  4.500000e+000  2.408319e+001  1.046000e+002
      vertex  3.873777e+000  2.419181e+001  1.023101e+002
    endloop
  endfacet
  facet normal -1.811974e-001 -9.834466e-001 -2.030801e-004
    outer loop
      vertex  4.500000e+000  2.408319e+001  6.960000e+001
      vertex  3.873777e+000  2.419181e+001  1.023101e+002
      vertex  4.312542e+000  2.411746e+001  7.088529e+001
    endloop
  endfacet
  facet normal -1.294606e-001 -9.915844e-001  5.385454e-004
    outer loop
      vertex  4.312542e+000  2.411746e+001  7.088529e+001
      vertex  3.873777e+000  2.419181e+001  1.023101e+002
      vertex  2.440079e+000  2.437819e+001  1.008190e+002
    endloop
  endfacet
  facet normal -1.570292e-001 -9.875932e-001 -1.220735e-003
    outer loop
      vertex  4.312542e+000  2.411746e+001  7.088529e+001
      vertex  2.440079e+000  2.437819e+001  1.008190e+002
      vertex  3.278742e+000  2.427962e+001  7.268218e+001
    endloop
  endfacet
  facet normal -2.702058e-001 -9.628025e-001  0.000000e+000
    outer loop
      vertex  4.500000e+000  2.408319e+001  1.046000e+002
      vertex  8.687819e+000  2.290790e+001  6.960000e+001
      vertex  8.687819e+000  2.290790e+001  1.046000e+002
    endloop
  endfacet
  facet normal -4.647231e-001 -8.854560e-001  -0.000000e+000
    outer loop
      vertex  8.687819e+000  2.290790e+001  1.046000e+002
      vertex  8.687819e+000  2.290790e+001  6.960000e+001
      vertex  1.391759e+001  2.016311e+001  6.960000e+001
    endloop
  endfacet
  facet normal -4.647231e-001 -8.854560e-001  0.000000e+000
    outer loop
      vertex  8.687819e+000  2.290790e+001  1.046000e+002
      vertex  1.391759e+001  2.016311e+001  6.960000e+001
      vertex  1.391759e+001  2.016311e+001  1.046000e+002
    endloop
  endfacet
  facet normal -6.631228e-001 -7.485107e-001  -0.000000e+000
    outer loop
      vertex  1.391759e+001  2.016311e+001  1.046000e+002
      vertex  1.391759e+001  2.016311e+001  6.960000e+001
      vertex  1.833851e+001  1.624651e+001  6.960000e+001
    endloop
  endfacet
  facet normal -6.631228e-001 -7.485107e-001  0.000000e+000
    outer loop
      vertex  1.391759e+001  2.016311e+001  1.046000e+002
      vertex  1.833851e+001  1.624651e+001  6.960000e+001
      vertex  1.833851e+001  1.624651e+001  1.046000e+002
    endloop
  endfacet
  facet normal -8.229839e-001 -5.680647e-001  -0.000000e+000
    outer loop
      vertex  1.833851e+001  1.624651e+001  1.046000e+002
      vertex  1.833851e+001  1.624651e+001  6.960000e+001
      vertex  2.169367e+001  1.138572e+001  6.960000e+001
    endloop
  endfacet
  facet normal -8.229839e-001 -5.680647e-001  0.000000e+000
    outer loop
      vertex  1.833851e+001  1.624651e+001  1.046000e+002
      vertex  2.169367e+001  1.138572e+001  6.960000e+001
      vertex  2.169367e+001  1.138572e+001  1.046000e+002
    endloop
  endfacet
  facet normal -9.350162e-001 -3.546050e-001  -0.000000e+000
    outer loop
      vertex  2.169367e+001  1.138572e+001  1.046000e+002
      vertex  2.169367e+001  1.138572e+001  6.960000e+001
      vertex  2.378807e+001  5.863234e+000  6.960000e+001
    endloop
  endfacet
  facet normal -9.350162e-001 -3.546050e-001  0.000000e+000
    outer loop
      vertex  2.169367e+001  1.138572e+001  1.046000e+002
      vertex  2.378807e+001  5.863234e+000  6.960000e+001
      vertex  2.378807e+001  5.863234e+000  1.046000e+002
    endloop
  endfacet
  facet normal  1.546565e-001 -9.879683e-001 -1.781938e-004
    outer loop
      vertex -3.278742e+000  2.427962e+001  1.365178e+002
      vertex -4.312542e+000  2.411746e+001  1.383147e+002
      vertex -3.873777e+000  2.419181e+001  1.068899e+002
    endloop
  endfacet
  facet normal  1.811974e-001 -9.834467e-001  2.030800e-004
    outer loop
      vertex -3.873777e+000  2.419181e+001  1.068899e+002
      vertex -4.312542e+000  2.411746e+001  1.383147e+002
      vertex -4.500000e+000  2.408319e+001  1.396000e+002
    endloop
  endfacet
  facet normal  1.709090e-001 -9.852868e-001  0.000000e+000
    outer loop
      vertex -3.873777e+000  2.419181e+001  1.068899e+002
      vertex -4.500000e+000  2.408319e+001  1.396000e+002
      vertex -4.500000e+000  2.408319e+001  1.046000e+002
    endloop
  endfacet
  facet normal  2.702059e-001 -9.628026e-001  0.000000e+000
    outer loop
      vertex -4.500000e+000  2.408319e+001  1.046000e+002
      vertex -4.500000e+000  2.408319e+001  1.396000e+002
      vertex -8.687819e+000  2.290790e+001  1.396000e+002
    endloop
  endfacet
  facet normal  2.702059e-001 -9.628026e-001  0.000000e+000
    outer loop
      vertex -4.500000e+000  2.408319e+001  1.046000e+002
      vertex -8.687819e+000  2.290790e+001  1.396000e+002
      vertex -8.687819e+000  2.290790e+001  1.046000e+002
    endloop
  endfacet
  facet normal  4.647231e-001 -8.854561e-001  0.000000e+000
    outer loop
      vertex -8.687819e+000  2.290790e+001  1.046000e+002
      vertex -8.687819e+000  2.290790e+001  1.396000e+002
      vertex -1.391759e+001  2.016311e+001  1.396000e+002
    endloop
  endfacet
  facet normal  4.647231e-001 -8.854561e-001  0.000000e+000
    outer loop
      vertex -8.687819e+000  2.290790e+001  1.046000e+002
      vertex -1.391759e+001  2.016311e+001  1.396000e+002
      vertex -1.391759e+001  2.016311e+001  1.046000e+002
    endloop
  endfacet
  facet normal  6.631227e-001 -7.485107e-001  0.000000e+000
    outer loop
      vertex -1.391759e+001  2.016311e+001  1.046000e+002
      vertex -1.391759e+001  2.016311e+001  1.396000e+002
      vertex -1.833851e+001  1.624651e+001  1.396000e+002
    endloop
  endfacet
  facet normal  6.631227e-001 -7.485107e-001  0.000000e+000
    outer loop
      vertex -1.391759e+001  2.016311e+001  1.046000e+002
      vertex -1.833851e+001  1.624651e+001  1.396000e+002
      vertex -1.833851e+001  1.624651e+001  1.046000e+002
    endloop
  endfacet
  facet normal  8.229838e-001 -5.680647e-001  0.000000e+000
    outer loop
      vertex -1.833851e+001  1.624651e+001  1.046000e+002
      vertex -1.833851e+001  1.624651e+001  1.396000e+002
      vertex -2.169367e+001  1.138572e+001  1.396000e+002
    endloop
  endfacet
  facet normal  8.229838e-001 -5.680647e-001  0.000000e+000
    outer loop
      vertex -1.833851e+001  1.624651e+001  1.046000e+002
      vertex -2.169367e+001  1.138572e+001  1.396000e+002
      vertex -2.169367e+001  1.138572e+001  1.046000e+002
    endloop
  endfacet
  facet normal  9.350162e-001 -3.546050e-001  0.000000e+000
    outer loop
      vertex -2.169367e+001  1.138572e+001  1.046000e+002
      vertex -2.169367e+001  1.138572e+001  1.396000e+002
      vertex -2.378807e+001  5.863234e+000  1.396000e+002
    endloop
  endfacet
  facet normal  9.350162e-001 -3.546050e-001  0.000000e+000
    outer loop
      vertex -2.169367e+001  1.138572e+001  1.046000e+002
      vertex -2.378807e+001  5.863234e+000  1.396000e+002
      vertex -2.378807e+001  5.863234e+000  1.046000e+002
    endloop
  endfacet
  facet normal  1.285444e-001 -9.917037e-001  3.573008e-004
    outer loop
      vertex -3.873777e+000  2.419181e+001  1.068899e+002
      vertex -2.440079e+000  2.437819e+001  1.083810e+002
      vertex -3.278742e+000  2.427962e+001  1.365178e+002
    endloop
  endfacet
  facet normal  9.835459e-002 -9.951514e-001 -5.546337e-004
    outer loop
      vertex -3.278742e+000  2.427962e+001  1.365178e+002
      vertex -2.440079e+000  2.437819e+001  1.083810e+002
      vertex -1.555425e+000  2.445057e+001  1.353774e+002
    endloop
  endfacet
  facet normal  5.950458e-002 -9.982278e-001  7.267062e-004
    outer loop
      vertex -2.440079e+000  2.437819e+001  1.083810e+002
      vertex -4.858746e-001  2.449518e+001  1.090737e+002
      vertex -1.555425e+000  2.445057e+001  1.353774e+002
    endloop
  endfacet
  facet normal  2.174739e-002 -9.997631e-001 -8.111665e-004
    outer loop
      vertex -1.555425e+000  2.445057e+001  1.353774e+002
      vertex -4.858746e-001  2.449518e+001  1.090737e+002
      vertex  4.858746e-001  2.449518e+001  1.351263e+002
    endloop
  endfacet
  facet normal -9.835459e-002 -9.951514e-001  5.546336e-004
    outer loop
      vertex  3.278742e+000  2.427962e+001  1.076822e+002
      vertex  2.440079e+000  2.437819e+001  1.358190e+002
      vertex  1.555425e+000  2.445057e+001  1.088226e+002
    endloop
  endfacet
  facet normal -5.950458e-002 -9.982278e-001 -7.267063e-004
    outer loop
      vertex  1.555425e+000  2.445057e+001  1.088226e+002
      vertex  2.440079e+000  2.437819e+001  1.358190e+002
      vertex  4.858746e-001  2.449518e+001  1.351263e+002
    endloop
  endfacet
  facet normal -2.174739e-002 -9.997631e-001  8.111665e-004
    outer loop
      vertex  1.555425e+000  2.445057e+001  1.088226e+002
      vertex  4.858746e-001  2.449518e+001  1.351263e+002
      vertex -4.858746e-001  2.449518e+001  1.090737e+002
    endloop
  endfacet
  facet normal -2.702059e-001 -9.628026e-001  -0.000000e+000
    outer loop
      vertex  8.687819e+000  2.290790e+001  1.046000e+002
      vertex  4.500000e+000  2.408319e+001  1.396000e+002
      vertex  4.500000e+000  2.408319e+001  1.046000e+002
    endloop
  endfacet
  facet normal -1.709090e-001 -9.852868e-001  0.000000e+000
    outer loop
      vertex  4.500000e+000  2.408319e+001  1.046000e+002
      vertex  4.500000e+000  2.408319e+001  1.396000e+002
      vertex  3.873777e+000  2.419181e+001  1.373101e+002
    endloop
  endfacet
  facet normal -1.811974e-001 -9.834467e-001 -2.030800e-004
    outer loop
      vertex  4.500000e+000  2.408319e+001  1.046000e+002
      vertex  3.873777e+000  2.419181e+001  1.373101e+002
      vertex  4.312542e+000  2.411746e+001  1.058853e+002
    endloop
  endfacet
  facet normal -1.294606e-001 -9.915844e-001  5.385453e-004
    outer loop
      vertex  4.312542e+000  2.411746e+001  1.058853e+002
      vertex  3.873777e+000  2.419181e+001  1.373101e+002
      vertex  2.440079e+000  2.437819e+001  1.358190e+002
    endloop
  endfacet
  facet normal -1.570292e-001 -9.875932e-001 -1.220735e-003
    outer loop
      vertex  4.312542e+000  2.411746e+001  1.058853e+002
      vertex  2.440079e+000  2.437819e+001  1.358190e+002
      vertex  3.278742e+000  2.427962e+001  1.076822e+002
    endloop
  endfacet
  facet normal -2.702059e-001 -9.628026e-001  0.000000e+000
    outer loop
      vertex  4.500000e+000  2.408319e+001  1.396000e+002
      vertex  8.687819e+000  2.290790e+001  1.046000e+002
      vertex  8.687819e+000  2.290790e+001  1.396000e+002
    endloop
  endfacet
  facet normal -4.647231e-001 -8.854561e-001  -0.000000e+000
    outer loop
      vertex  8.687819e+000  2.290790e+001  1.396000e+002
      vertex  8.687819e+000  2.290790e+001  1.046000e+002
      vertex  1.391759e+001  2.016311e+001  1.046000e+002
    endloop
  endfacet
  facet normal -4.647231e-001 -8.854561e-001  0.000000e+000
    outer loop
      vertex  8.687819e+000  2.290790e+001  1.396000e+002
      vertex  1.391759e+001  2.016311e+001  1.046000e+002
      vertex  1.391759e+001  2.016311e+001  1.396000e+002
    endloop
  endfacet
  facet normal -6.631227e-001 -7.485107e-001  -0.000000e+000
    outer loop
      vertex  1.391759e+001  2.016311e+001  1.396000e+002
      vertex  1.391759e+001  2.016311e+001  1.046000e+002
      vertex  1.833851e+001  1.624651e+001  1.046000e+002
    endloop
  endfacet
  facet normal -6.631227e-001 -7.485107e-001  0.000000e+000
    outer loop
      vertex  1.391759e+001  2.016311e+001  1.396000e+002
      vertex  1.833851e+001  1.624651e+001  1.046000e+002
      vertex  1.833851e+001  1.624651e+001  1.396000e+002
    endloop
  endfacet
  facet normal -8.229838e-001 -5.680647e-001  -0.000000e+000
    outer loop
      vertex  1.833851e+001  1.624651e+001  1.396000e+002
      vertex  1.833851e+001  1.624651e+001  1.046000e+002
      vertex  2.169367e+001  1.138572e+001  1.046000e+002
    endloop
  endfacet
  facet normal -8.229838e-001 -5.680647e-001  0.000000e+000
    outer loop
      vertex  1.833851e+001  1.624651e+001  1.396000e+002
      vertex  2.169367e+001  1.138572e+001  1.046000e+002
      vertex  2.169367e+001  1.138572e+001  1.396000e+002
    endloop
  endfacet
  facet normal -9.350162e-001 -3.546050e-001  -0.000000e+000
    outer loop
      vertex  2.169367e+001  1.138572e+001  1.396000e+002
      vertex  2.169367e+001  1.138572e+001  1.046000e+002
      vertex  2.378807e+001  5.863234e+000  1.046000e+002
    endloop
  endfacet
  facet normal -9.350162e-001 -3.546050e-001  0.000000e+000
    outer loop
      vertex  2.169367e+001  1.138572e+001  1.396000e+002
      vertex  2.378807e+001  5.863234e+000  1.046000e+002
      vertex  2.378807e+001  5.863234e+000  1.396000e+002
    endloop
  endfacet
  facet normal  1.546565e-001 -9.879683e-001 -1.781939e-004
    outer loop
      vertex -3.278742e+000  2.427962e+001  1.715178e+002
      vertex -4.312542e+000  2.411746e+001  1.733147e+002
      vertex -3.873777e+000  2.419181e+001  1.418900e+002
    endloop
  endfacet
  facet normal  1.811974e-001 -9.834466e-001  2.030801e-004
    outer loop
      vertex -3.873777e+000  2.419181e+001  1.418900e+002
      vertex -4.312542e+000  2.411746e+001  1.733147e+002
      vertex -4.500000e+000  2.408319e+001  1.746000e+002
    endloop
  endfacet
  facet normal  1.709090e-001 -9.852868e-001  0.000000e+000
    outer loop
      vertex -3.873777e+000  2.419181e+001  1.418900e+002
      vertex -4.500000e+000  2.408319e+001  1.746000e+002
      vertex -4.500000e+000  2.408319e+001  1.396000e+002
    endloop
  endfacet
  facet normal  2.702058e-001 -9.628025e-001  0.000000e+000
    outer loop
      vertex -4.500000e+000  2.408319e+001  1.396000e+002
      vertex -4.500000e+000  2.408319e+001  1.746000e+002
      vertex -8.687819e+000  2.290790e+001  1.746000e+002
    endloop
  endfacet
  facet normal  2.702058e-001 -9.628025e-001  0.000000e+000
    outer loop
      vertex -4.500000e+000  2.408319e+001  1.396000e+002
      vertex -8.687819e+000  2.290790e+001  1.746000e+002
      vertex -8.687819e+000  2.290790e+001  1.396000e+002
    endloop
  endfacet
  facet normal  4.647231e-001 -8.854560e-001  0.000000e+000
    outer loop
      vertex -8.687819e+000  2.290790e+001  1.396000e+002
      vertex -8.687819e+000  2.290790e+001  1.746000e+002
      vertex -1.391759e+001  2.016311e+001  1.746000e+002
    endloop
  endfacet
  facet normal  4.647231e-001 -8.854560e-001  0.000000e+000
    outer loop
      vertex -8.687819e+000  2.290790e+001  1.396000e+002
      vertex -1.391759e+001  2.016311e+001  1.746000e+002
      vertex -1.391759e+001  2.016311e+001  1.396000e+002
    endloop
  endfacet
  facet normal  6.631228e-001 -7.485107e-001  0.000000e+000
    outer loop
      vertex -1.391759e+001  2.016311e+001  1.396000e+002
      vertex -1.391759e+001  2.016311e+001  1.746000e+002
      vertex -1.833851e+001  1.624651e+001  1.746000e+002
    endloop
  endfacet
  facet normal  6.631228e-001 -7.485107e-001  0.000000e+000
    outer loop
      vertex -1.391759e+001  2.016311e+001  1.396000e+002
      vertex -1.833851e+001  1.624651e+001  1.746000e+002
      vertex -1.833851e+001  1.624651e+001  1.396000e+002
    endloop
  endfacet
  facet normal  8.229839e-001 -5.680647e-001  0.000000e+000
    outer loop
      vertex -1.833851e+001  1.624651e+001  1.396000e+002
      vertex -1.833851e+001  1.624651e+001  1.746000e+002
      vertex -2.169367e+001  1.138572e+001  1.746000e+002
    endloop
  endfacet
  facet normal  8.229839e-001 -5.680647e-001  0.000000e+000
    outer loop
      vertex -1.833851e+001  1.624651e+001  1.396000e+002
      vertex -2.169367e+001  1.138572e+001  1.746000e+002
      vertex -2.169367e+001  1.138572e+001  1.396000e+002
    endloop
  endfacet
  facet normal  1.285444e-001 -9.917037e-001  3.573009e-004
    outer loop
      vertex -3.873777e+000  2.419181e+001  1.418900e+002
      vertex -2.440079e+000  2.437819e+001  1.433810e+002
      vertex -3.278742e+000  2.427962e+001  1.715178e+002
    endloop
  endfacet
  facet normal  9.835459e-002 -9.951513e-001 -5.546339e-004
    outer loop
      vertex -3.278742e+000  2.427962e+001  1.715178e+002
      vertex -2.440079e+000  2.437819e+001  1.433810e+002
      vertex -1.555425e+000  2.445057e+001  1.703774e+002
    endloop
  endfacet
  facet normal  5.950458e-002 -9.982277e-001  7.267064e-004
    outer loop
      vertex -2.440079e+000  2.437819e+001  1.433810e+002
      vertex -4.858746e-001  2.449518e+001  1.440737e+002
      vertex -1.555425e+000  2.445057e+001  1.703774e+002
    endloop
  endfacet
  facet normal  2.174739e-002 -9.997631e-001 -8.111668e-004
    outer loop
      vertex -1.555425e+000  2.445057e+001  1.703774e+002
      vertex -4.858746e-001  2.449518e+001  1.440737e+002
      vertex  4.858746e-001  2.449518e+001  1.701263e+002
    endloop
  endfacet
  facet normal -9.835459e-002 -9.951514e-001  5.546336e-004
    outer loop
      vertex  3.278742e+000  2.427962e+001  1.426822e+002
      vertex  2.440079e+000  2.437819e+001  1.708190e+002
      vertex  1.555425e+000  2.445057e+001  1.438226e+002
    endloop
  endfacet
  facet normal -5.950457e-002 -9.982277e-001 -7.267061e-004
    outer loop
      vertex  1.555425e+000  2.445057e+001  1.438226e+002
      vertex  2.440079e+000  2.437819e+001  1.708190e+002
      vertex  4.858746e-001  2.449518e+001  1.701263e+002
    endloop
  endfacet
  facet normal -2.174739e-002 -9.997631e-001  8.111666e-004
    outer loop
      vertex  1.555425e+000  2.445057e+001  1.438226e+002
      vertex  4.858746e-001  2.449518e+001  1.701263e+002
      vertex -4.858746e-001  2.449518e+001  1.440737e+002
    endloop
  endfacet
  facet normal -2.702058e-001 -9.628025e-001  -0.000000e+000
    outer loop
      vertex  8.687819e+000  2.290790e+001  1.396000e+002
      vertex  4.500000e+000  2.408319e+001  1.746000e+002
      vertex  4.500000e+000  2.408319e+001  1.396000e+002
    endloop
  endfacet
  facet normal -1.709090e-001 -9.852868e-001  0.000000e+000
    outer loop
      vertex  4.500000e+000  2.408319e+001  1.396000e+002
      vertex  4.500000e+000  2.408319e+001  1.746000e+002
      vertex  3.873777e+000  2.419181e+001  1.723101e+002
    endloop
  endfacet
  facet normal -1.811974e-001 -9.834466e-001 -2.030801e-004
    outer loop
      vertex  4.500000e+000  2.408319e+001  1.396000e+002
      vertex  3.873777e+000  2.419181e+001  1.723101e+002
      vertex  4.312542e+000  2.411746e+001  1.408853e+002
    endloop
  endfacet
  facet normal -1.294606e-001 -9.915844e-001  5.385454e-004
    outer loop
      vertex  4.312542e+000  2.411746e+001  1.408853e+002
      vertex  3.873777e+000  2.419181e+001  1.723101e+002
      vertex  2.440079e+000  2.437819e+001  1.708190e+002
    endloop
  endfacet
  facet normal -1.570292e-001 -9.875932e-001 -1.220735e-003
    outer loop
      vertex  4.312542e+000  2.411746e+001  1.408853e+002
      vertex  2.440079e+000  2.437819e+001  1.708190e+002
      vertex  3.278742e+000  2.427962e+001  1.426822e+002
    endloop
  endfacet
  facet normal -2.702058e-001 -9.628025e-001  0.000000e+000
    outer loop
      vertex  4.500000e+000  2.408319e+001  1.746000e+002
      vertex  8.687819e+000  2.290790e+001  1.396000e+002
      vertex  8.687819e+000  2.290790e+001  1.746000e+002
    endloop
  endfacet
  facet normal -4.647231e-001 -8.854560e-001  -0.000000e+000
    outer loop
      vertex  8.687819e+000  2.290790e+001  1.746000e+002
      vertex  8.687819e+000  2.290790e+001  1.396000e+002
      vertex  1.391759e+001  2.016311e+001  1.396000e+002
    endloop
  endfacet
  facet normal -4.647231e-001 -8.854560e-001  0.000000e+000
    outer loop
      vertex  8.687819e+000  2.290790e+001  1.746000e+002
      vertex  1.391759e+001  2.016311e+001  1.396000e+002
      vertex  1.391759e+001  2.016311e+001  1.746000e+002
    endloop
  endfacet
  facet normal -6.631228e-001 -7.485107e-001  -0.000000e+000
    outer loop
      vertex  1.391759e+001  2.016311e+001  1.746000e+002
      vertex  1.391759e+001  2.016311e+001  1.396000e+002
      vertex  1.833851e+001  1.624651e+001  1.396000e+002
    endloop
  endfacet
  facet normal -6.631228e-001 -7.485107e-001  0.000000e+000
    outer loop
      vertex  1.391759e+001  2.016311e+001  1.746000e+002
      vertex  1.833851e+001  1.624651e+001  1.396000e+002
      vertex  1.833851e+001  1.624651e+001  1.746000e+002
    endloop
  endfacet
  facet normal -8.229839e-001 -5.680647e-001  -0.000000e+000
    outer loop
      vertex  1.833851e+001  1.624651e+001  1.746000e+002
      vertex  1.833851e+001  1.624651e+001  1.396000e+002
      vertex  2.169367e+001  1.138572e+001  1.396000e+002
    endloop
  endfacet
  facet normal -8.229839e-001 -5.680647e-001  0.000000e+000
    outer loop
      vertex  1.833851e+001  1.624651e+001  1.746000e+002
      vertex  2.169367e+001  1.138572e+001  1.396000e+002
      vertex  2.169367e+001  1.138572e+001  1.746000e+002
    endloop
  endfacet
  facet normal -9.350162e-001 -3.546050e-001  -0.000000e+000
    outer loop
      vertex  2.169367e+001  1.138572e+001  1.746000e+002
      vertex  2.169367e+001  1.138572e+001  1.396000e+002
      vertex  2.378807e+001  5.863234e+000  1.396000e+002
    endloop
  endfacet
  facet normal -9.350162e-001 -3.546050e-001  0.000000e+000
    outer loop
      vertex  2.169367e+001  1.138572e+001  1.746000e+002
      vertex  2.378807e+001  5.863234e+000  1.396000e+002
      vertex  2.378807e+001  5.863234e+000  1.746000e+002
    endloop
  endfacet
  facet normal  1.762408e-001 -9.843459e-001 -1.502696e-003
    outer loop
      vertex -3.873777e+000  2.419181e+001  1.768900e+002
      vertex -2.953149e+000  2.432137e+001  2.000000e+002
      vertex -4.500000e+000  2.408319e+001  1.746000e+002
    endloop
  endfacet
  facet normal  2.393121e-001 -9.709273e-001 -5.469546e-003
    outer loop
      vertex -4.500000e+000  2.408319e+001  1.746000e+002
      vertex -2.953149e+000  2.432137e+001  2.000000e+002
      vertex -8.687819e+000  2.290790e+001  2.000000e+002
    endloop
  endfacet
  facet normal  2.702059e-001 -9.628026e-001  0.000000e+000
    outer loop
      vertex -4.500000e+000  2.408319e+001  1.746000e+002
      vertex -8.687819e+000  2.290790e+001  2.000000e+002
      vertex -8.687819e+000  2.290790e+001  1.746000e+002
    endloop
  endfacet
  facet normal  4.647231e-001 -8.854560e-001  0.000000e+000
    outer loop
      vertex -8.687819e+000  2.290790e+001  1.746000e+002
      vertex -8.687819e+000  2.290790e+001  2.000000e+002
      vertex -1.391759e+001  2.016311e+001  2.000000e+002
    endloop
  endfacet
  facet normal  4.647231e-001 -8.854560e-001  0.000000e+000
    outer loop
      vertex -8.687819e+000  2.290790e+001  1.746000e+002
      vertex -1.391759e+001  2.016311e+001  2.000000e+002
      vertex -1.391759e+001  2.016311e+001  1.746000e+002
    endloop
  endfacet
  facet normal  6.631227e-001 -7.485107e-001  0.000000e+000
    outer loop
      vertex -1.391759e+001  2.016311e+001  1.746000e+002
      vertex -1.391759e+001  2.016311e+001  2.000000e+002
      vertex -1.833851e+001  1.624651e+001  2.000000e+002
    endloop
  endfacet
  facet normal  6.631227e-001 -7.485107e-001  0.000000e+000
    outer loop
      vertex -1.391759e+001  2.016311e+001  1.746000e+002
      vertex -1.833851e+001  1.624651e+001  2.000000e+002
      vertex -1.833851e+001  1.624651e+001  1.746000e+002
    endloop
  endfacet
  facet normal  8.229839e-001 -5.680647e-001  0.000000e+000
    outer loop
      vertex -1.833851e+001  1.624651e+001  1.746000e+002
      vertex -1.833851e+001  1.624651e+001  2.000000e+002
      vertex -2.169367e+001  1.138572e+001  2.000000e+002
    endloop
  endfacet
  facet normal  8.229839e-001 -5.680647e-001  0.000000e+000
    outer loop
      vertex -1.833851e+001  1.624651e+001  1.746000e+002
      vertex -2.169367e+001  1.138572e+001  2.000000e+002
      vertex -2.169367e+001  1.138572e+001  1.746000e+002
    endloop
  endfacet
  facet normal -9.927088e-001 -1.205367e-001  -0.000000e+000
    outer loop
      vertex  2.450000e+001 -6.000769e-015  2.000000e+002
      vertex  2.378807e+001  5.863234e+000  2.000000e+002
      vertex  2.378807e+001  5.863234e+000  1.746000e+002
    endloop
  endfacet
  facet normal -9.350162e-001 -3.546050e-001  0.000000e+000
    outer loop
      vertex  2.378807e+001  5.863234e+000  1.746000e+002
      vertex  2.378807e+001  5.863234e+000  2.000000e+002
      vertex  2.169367e+001  1.138572e+001  2.000000e+002
    endloop
  endfacet
  facet normal -9.350162e-001 -3.546050e-001  -0.000000e+000
    outer loop
      vertex  2.378807e+001  5.863234e+000  1.746000e+002
      vertex  2.169367e+001  1.138572e+001  2.000000e+002
      vertex  2.169367e+001  1.138572e+001  1.746000e+002
    endloop
  endfacet
  facet normal -8.229839e-001 -5.680647e-001  0.000000e+000
    outer loop
      vertex  2.169367e+001  1.138572e+001  1.746000e+002
      vertex  2.169367e+001  1.138572e+001  2.000000e+002
      vertex  1.833851e+001  1.624651e+001  2.000000e+002
    endloop
  endfacet
  facet normal -8.229839e-001 -5.680647e-001  -0.000000e+000
    outer loop
      vertex  2.169367e+001  1.138572e+001  1.746000e+002
      vertex  1.833851e+001  1.624651e+001  2.000000e+002
      vertex  1.833851e+001  1.624651e+001  1.746000e+002
    endloop
  endfacet
  facet normal -6.631227e-001 -7.485107e-001  0.000000e+000
    outer loop
      vertex  1.833851e+001  1.624651e+001  1.746000e+002
      vertex  1.833851e+001  1.624651e+001  2.000000e+002
      vertex  1.391759e+001  2.016311e+001  2.000000e+002
    endloop
  endfacet
  facet normal -6.631227e-001 -7.485107e-001  -0.000000e+000
    outer loop
      vertex  1.833851e+001  1.624651e+001  1.746000e+002
      vertex  1.391759e+001  2.016311e+001  2.000000e+002
      vertex  1.391759e+001  2.016311e+001  1.746000e+002
    endloop
  endfacet
  facet normal -4.647231e-001 -8.854560e-001  0.000000e+000
    outer loop
      vertex  1.391759e+001  2.016311e+001  1.746000e+002
      vertex  1.391759e+001  2.016311e+001  2.000000e+002
      vertex  8.687819e+000  2.290790e+001  2.000000e+002
    endloop
  endfacet
  facet normal -4.647231e-001 -8.854560e-001  -0.000000e+000
    outer loop
      vertex  1.391759e+001  2.016311e+001  1.746000e+002
      vertex  8.687819e+000  2.290790e+001  2.000000e+002
      vertex  8.687819e+000  2.290790e+001  1.746000e+002
    endloop
  endfacet
  facet normal  0.000000e+000  -0.000000e+000 -1.000000e+000
    outer loop
      vertex -6.119326e+000 -2.681052e+001  0.000000e+000
      vertex -3.194222e+000 -2.630679e+001  0.000000e+000
      vertex  1.937324e-014 -2.750000e+001  0.000000e+000
    endloop
  endfacet
  facet normal  0.000000e+000  0.000000e+000 -9.999999e-001
    outer loop
      vertex  1.937324e-014 -2.750000e+001  0.000000e+000
      vertex -3.194222e+000 -2.630679e+001  0.000000e+000
      vertex  3.194222e+000 -2.630679e+001  0.000000e+000
    endloop
  endfacet
  facet normal  0.000000e+000  -0.000000e+000 -1.000000e+000
    outer loop
      vertex  1.937324e-014 -2.750000e+001  0.000000e+000
      vertex  3.194222e+000 -2.630679e+001  0.000000e+000
      vertex  6.119326e+000 -2.681052e+001  0.000000e+000
    endloop
  endfacet
  facet normal  0.000000e+000  0.000000e+000 -1.000000e+000
    outer loop
      vertex  6.119326e+000 -2.681052e+001  0.000000e+000
      vertex  3.194222e+000 -2.630679e+001  0.000000e+000
      vertex  9.397030e+000 -2.477793e+001  0.000000e+000
    endloop
  endfacet
  facet normal  0.000000e+000  -0.000000e+000 -9.999999e-001
    outer loop
      vertex  6.119326e+000 -2.681052e+001  0.000000e+000
      vertex  9.397030e+000 -2.477793e+001  0.000000e+000
      vertex  1.193180e+001 -2.477664e+001  0.000000e+000
    endloop
  endfacet
  facet normal  -0.000000e+000  0.000000e+000 -1.000000e+000
    outer loop
      vertex  1.193180e+001 -2.477664e+001  0.000000e+000
      vertex  9.397030e+000 -2.477793e+001  0.000000e+000
      vertex  1.505372e+001 -2.180907e+001  0.000000e+000
    endloop
  endfacet
  facet normal  0.000000e+000  -0.000000e+000 -1.000000e+000
    outer loop
      vertex  1.193180e+001 -2.477664e+001  0.000000e+000
      vertex  1.505372e+001 -2.180907e+001  0.000000e+000
      vertex  1.714597e+001 -2.150037e+001  0.000000e+000
    endloop
  endfacet
  facet normal  -0.000000e+000  0.000000e+000 -1.000000e+000
    outer loop
      vertex  1.714597e+001 -2.150037e+001  0.000000e+000
      vertex  1.505372e+001 -2.180907e+001  0.000000e+000
      vertex  1.983554e+001 -1.757275e+001  0.000000e+000
    endloop
  endfacet
  facet normal  0.000000e+000  -0.000000e+000 -1.000000e+000
    outer loop
      vertex  1.714597e+001 -2.150037e+001  0.000000e+000
      vertex  1.983554e+001 -1.757275e+001  0.000000e+000
      vertex  2.150037e+001 -1.714597e+001  0.000000e+000
    endloop
  endfacet
  facet normal  -0.000000e+000  0.000000e+000 -9.999999e-001
    outer loop
      vertex  2.150037e+001 -1.714597e+001  0.000000e+000
      vertex  1.983554e+001 -1.757275e+001  0.000000e+000
      vertex  2.346458e+001 -1.231516e+001  0.000000e+000
    endloop
  endfacet
  facet normal  0.000000e+000  -0.000000e+000 -1.000000e+000
    outer loop
      vertex  2.150037e+001 -1.714597e+001  0.000000e+000
      vertex  2.346458e+001 -1.231516e+001  0.000000e+000
      vertex  2.477664e+001 -1.193180e+001  0.000000e+000
    endloop
  endfacet
  facet normal  -0.000000e+000  0.000000e+000 -1.000000e+000
    outer loop
      vertex  2.477664e+001 -1.193180e+001  0.000000e+000
      vertex  2.346458e+001 -1.231516e+001  0.000000e+000
      vertex  2.572996e+001 -6.341865e+000  0.000000e+000
    endloop
  endfacet
  facet normal  0.000000e+000  -0.000000e+000 -1.000000e+000
    outer loop
      vertex  2.477664e+001 -1.193180e+001  0.000000e+000
      vertex  2.572996e+001 -6.341865e+000  0.000000e+000
      vertex  2.681052e+001 -6.119326e+000  0.000000e+000
    endloop
  endfacet
  facet normal  -0.000000e+000  0.000000e+000 -1.000000e+000
    outer loop
      vertex  2.681052e+001 -6.119326e+000  0.000000e+000
      vertex  2.572996e+001 -6.341865e+000  0.000000e+000
      vertex  2.650000e+001 -1.048743e-014  0.000000e+000
    endloop
  endfacet
  facet normal  0.000000e+000  0.000000e+000 -1.000000e+000
    outer loop
      vertex  2.681052e+001 -6.119326e+000  0.000000e+000
      vertex  2.650000e+001 -1.048743e-014  0.000000e+000
      vertex  2.750000e+001  0.000000e+000  0.000000e+000
    endloop
  endfacet
  facet normal  -0.000000e+000  0.000000e+000 -9.999999e-001
    outer loop
      vertex  2.750000e+001  0.000000e+000  0.000000e+000
      vertex  2.650000e+001 -1.048743e-014  0.000000e+000
      vertex  2.572996e+001  6.341865e+000  0.000000e+000
    endloop
  endfacet
  facet normal  0.000000e+000  0.000000e+000 -1.000000e+000
    outer loop
      vertex  2.750000e+001  0.000000e+000  0.000000e+000
      vertex  2.572996e+001  6.341865e+000  0.000000e+000
      vertex  2.681052e+001  6.119326e+000  0.000000e+000
    endloop
  endfacet
  facet normal  0.000000e+000  0.000000e+000 -1.000000e+000
    outer loop
      vertex  2.681052e+001  6.119326e+000  0.000000e+000
      vertex  2.572996e+001  6.341865e+000  0.000000e+000
      vertex  2.346458e+001  1.231516e+001  0.000000e+000
    endloop
  endfacet
  facet normal  0.000000e+000  0.000000e+000 -1.000000e+000
    outer loop
      vertex  2.681052e+001  6.119326e+000  0.000000e+000
      vertex  2.346458e+001  1.231516e+001  0.000000e+000
      vertex  2.477664e+001  1.193180e+001  0.000000e+000
    endloop
  endfacet
  facet normal  0.000000e+000  0.000000e+000 -1.000000e+000
    outer loop
      vertex  2.477664e+001  1.193180e+001  0.000000e+000
      vertex  2.346458e+001  1.231516e+001  0.000000e+000
      vertex  1.983554e+001  1.757275e+001  0.000000e+000
    endloop
  endfacet
  facet normal  0.000000e+000  0.000000e+000 -1.000000e+000
    outer loop
      vertex  2.477664e+001  1.193180e+001  0.000000e+000
      vertex  1.983554e+001  1.757275e+001  0.000000e+000
      vertex  2.150037e+001  1.714597e+001  0.000000e+000
    endloop
  endfacet
  facet normal  0.000000e+000  0.000000e+000 -1.000000e+000
    outer loop
      vertex  2.150037e+001  1.714597e+001  0.000000e+000
      vertex  1.983554e+001  1.757275e+001  0.000000e+000
      vertex  1.505372e+001  2.180907e+001  0.000000e+000
    endloop
  endfacet
  facet normal  0.000000e+000  0.000000e+000 -1.000000e+000
    outer loop
      vertex  2.150037e+001  1.714597e+001  0.000000e+000
      vertex  1.505372e+001  2.180907e+001  0.000000e+000
      vertex  1.714597e+001  2.150037e+001  0.000000e+000
    endloop
  endfacet
  facet normal  0.000000e+000  0.000000e+000 -1.000000e+000
    outer loop
      vertex  1.714597e+001  2.150037e+001  0.000000e+000
      vertex  1.505372e+001  2.180907e+001  0.000000e+000
      vertex  9.397030e+000  2.477793e+001  0.000000e+000
    endloop
  endfacet
  facet normal  0.000000e+000  0.000000e+000 -1.000000e+000
    outer loop
      vertex  1.714597e+001  2.150037e+001  0.000000e+000
      vertex  9.397030e+000  2.477793e+001  0.000000e+000
      vertex  1.193180e+001  2.477664e+001  0.000000e+000
    endloop
  endfacet
  facet normal  0.000000e+000  0.000000e+000 -1.000000e+000
    outer loop
      vertex  1.193180e+001  2.477664e+001  0.000000e+000
      vertex  9.397030e+000  2.477793e+001  0.000000e+000
      vertex  3.194222e+000  2.630679e+001  0.000000e+000
    endloop
  endfacet
  facet normal  0.000000e+000  0.000000e+000 -1.000000e+000
    outer loop
      vertex  1.193180e+001  2.477664e+001  0.000000e+000
      vertex  3.194222e+000  2.630679e+001  0.000000e+000
      vertex  6.119326e+000  2.681052e+001  0.000000e+000
    endloop
  endfacet
  facet normal  0.000000e+000  0.000000e+000 -9.999999e-001
    outer loop
      vertex  6.119326e+000  2.681052e+001  0.000000e+000
      vertex  3.194222e+000  2.630679e+001  0.000000e+000
      vertex -3.194222e+000  2.630679e+001  0.000000e+000
    endloop
  endfacet
  facet normal  0.000000e+000  0.000000e+000 -1.000000e+000
    outer loop
      vertex  6.119326e+000  2.681052e+001  0.000000e+000
      vertex -3.194222e+000  2.630679e+001  0.000000e+000
      vertex  1.683889e-015  2.750000e+001  0.000000e+000
    endloop
  endfacet
  facet normal  0.000000e+000  0.000000e+000 -1.000000e+000
    outer loop
      vertex  1.683889e-015  2.750000e+001  0.000000e+000
      vertex -3.194222e+000  2.630679e+001  0.000000e+000
      vertex -6.119326e+000  2.681052e+001  0.000000e+000
    endloop
  endfacet
  facet normal  0.000000e+000  -0.000000e+000 -1.000000e+000
    outer loop
      vertex -6.119326e+000  2.681052e+001  0.000000e+000
      vertex -3.194222e+000  2.630679e+001  0.000000e+000
      vertex -9.397030e+000  2.477793e+001  0.000000e+000
    endloop
  endfacet
  facet normal  -0.000000e+000  0.000000e+000 -9.999999e-001
    outer loop
      vertex -6.119326e+000  2.681052e+001  0.000000e+000
      vertex -9.397030e+000  2.477793e+001  0.000000e+000
      vertex -1.193180e+001  2.477664e+001  0.000000e+000
    endloop
  endfacet
  facet normal  0.000000e+000  -0.000000e+000 -1.000000e+000
    outer loop
      vertex -1.193180e+001  2.477664e+001  0.000000e+000
      vertex -9.397030e+000  2.477793e+001  0.000000e+000
      vertex -1.505372e+001  2.180907e+001  0.000000e+000
    endloop
  endfacet
  facet normal  -0.000000e+000  0.000000e+000 -1.000000e+000
    outer loop
      vertex -1.193180e+001  2.477664e+001  0.000000e+000
      vertex -1.505372e+001  2.180907e+001  0.000000e+000
      vertex -1.714597e+001  2.150037e+001  0.000000e+000
    endloop
  endfacet
  facet normal  0.000000e+000  -0.000000e+000 -1.000000e+000
    outer loop
      vertex -1.714597e+001  2.150037e+001  0.000000e+000
      vertex -1.505372e+001  2.180907e+001  0.000000e+000
      vertex -1.983554e+001  1.757275e+001  0.000000e+000
    endloop
  endfacet
  facet normal  -0.000000e+000  0.000000e+000 -1.000000e+000
    outer loop
      vertex -1.714597e+001  2.150037e+001  0.000000e+000
      vertex -1.983554e+001  1.757275e+001  0.000000e+000
      vertex -2.150037e+001  1.714597e+001  0.000000e+000
    endloop
  endfacet
  facet normal  0.000000e+000  -0.000000e+000 -9.999999e-001
    outer loop
      vertex -2.150037e+001  1.714597e+001  0.000000e+000
      vertex -1.983554e+001  1.757275e+001  0.000000e+000
      vertex -2.346458e+001  1.231516e+001  0.000000e+000
    endloop
  endfacet
  facet normal  -0.000000e+000  0.000000e+000 -1.000000e+000
    outer loop
      vertex -2.150037e+001  1.714597e+001  0.000000e+000
      vertex -2.346458e+001  1.231516e+001  0.000000e+000
      vertex -2.477664e+001  1.193180e+001  0.000000e+000
    endloop
  endfacet
  facet normal  0.000000e+000  -0.000000e+000 -1.000000e+000
    outer loop
      vertex -2.477664e+001  1.193180e+001  0.000000e+000
      vertex -2.346458e+001  1.231516e+001  0.000000e+000
      vertex -2.572996e+001  6.341865e+000  0.000000e+000
    endloop
  endfacet
  facet normal  -0.000000e+000  0.000000e+000 -1.000000e+000
    outer loop
      vertex -2.477664e+001  1.193180e+001  0.000000e+000
      vertex -2.572996e+001  6.341865e+000  0.000000e+000
      vertex -2.681052e+001  6.119326e+000  0.000000e+000
    endloop
  endfacet
  facet normal  0.000000e+000  0.000000e+000 -1.000000e+000
    outer loop
      vertex -2.681052e+001  6.119326e+000  0.000000e+000
      vertex -2.572996e+001  6.341865e+000  0.000000e+000
      vertex -2.650000e+001  3.646108e-010  0.000000e+000
    endloop
  endfacet
  facet normal  -0.000000e+000  0.000000e+000 -1.000000e+000
    outer loop
      vertex -2.681052e+001  6.119326e+000  0.000000e+000
      vertex -2.650000e+001  3.646108e-010  0.000000e+000
      vertex -2.750000e+001  3.367779e-015  0.000000e+000
    endloop
  endfacet
  facet normal  0.000000e+000  0.000000e+000 -1.000000e+000
    outer loop
      vertex -2.750000e+001  3.367779e-015  0.000000e+000
      vertex -2.650000e+001  3.646108e-010  0.000000e+000
      vertex -2.572996e+001 -6.341866e+000  0.000000e+000
    endloop
  endfacet
  facet normal  0.000000e+000  0.000000e+000 -1.000000e+000
    outer loop
      vertex -2.750000e+001  3.367779e-015  0.000000e+000
      vertex -2.572996e+001 -6.341866e+000  0.000000e+000
      vertex -2.681052e+001 -6.119326e+000  0.000000e+000
    endloop
  endfacet
  facet normal  0.000000e+000  0.000000e+000 -1.000000e+000
    outer loop
      vertex -2.681052e+001 -6.119326e+000  0.000000e+000
      vertex -2.572996e+001 -6.341866e+000  0.000000e+000
      vertex -2.346458e+001 -1.231516e+001  0.000000e+000
    endloop
  endfacet
  facet normal  0.000000e+000  0.000000e+000 -1.000000e+000
    outer loop
      vertex -2.681052e+001 -6.119326e+000  0.000000e+000
      vertex -2.346458e+001 -1.231516e+001  0.000000e+000
      vertex -2.477664e+001 -1.193180e+001  0.000000e+000
    endloop
  endfacet
  facet normal  0.000000e+000  0.000000e+000 -1.000000e+000
    outer loop
      vertex -2.477664e+001 -1.193180e+001  0.000000e+000
      vertex -2.346458e+001 -1.231516e+001  0.000000e+000
      vertex -1.983554e+001 -1.757275e+001  0.000000e+000
    endloop
  endfacet
  facet normal  0.000000e+000  0.000000e+000 -1.000000e+000
    outer loop
      vertex -2.477664e+001 -1.193180e+001  0.000000e+000
      vertex -1.983554e+001 -1.757275e+001  0.000000e+000
      vertex -2.150037e+001 -1.714597e+001  0.000000e+000
    endloop
  endfacet
  facet normal  0.000000e+000  0.000000e+000 -1.000000e+000
    outer loop
      vertex -2.150037e+001 -1.714597e+001  0.000000e+000
      vertex -1.983554e+001 -1.757275e+001  0.000000e+000
      vertex -1.505372e+001 -2.180907e+001  0.000000e+000
    endloop
  endfacet
  facet normal  0.000000e+000  0.000000e+000 -1.000000e+000
    outer loop
      vertex -2.150037e+001 -1.714597e+001  0.000000e+000
      vertex -1.505372e+001 -2.180907e+001  0.000000e+000
      vertex -1.714597e+001 -2.150037e+001  0.000000e+000
    endloop
  endfacet
  facet normal  0.000000e+000  0.000000e+000 -1.000000e+000
    outer loop
      vertex -1.714597e+001 -2.150037e+001  0.000000e+000
      vertex -1.505372e+001 -2.180907e+001  0.000000e+000
      vertex -9.397029e+000 -2.477793e+001  0.000000e+000
    endloop
  endfacet
  facet normal  0.000000e+000  0.000000e+000 -1.000000e+000
    outer loop
      vertex -1.714597e+001 -2.150037e+001  0.000000e+000
      vertex -9.397029e+000 -2.477793e+001  0.000000e+000
      vertex -1.193180e+001 -2.477664e+001  0.000000e+000
    endloop
  endfacet
  facet normal  0.000000e+000  0.000000e+000 -1.000000e+000
    outer loop
      vertex -1.193180e+001 -2.477664e+001  0.000000e+000
      vertex -9.397029e+000 -2.477793e+001  0.000000e+000
      vertex -3.194222e+000 -2.630679e+001  0.000000e+000
    endloop
  endfacet
  facet normal  -0.000000e+000  0.000000e+000 -1.000000e+000
    outer loop
      vertex -1.193180e+001 -2.477664e+001  0.000000e+000
      vertex -3.194222e+000 -2.630679e+001  0.000000e+000
      vertex -6.119326e+000 -2.681052e+001  0.000000e+000
    endloop
  endfacet
  facet normal -7.045149e-001 -8.554365e-002 -7.045149e-001
    outer loop
      vertex  2.650000e+001 -1.048743e-014  0.000000e+000
      vertex  2.450000e+001 -6.000769e-015  2.000000e+000
      vertex  2.572996e+001  6.341865e+000  0.000000e+000
    endloop
  endfacet
  facet normal -7.045149e-001 -8.554360e-002 -7.045147e-001
    outer loop
      vertex  2.572996e+001  6.341865e+000  0.000000e+000
      vertex  2.450000e+001 -6.000769e-015  2.000000e+000
      vertex  2.378807e+001  5.863234e+000  2.000000e+000
    endloop
  endfacet
  facet normal -6.635711e-001 -2.516593e-001 -7.045147e-001
    outer loop
      vertex  2.572996e+001  6.341865e+000  0.000000e+000
      vertex  2.378807e+001  5.863234e+000  2.000000e+000
      vertex  2.346458e+001  1.231516e+001  0.000000e+000
    endloop
  endfacet
  facet normal -6.635709e-001 -2.516593e-001 -7.045149e-001
    outer loop
      vertex  2.346458e+001  1.231516e+001  0.000000e+000
      vertex  2.378807e+001  5.863234e+000  2.000000e+000
      vertex  2.169367e+001  1.138572e+001  2.000000e+000
    endloop
  endfacet
  facet normal -5.840628e-001 -4.031494e-001 -7.045149e-001
    outer loop
      vertex  2.346458e+001  1.231516e+001  0.000000e+000
      vertex  2.169367e+001  1.138572e+001  2.000000e+000
      vertex  1.983554e+001  1.757275e+001  0.000000e+000
    endloop
  endfacet
  facet normal -5.840628e-001 -4.031494e-001 -7.045149e-001
    outer loop
      vertex  1.983554e+001  1.757275e+001  0.000000e+000
      vertex  2.169367e+001  1.138572e+001  2.000000e+000
      vertex  1.833851e+001  1.624651e+001  2.000000e+000
    endloop
  endfacet
  facet normal -4.706110e-001 -5.312100e-001 -7.045148e-001
    outer loop
      vertex  1.983554e+001  1.757275e+001  0.000000e+000
      vertex  1.833851e+001  1.624651e+001  2.000000e+000
      vertex  1.505372e+001  2.180907e+001  0.000000e+000
    endloop
  endfacet
  facet normal -4.706111e-001 -5.312101e-001 -7.045148e-001
    outer loop
      vertex  1.505372e+001  2.180907e+001  0.000000e+000
      vertex  1.833851e+001  1.624651e+001  2.000000e+000
      vertex  1.391759e+001  2.016311e+001  2.000000e+000
    endloop
  endfacet
  facet normal -3.298091e-001 -6.283986e-001 -7.045148e-001
    outer loop
      vertex  1.505372e+001  2.180907e+001  0.000000e+000
      vertex  1.391759e+001  2.016311e+001  2.000000e+000
      vertex  9.397030e+000  2.477793e+001  0.000000e+000
    endloop
  endfacet
  facet normal -3.298089e-001 -6.283985e-001 -7.045150e-001
    outer loop
      vertex  9.397030e+000  2.477793e+001  0.000000e+000
      vertex  1.391759e+001  2.016311e+001  2.000000e+000
      vertex  8.687819e+000  2.290790e+001  2.000000e+000
    endloop
  endfacet
  facet normal -1.698397e-001 -6.890668e-001 -7.045150e-001
    outer loop
      vertex  9.397030e+000  2.477793e+001  0.000000e+000
      vertex  8.687819e+000  2.290790e+001  2.000000e+000
      vertex  3.194222e+000  2.630679e+001  0.000000e+000
    endloop
  endfacet
  facet normal -1.698397e-001 -6.890669e-001 -7.045150e-001
    outer loop
      vertex  3.194222e+000  2.630679e+001  0.000000e+000
      vertex  8.687819e+000  2.290790e+001  2.000000e+000
      vertex  2.953149e+000  2.432137e+001  2.000000e+000
    endloop
  endfacet
  facet normal  0.000000e+000 -7.096892e-001 -7.045149e-001
    outer loop
      vertex  3.194222e+000  2.630679e+001  0.000000e+000
      vertex  2.953149e+000  2.432137e+001  2.000000e+000
      vertex -3.194222e+000  2.630679e+001  0.000000e+000
    endloop
  endfacet
  facet normal  0.000000e+000 -7.096891e-001 -7.045150e-001
    outer loop
      vertex -3.194222e+000  2.630679e+001  0.000000e+000
      vertex  2.953149e+000  2.432137e+001  2.000000e+000
      vertex -2.953149e+000  2.432137e+001  2.000000e+000
    endloop
  endfacet
  facet normal  1.698397e-001 -6.890669e-001 -7.045150e-001
    outer loop
      vertex -3.194222e+000  2.630679e+001  0.000000e+000
      vertex -2.953149e+000  2.432137e+001  2.000000e+000
      vertex -9.397030e+000  2.477793e+001  0.000000e+000
    endloop
  endfacet
  facet normal  1.698397e-001 -6.890668e-001 -7.045150e-001
    outer loop
      vertex -9.397030e+000  2.477793e+001  0.000000e+000
      vertex -2.953149e+000  2.432137e+001  2.000000e+000
      vertex -8.687819e+000  2.290790e+001  2.000000e+000
    endloop
  endfacet
  facet normal  3.298091e-001 -6.283985e-001 -7.045151e-001
    outer loop
      vertex -9.397030e+000  2.477793e+001  0.000000e+000
      vertex -8.687819e+000  2.290790e+001  2.000000e+000
      vertex -1.505372e+001  2.180907e+001  0.000000e+000
    endloop
  endfacet
  facet normal  3.298091e-001 -6.283988e-001 -7.045148e-001
    outer loop
      vertex -1.505372e+001  2.180907e+001  0.000000e+000
      vertex -8.687819e+000  2.290790e+001  2.000000e+000
      vertex -1.391759e+001  2.016311e+001  2.000000e+000
    endloop
  endfacet
  facet normal  4.706111e-001 -5.312101e-001 -7.045148e-001
    outer loop
      vertex -1.505372e+001  2.180907e+001  0.000000e+000
      vertex -1.391759e+001  2.016311e+001  2.000000e+000
      vertex -1.983554e+001  1.757275e+001  0.000000e+000
    endloop
  endfacet
  facet normal  4.706111e-001 -5.312100e-001 -7.045149e-001
    outer loop
      vertex -1.983554e+001  1.757275e+001  0.000000e+000
      vertex -1.391759e+001  2.016311e+001  2.000000e+000
      vertex -1.833851e+001  1.624651e+001  2.000000e+000
    endloop
  endfacet
  facet normal  5.840628e-001 -4.031493e-001 -7.045149e-001
    outer loop
      vertex -1.983554e+001  1.757275e+001  0.000000e+000
      vertex -1.833851e+001  1.624651e+001  2.000000e+000
      vertex -2.346458e+001  1.231516e+001  0.000000e+000
    endloop
  endfacet
  facet normal  5.840628e-001 -4.031495e-001 -7.045148e-001
    outer loop
      vertex -2.346458e+001  1.231516e+001  0.000000e+000
      vertex -1.833851e+001  1.624651e+001  2.000000e+000
      vertex -2.169367e+001  1.138572e+001  2.000000e+000
    endloop
  endfacet
  facet normal  6.635710e-001 -2.516593e-001 -7.045149e-001
    outer loop
      vertex -2.346458e+001  1.231516e+001  0.000000e+000
      vertex -2.169367e+001  1.138572e+001  2.000000e+000
      vertex -2.572996e+001  6.341865e+000  0.000000e+000
    endloop
  endfacet
  facet normal  6.635711e-001 -2.516594e-001 -7.045148e-001
    outer loop
      vertex -2.572996e+001  6.341865e+000  0.000000e+000
      vertex -2.169367e+001  1.138572e+001  2.000000e+000
      vertex -2.378807e+001  5.863234e+000  2.000000e+000
    endloop
  endfacet
  facet normal  7.045149e-001 -8.554366e-002 -7.045147e-001
    outer loop
      vertex -2.572996e+001  6.341865e+000  0.000000e+000
      vertex -2.378807e+001  5.863234e+000  2.000000e+000
      vertex -2.650000e+001  3.646108e-010  0.000000e+000
    endloop
  endfacet
  facet normal  7.045148e-001 -8.554360e-002 -7.045148e-001
    outer loop
      vertex -2.650000e+001  3.646108e-010  0.000000e+000
      vertex -2.378807e+001  5.863234e+000  2.000000e+000
      vertex -2.450000e+001  3.000385e-015  2.000000e+000
    endloop
  endfacet
  facet normal  7.045148e-001  8.554364e-002 -7.045148e-001
    outer loop
      vertex -2.650000e+001  3.646108e-010  0.000000e+000
      vertex -2.450000e+001  3.000385e-015  2.000000e+000
      vertex -2.572996e+001 -6.341866e+000  0.000000e+000
    endloop
  endfacet
  facet normal  7.045149e-001  8.554360e-002 -7.045147e-001
    outer loop
      vertex -2.572996e+001 -6.341866e+000  0.000000e+000
      vertex -2.450000e+001  3.000385e-015  2.000000e+000
      vertex -2.378807e+001 -5.863234e+000  2.000000e+000
    endloop
  endfacet
  facet normal  6.635710e-001  2.516592e-001 -7.045147e-001
    outer loop
      vertex -2.572996e+001 -6.341866e+000  0.000000e+000
      vertex -2.378807e+001 -5.863234e+000  2.000000e+000
      vertex -2.346458e+001 -1.231516e+001  0.000000e+000
    endloop
  endfacet
  facet normal  6.635709e-001  2.516593e-001 -7.045150e-001
    outer loop
      vertex -2.346458e+001 -1.231516e+001  0.000000e+000
      vertex -2.378807e+001 -5.863234e+000  2.000000e+000
      vertex -2.169367e+001 -1.138572e+001  2.000000e+000
    endloop
  endfacet
  facet normal  5.840628e-001  4.031494e-001 -7.045149e-001
    outer loop
      vertex -2.346458e+001 -1.231516e+001  0.000000e+000
      vertex -2.169367e+001 -1.138572e+001  2.000000e+000
      vertex -1.983554e+001 -1.757275e+001  0.000000e+000
    endloop
  endfacet
  facet normal  5.840628e-001  4.031494e-001 -7.045149e-001
    outer loop
      vertex -1.983554e+001 -1.757275e+001  0.000000e+000
      vertex -2.169367e+001 -1.138572e+001  2.000000e+000
      vertex -1.833851e+001 -1.624651e+001  2.000000e+000
    endloop
  endfacet
  facet normal  4.706110e-001  5.312100e-001 -7.045148e-001
    outer loop
      vertex -1.983554e+001 -1.757275e+001  0.000000e+000
      vertex -1.833851e+001 -1.624651e+001  2.000000e+000
      vertex -1.505372e+001 -2.180907e+001  0.000000e+000
    endloop
  endfacet
  facet normal  4.706111e-001  5.312101e-001 -7.045148e-001
    outer loop
      vertex -1.505372e+001 -2.180907e+001  0.000000e+000
      vertex -1.833851e+001 -1.624651e+001  2.000000e+000
      vertex -1.391759e+001 -2.016311e+001  2.000000e+000
    endloop
  endfacet
  facet normal  3.298091e-001  6.283986e-001 -7.045147e-001
    outer loop
      vertex -1.505372e+001 -2.180907e+001  0.000000e+000
      vertex -1.391759e+001 -2.016311e+001  2.000000e+000
      vertex -9.397029e+000 -2.477793e+001  0.000000e+000
    endloop
  endfacet
  facet normal  3.298090e-001  6.283986e-001 -7.045149e-001
    outer loop
      vertex -9.397029e+000 -2.477793e+001  0.000000e+000
      vertex -1.391759e+001 -2.016311e+001  2.000000e+000
      vertex -8.687819e+000 -2.290790e+001  2.000000e+000
    endloop
  endfacet
  facet normal  1.698397e-001  6.890668e-001 -7.045150e-001
    outer loop
      vertex -9.397029e+000 -2.477793e+001  0.000000e+000
      vertex -8.687819e+000 -2.290790e+001  2.000000e+000
      vertex -3.194222e+000 -2.630679e+001  0.000000e+000
    endloop
  endfacet
  facet normal  1.698397e-001  6.890669e-001 -7.045150e-001
    outer loop
      vertex -3.194222e+000 -2.630679e+001  0.000000e+000
      vertex -8.687819e+000 -2.290790e+001  2.000000e+000
      vertex -2.953149e+000 -2.432137e+001  2.000000e+000
    endloop
  endfacet
  facet normal  0.000000e+000  7.096891e-001 -7.045150e-001
    outer loop
      vertex -3.194222e+000 -2.630679e+001  0.000000e+000
      vertex -2.953149e+000 -2.432137e+001  2.000000e+000
      vertex  3.194222e+000 -2.630679e+001  0.000000e+000
    endloop
  endfacet
  facet normal  0.000000e+000  7.096892e-001 -7.045150e-001
    outer loop
      vertex  3.194222e+000 -2.630679e+001  0.000000e+000
      vertex -2.953149e+000 -2.432137e+001  2.000000e+000
      vertex  2.953149e+000 -2.432137e+001  2.000000e+000
    endloop
  endfacet
  facet normal -1.698397e-001  6.890669e-001 -7.045150e-001
    outer loop
      vertex  3.194222e+000 -2.630679e+001  0.000000e+000
      vertex  2.953149e+000 -2.432137e+001  2.000000e+000
      vertex  9.397030e+000 -2.477793e+001  0.000000e+000
    endloop
  endfacet
  facet normal -1.698397e-001  6.890668e-001 -7.045150e-001
    outer loop
      vertex  9.397030e+000 -2.477793e+001  0.000000e+000
      vertex  2.953149e+000 -2.432137e+001  2.000000e+000
      vertex  8.687819e+000 -2.290790e+001  2.000000e+000
    endloop
  endfacet
  facet normal -3.298091e-001  6.283985e-001 -7.045151e-001
    outer loop
      vertex  9.397030e+000 -2.477793e+001  0.000000e+000
      vertex  8.687819e+000 -2.290790e+001  2.000000e+000
      vertex  1.505372e+001 -2.180907e+001  0.000000e+000
    endloop
  endfacet
  facet normal -3.298091e-001  6.283988e-001 -7.045148e-001
    outer loop
      vertex  1.505372e+001 -2.180907e+001  0.000000e+000
      vertex  8.687819e+000 -2.290790e+001  2.000000e+000
      vertex  1.391759e+001 -2.016311e+001  2.000000e+000
    endloop
  endfacet
  facet normal -4.706111e-001  5.312101e-001 -7.045148e-001
    outer loop
      vertex  1.505372e+001 -2.180907e+001  0.000000e+000
      vertex  1.391759e+001 -2.016311e+001  2.000000e+000
      vertex  1.983554e+001 -1.757275e+001  0.000000e+000
    endloop
  endfacet
  facet normal -4.706111e-001  5.312100e-001 -7.045149e-001
    outer loop
      vertex  1.983554e+001 -1.757275e+001  0.000000e+000
      vertex  1.391759e+001 -2.016311e+001  2.000000e+000
      vertex  1.833851e+001 -1.624651e+001  2.000000e+000
    endloop
  endfacet
  facet normal -5.840628e-001  4.031493e-001 -7.045149e-001
    outer loop
      vertex  1.983554e+001 -1.757275e+001  0.000000e+000
      vertex  1.833851e+001 -1.624651e+001  2.000000e+000
      vertex  2.346458e+001 -1.231516e+001  0.000000e+000
    endloop
  endfacet
  facet normal -5.840628e-001  4.031495e-001 -7.045148e-001
    outer loop
      vertex  2.346458e+001 -1.231516e+001  0.000000e+000
      vertex  1.833851e+001 -1.624651e+001  2.000000e+000
      vertex  2.169367e+001 -1.138572e+001  2.000000e+000
    endloop
  endfacet
  facet normal -6.635710e-001  2.516593e-001 -7.045149e-001
    outer loop
      vertex  2.346458e+001 -1.231516e+001  0.000000e+000
      vertex  2.169367e+001 -1.138572e+001  2.000000e+000
      vertex  2.572996e+001 -6.341865e+000  0.000000e+000
    endloop
  endfacet
  facet normal -6.635711e-001  2.516594e-001 -7.045148e-001
    outer loop
      vertex  2.572996e+001 -6.341865e+000  0.000000e+000
      vertex  2.169367e+001 -1.138572e+001  2.000000e+000
      vertex  2.378807e+001 -5.863234e+000  2.000000e+000
    endloop
  endfacet
  facet normal -7.045149e-001  8.554366e-002 -7.045147e-001
    outer loop
      vertex  2.572996e+001 -6.341865e+000  0.000000e+000
      vertex  2.378807e+001 -5.863234e+000  2.000000e+000
      vertex  2.650000e+001 -1.048743e-014  0.000000e+000
    endloop
  endfacet
  facet normal -7.045148e-001  8.554360e-002 -7.045148e-001
    outer loop
      vertex  2.650000e+001 -1.048743e-014  0.000000e+000
      vertex  2.378807e+001 -5.863234e+000  2.000000e+000
      vertex  2.450000e+001 -6.000769e-015  2.000000e+000
    endloop
  endfacet
  facet normal -5.502559e-001 -2.160271e-002  8.347166e-001
    outer loop
      vertex  1.555425e+000 -2.445057e+001  1.703774e+002
      vertex  3.037404e+000 -2.733174e+001  1.712797e+002
      vertex  3.278742e+000 -2.427962e+001  1.715178e+002
    endloop
  endfacet
  facet normal -8.275652e-001  2.167996e-002  5.609508e-001
    outer loop
      vertex  3.278742e+000 -2.427962e+001  1.715178e+002
      vertex  3.037404e+000 -2.733174e+001  1.712797e+002
      vertex  4.203945e+000 -2.717677e+001  1.729947e+002
    endloop
  endfacet
  facet normal -8.657395e-001 -2.156717e-002  5.000300e-001
    outer loop
      vertex  3.278742e+000 -2.427962e+001  1.715178e+002
      vertex  4.203945e+000 -2.717677e+001  1.729947e+002
      vertex  4.312542e+000 -2.411746e+001  1.733147e+002
    endloop
  endfacet
  facet normal -9.833736e-001  1.598798e-002  1.808881e-001
    outer loop
      vertex  4.312542e+000 -2.411746e+001  1.733147e+002
      vertex  4.203945e+000 -2.717677e+001  1.729947e+002
      vertex  4.500000e+000 -2.712932e+001  1.746000e+002
    endloop
  endfacet
  facet normal -9.895309e-001  0.000000e+000  1.443211e-001
    outer loop
      vertex  4.312542e+000 -2.411746e+001  1.733147e+002
      vertex  4.500000e+000 -2.712932e+001  1.746000e+002
      vertex  4.500000e+000 -2.408319e+001  1.746000e+002
    endloop
  endfacet
  facet normal -4.888419e-001  2.169590e-002  8.721026e-001
    outer loop
      vertex  3.037404e+000 -2.733174e+001  1.712797e+002
      vertex  1.555425e+000 -2.445057e+001  1.703774e+002
      vertex  1.234464e+000 -2.747228e+001  1.702726e+002
    endloop
  endfacet
  facet normal -1.215764e-001 -2.148248e-002  9.923496e-001
    outer loop
      vertex  1.234464e+000 -2.747228e+001  1.702726e+002
      vertex  1.555425e+000 -2.445057e+001  1.703774e+002
      vertex -4.858746e-001 -2.449518e+001  1.701263e+002
    endloop
  endfacet
  facet normal -4.696380e-002  2.194292e-002  9.986556e-001
    outer loop
      vertex  1.234464e+000 -2.747228e+001  1.702726e+002
      vertex -4.858746e-001 -2.449518e+001  1.701263e+002
      vertex -8.243293e-001 -2.748764e+001  1.701761e+002
    endloop
  endfacet
  facet normal  3.328451e-001 -2.194583e-002  9.427261e-001
    outer loop
      vertex -8.243293e-001 -2.748764e+001  1.701761e+002
      vertex -4.858746e-001 -2.449518e+001  1.701263e+002
      vertex -2.440079e+000 -2.437819e+001  1.708190e+002
    endloop
  endfacet
  facet normal  4.059649e-001  2.206603e-002  9.136222e-001
    outer loop
      vertex -8.243293e-001 -2.748764e+001  1.701761e+002
      vertex -2.440079e+000 -2.437819e+001  1.708190e+002
      vertex -2.721368e+000 -2.736502e+001  1.710161e+002
    endloop
  endfacet
  facet normal  7.192932e-001 -2.191314e-002  6.943609e-001
    outer loop
      vertex -2.721368e+000 -2.736502e+001  1.710161e+002
      vertex -2.440079e+000 -2.437819e+001  1.708190e+002
      vertex -3.873777e+000 -2.419181e+001  1.723101e+002
    endloop
  endfacet
  facet normal  7.722395e-001  2.153441e-002  6.349666e-001
    outer loop
      vertex -2.721368e+000 -2.736502e+001  1.710161e+002
      vertex -3.873777e+000 -2.419181e+001  1.723101e+002
      vertex -4.035511e+000 -2.720229e+001  1.726089e+002
    endloop
  endfacet
  facet normal  9.639604e-001 -2.550353e-002  2.648204e-001
    outer loop
      vertex -4.035511e+000 -2.720229e+001  1.726089e+002
      vertex -3.873777e+000 -2.419181e+001  1.723101e+002
      vertex -4.500000e+000 -2.408319e+001  1.746000e+002
    endloop
  endfacet
  facet normal  9.738534e-001  0.000000e+000  2.271774e-001
    outer loop
      vertex -4.035511e+000 -2.720229e+001  1.726089e+002
      vertex -4.500000e+000 -2.408319e+001  1.746000e+002
      vertex -4.500000e+000 -2.712932e+001  1.746000e+002
    endloop
  endfacet
  facet normal  5.502508e-001 -2.160339e-002 -8.347200e-001
    outer loop
      vertex -1.555425e+000 -2.445057e+001  1.788226e+002
      vertex -3.037404e+000 -2.733174e+001  1.779203e+002
      vertex -3.278742e+000 -2.427962e+001  1.776822e+002
    endloop
  endfacet
  facet normal  8.275676e-001  2.168042e-002 -5.609473e-001
    outer loop
      vertex -3.278742e+000 -2.427962e+001  1.776822e+002
      vertex -3.037404e+000 -2.733174e+001  1.779203e+002
      vertex -4.203945e+000 -2.717677e+001  1.762053e+002
    endloop
  endfacet
  facet normal  8.657396e-001 -2.156466e-002 -5.000299e-001
    outer loop
      vertex -3.278742e+000 -2.427962e+001  1.776822e+002
      vertex -4.203945e+000 -2.717677e+001  1.762053e+002
      vertex -4.312542e+000 -2.411746e+001  1.758853e+002
    endloop
  endfacet
  facet normal  9.833734e-001  1.598870e-002 -1.808898e-001
    outer loop
      vertex -4.312542e+000 -2.411746e+001  1.758853e+002
      vertex -4.203945e+000 -2.717677e+001  1.762053e+002
      vertex -4.500000e+000 -2.712932e+001  1.746000e+002
    endloop
  endfacet
  facet normal  9.895309e-001  0.000000e+000 -1.443211e-001
    outer loop
      vertex -4.312542e+000 -2.411746e+001  1.758853e+002
      vertex -4.500000e+000 -2.712932e+001  1.746000e+002
      vertex -4.500000e+000 -2.408319e+001  1.746000e+002
    endloop
  endfacet
  facet normal  4.888362e-001  2.169519e-002 -8.721057e-001
    outer loop
      vertex -3.037404e+000 -2.733174e+001  1.779203e+002
      vertex -1.555425e+000 -2.445057e+001  1.788226e+002
      vertex -1.234464e+000 -2.747228e+001  1.789274e+002
    endloop
  endfacet
  facet normal  1.215837e-001 -2.148168e-002 -9.923487e-001
    outer loop
      vertex -1.234464e+000 -2.747228e+001  1.789274e+002
      vertex -1.555425e+000 -2.445057e+001  1.788226e+002
      vertex  4.858746e-001 -2.449518e+001  1.790737e+002
    endloop
  endfacet
  facet normal  4.696383e-002  2.194801e-002 -9.986554e-001
    outer loop
      vertex -1.234464e+000 -2.747228e+001  1.789274e+002
      vertex  4.858746e-001 -2.449518e+001  1.790737e+002
      vertex  8.243293e-001 -2.748764e+001  1.790238e+002
    endloop
  endfacet
  facet normal -3.328454e-001 -2.194105e-002 -9.427261e-001
    outer loop
      vertex  8.243293e-001 -2.748764e+001  1.790238e+002
      vertex  4.858746e-001 -2.449518e+001  1.790737e+002
      vertex  2.440079e+000 -2.437819e+001  1.783810e+002
    endloop
  endfacet
  facet normal -4.059651e-001  2.207066e-002 -9.136220e-001
    outer loop
      vertex  8.243293e-001 -2.748764e+001  1.790238e+002
      vertex  2.440079e+000 -2.437819e+001  1.783810e+002
      vertex  2.721368e+000 -2.736502e+001  1.781839e+002
    endloop
  endfacet
  facet normal -7.192935e-001 -2.190963e-002 -6.943607e-001
    outer loop
      vertex  2.721368e+000 -2.736502e+001  1.781839e+002
      vertex  2.440079e+000 -2.437819e+001  1.783810e+002
      vertex  3.873777e+000 -2.419181e+001  1.768900e+002
    endloop
  endfacet
  facet normal -7.722395e-001  2.153760e-002 -6.349663e-001
    outer loop
      vertex  2.721368e+000 -2.736502e+001  1.781839e+002
      vertex  3.873777e+000 -2.419181e+001  1.768900e+002
      vertex  4.035511e+000 -2.720229e+001  1.765911e+002
    endloop
  endfacet
  facet normal -9.639605e-001 -2.550220e-002 -2.648204e-001
    outer loop
      vertex  4.035511e+000 -2.720229e+001  1.765911e+002
      vertex  3.873777e+000 -2.419181e+001  1.768900e+002
      vertex  4.500000e+000 -2.408319e+001  1.746000e+002
    endloop
  endfacet
  facet normal -9.738530e-001  -0.000000e+000 -2.271790e-001
    outer loop
      vertex  4.035511e+000 -2.720229e+001  1.765911e+002
      vertex  4.500000e+000 -2.408319e+001  1.746000e+002
      vertex  4.500000e+000 -2.712932e+001  1.746000e+002
    endloop
  endfacet
  facet normal -5.502533e-001 -2.160305e-002  8.347182e-001
    outer loop
      vertex  1.555425e+000 -2.445057e+001  1.003774e+002
      vertex  3.037404e+000 -2.733174e+001  1.012797e+002
      vertex  3.278742e+000 -2.427962e+001  1.015178e+002
    endloop
  endfacet
  facet normal -8.275676e-001  2.168042e-002  5.609473e-001
    outer loop
      vertex  3.278742e+000 -2.427962e+001  1.015178e+002
      vertex  3.037404e+000 -2.733174e+001  1.012797e+002
      vertex  4.203945e+000 -2.717677e+001  1.029947e+002
    endloop
  endfacet
  facet normal -8.657396e-001 -2.156466e-002  5.000299e-001
    outer loop
      vertex  3.278742e+000 -2.427962e+001  1.015178e+002
      vertex  4.203945e+000 -2.717677e+001  1.029947e+002
      vertex  4.312542e+000 -2.411746e+001  1.033147e+002
    endloop
  endfacet
  facet normal -9.833734e-001  1.598870e-002  1.808898e-001
    outer loop
      vertex  4.312542e+000 -2.411746e+001  1.033147e+002
      vertex  4.203945e+000 -2.717677e+001  1.029947e+002
      vertex  4.500000e+000 -2.712932e+001  1.046000e+002
    endloop
  endfacet
  facet normal -9.895309e-001  0.000000e+000  1.443211e-001
    outer loop
      vertex  4.312542e+000 -2.411746e+001  1.033147e+002
      vertex  4.500000e+000 -2.712932e+001  1.046000e+002
      vertex  4.500000e+000 -2.408319e+001  1.046000e+002
    endloop
  endfacet
  facet normal -4.888363e-001  2.169741e-002  8.721057e-001
    outer loop
      vertex  3.037404e+000 -2.733174e+001  1.012797e+002
      vertex  1.555425e+000 -2.445057e+001  1.003774e+002
      vertex  1.234464e+000 -2.747228e+001  1.002726e+002
    endloop
  endfacet
  facet normal -1.215801e-001 -2.147957e-002  9.923491e-001
    outer loop
      vertex  1.234464e+000 -2.747228e+001  1.002726e+002
      vertex  1.555425e+000 -2.445057e+001  1.003774e+002
      vertex -4.858746e-001 -2.449518e+001  1.001263e+002
    endloop
  endfacet
  facet normal -4.696751e-002  2.194588e-002  9.986553e-001
    outer loop
      vertex  1.234464e+000 -2.747228e+001  1.002726e+002
      vertex -4.858746e-001 -2.449518e+001  1.001263e+002
      vertex -8.243293e-001 -2.748764e+001  1.001761e+002
    endloop
  endfacet
  facet normal  3.328452e-001 -2.194344e-002  9.427261e-001
    outer loop
      vertex -8.243293e-001 -2.748764e+001  1.001761e+002
      vertex -4.858746e-001 -2.449518e+001  1.001263e+002
      vertex -2.440079e+000 -2.437819e+001  1.008190e+002
    endloop
  endfacet
  facet normal  4.059651e-001  2.206835e-002  9.136221e-001
    outer loop
      vertex -8.243293e-001 -2.748764e+001  1.001761e+002
      vertex -2.440079e+000 -2.437819e+001  1.008190e+002
      vertex -2.721368e+000 -2.736502e+001  1.010161e+002
    endloop
  endfacet
  facet normal  7.192934e-001 -2.191138e-002  6.943609e-001
    outer loop
      vertex -2.721368e+000 -2.736502e+001  1.010161e+002
      vertex -2.440079e+000 -2.437819e+001  1.008190e+002
      vertex -3.873777e+000 -2.419181e+001  1.023101e+002
    endloop
  endfacet
  facet normal  7.722395e-001  2.153600e-002  6.349664e-001
    outer loop
      vertex -2.721368e+000 -2.736502e+001  1.010161e+002
      vertex -3.873777e+000 -2.419181e+001  1.023101e+002
      vertex -4.035511e+000 -2.720229e+001  1.026089e+002
    endloop
  endfacet
  facet normal  9.639605e-001 -2.550287e-002  2.648204e-001
    outer loop
      vertex -4.035511e+000 -2.720229e+001  1.026089e+002
      vertex -3.873777e+000 -2.419181e+001  1.023101e+002
      vertex -4.500000e+000 -2.408319e+001  1.046000e+002
    endloop
  endfacet
  facet normal  9.738532e-001  0.000000e+000  2.271782e-001
    outer loop
      vertex -4.035511e+000 -2.720229e+001  1.026089e+002
      vertex -4.500000e+000 -2.408319e+001  1.046000e+002
      vertex -4.500000e+000 -2.712932e+001  1.046000e+002
    endloop
  endfacet
  facet normal  5.502559e-001 -2.160271e-002 -8.347166e-001
    outer loop
      vertex -1.555425e+000 -2.445057e+001  1.088226e+002
      vertex -3.037404e+000 -2.733174e+001  1.079203e+002
      vertex -3.278742e+000 -2.427962e+001  1.076822e+002
    endloop
  endfacet
  facet normal  8.275676e-001  2.168042e-002 -5.609473e-001
    outer loop
      vertex -3.278742e+000 -2.427962e+001  1.076822e+002
      vertex -3.037404e+000 -2.733174e+001  1.079203e+002
      vertex -4.203945e+000 -2.717677e+001  1.062053e+002
    endloop
  endfacet
  facet normal  8.657396e-001 -2.156466e-002 -5.000299e-001
    outer loop
      vertex -3.278742e+000 -2.427962e+001  1.076822e+002
      vertex -4.203945e+000 -2.717677e+001  1.062053e+002
      vertex -4.312542e+000 -2.411746e+001  1.058853e+002
    endloop
  endfacet
  facet normal  9.833734e-001  1.598870e-002 -1.808898e-001
    outer loop
      vertex -4.312542e+000 -2.411746e+001  1.058853e+002
      vertex -4.203945e+000 -2.717677e+001  1.062053e+002
      vertex -4.500000e+000 -2.712932e+001  1.046000e+002
    endloop
  endfacet
  facet normal  9.895309e-001  0.000000e+000 -1.443211e-001
    outer loop
      vertex -4.312542e+000 -2.411746e+001  1.058853e+002
      vertex -4.500000e+000 -2.712932e+001  1.046000e+002
      vertex -4.500000e+000 -2.408319e+001  1.046000e+002
    endloop
  endfacet
  facet normal  4.888391e-001  2.169776e-002 -8.721040e-001
    outer loop
      vertex -3.037404e+000 -2.733174e+001  1.079203e+002
      vertex -1.555425e+000 -2.445057e+001  1.088226e+002
      vertex -1.234464e+000 -2.747228e+001  1.089274e+002
    endloop
  endfacet
  facet normal  1.215765e-001 -2.147997e-002 -9.923496e-001
    outer loop
      vertex -1.234464e+000 -2.747228e+001  1.089274e+002
      vertex -1.555425e+000 -2.445057e+001  1.088226e+002
      vertex  4.858746e-001 -2.449518e+001  1.090737e+002
    endloop
  endfacet
  facet normal  4.696749e-002  2.194333e-002 -9.986553e-001
    outer loop
      vertex -1.234464e+000 -2.747228e+001  1.089274e+002
      vertex  4.858746e-001 -2.449518e+001  1.090737e+002
      vertex  8.243293e-001 -2.748764e+001  1.090239e+002
    endloop
  endfacet
  facet normal -3.328451e-001 -2.194583e-002 -9.427261e-001
    outer loop
      vertex  8.243293e-001 -2.748764e+001  1.090239e+002
      vertex  4.858746e-001 -2.449518e+001  1.090737e+002
      vertex  2.440079e+000 -2.437819e+001  1.083810e+002
    endloop
  endfacet
  facet normal -4.059649e-001  2.206603e-002 -9.136222e-001
    outer loop
      vertex  8.243293e-001 -2.748764e+001  1.090239e+002
      vertex  2.440079e+000 -2.437819e+001  1.083810e+002
      vertex  2.721368e+000 -2.736502e+001  1.081839e+002
    endloop
  endfacet
  facet normal -7.192932e-001 -2.191314e-002 -6.943609e-001
    outer loop
      vertex  2.721368e+000 -2.736502e+001  1.081839e+002
      vertex  2.440079e+000 -2.437819e+001  1.083810e+002
      vertex  3.873777e+000 -2.419181e+001  1.068899e+002
    endloop
  endfacet
  facet normal -7.722410e-001  2.153575e-002 -6.349646e-001
    outer loop
      vertex  2.721368e+000 -2.736502e+001  1.081839e+002
      vertex  3.873777e+000 -2.419181e+001  1.068899e+002
      vertex  4.035511e+000 -2.720229e+001  1.065911e+002
    endloop
  endfacet
  facet normal -9.639605e-001 -2.550287e-002 -2.648204e-001
    outer loop
      vertex  4.035511e+000 -2.720229e+001  1.065911e+002
      vertex  3.873777e+000 -2.419181e+001  1.068899e+002
      vertex  4.500000e+000 -2.408319e+001  1.046000e+002
    endloop
  endfacet
  facet normal -9.738532e-001  -0.000000e+000 -2.271782e-001
    outer loop
      vertex  4.035511e+000 -2.720229e+001  1.065911e+002
      vertex  4.500000e+000 -2.408319e+001  1.046000e+002
      vertex  4.500000e+000 -2.712932e+001  1.046000e+002
    endloop
  endfacet
  facet normal -5.502533e-001 -2.160305e-002  8.347182e-001
    outer loop
      vertex  1.555425e+000 -2.445057e+001  6.537737e+001
      vertex  3.037404e+000 -2.733174e+001  6.627973e+001
      vertex  3.278742e+000 -2.427962e+001  6.651781e+001
    endloop
  endfacet
  facet normal -8.275676e-001  2.168042e-002  5.609473e-001
    outer loop
      vertex  3.278742e+000 -2.427962e+001  6.651781e+001
      vertex  3.037404e+000 -2.733174e+001  6.627973e+001
      vertex  4.203945e+000 -2.717677e+001  6.799474e+001
    endloop
  endfacet
  facet normal -8.657396e-001 -2.156466e-002  5.000299e-001
    outer loop
      vertex  3.278742e+000 -2.427962e+001  6.651781e+001
      vertex  4.203945e+000 -2.717677e+001  6.799474e+001
      vertex  4.312542e+000 -2.411746e+001  6.831470e+001
    endloop
  endfacet
  facet normal -9.833734e-001  1.598870e-002  1.808898e-001
    outer loop
      vertex  4.312542e+000 -2.411746e+001  6.831470e+001
      vertex  4.203945e+000 -2.717677e+001  6.799474e+001
      vertex  4.500000e+000 -2.712932e+001  6.960000e+001
    endloop
  endfacet
  facet normal -9.895309e-001  0.000000e+000  1.443211e-001
    outer loop
      vertex  4.312542e+000 -2.411746e+001  6.831470e+001
      vertex  4.500000e+000 -2.712932e+001  6.960000e+001
      vertex  4.500000e+000 -2.408319e+001  6.960000e+001
    endloop
  endfacet
  facet normal -4.888363e-001  2.169741e-002  8.721057e-001
    outer loop
      vertex  3.037404e+000 -2.733174e+001  6.627973e+001
      vertex  1.555425e+000 -2.445057e+001  6.537737e+001
      vertex  1.234464e+000 -2.747228e+001  6.527264e+001
    endloop
  endfacet
  facet normal -1.215801e-001 -2.147957e-002  9.923491e-001
    outer loop
      vertex  1.234464e+000 -2.747228e+001  6.527264e+001
      vertex  1.555425e+000 -2.445057e+001  6.537737e+001
      vertex -4.858746e-001 -2.449518e+001  6.512630e+001
    endloop
  endfacet
  facet normal -4.696751e-002  2.194588e-002  9.986553e-001
    outer loop
      vertex  1.234464e+000 -2.747228e+001  6.527264e+001
      vertex -4.858746e-001 -2.449518e+001  6.512630e+001
      vertex -8.243293e-001 -2.748764e+001  6.517615e+001
    endloop
  endfacet
  facet normal  3.328452e-001 -2.194344e-002  9.427261e-001
    outer loop
      vertex -8.243293e-001 -2.748764e+001  6.517615e+001
      vertex -4.858746e-001 -2.449518e+001  6.512630e+001
      vertex -2.440079e+000 -2.437819e+001  6.581899e+001
    endloop
  endfacet
  facet normal  4.059651e-001  2.206835e-002  9.136221e-001
    outer loop
      vertex -8.243293e-001 -2.748764e+001  6.517615e+001
      vertex -2.440079e+000 -2.437819e+001  6.581899e+001
      vertex -2.721368e+000 -2.736502e+001  6.601613e+001
    endloop
  endfacet
  facet normal  7.192934e-001 -2.191138e-002  6.943609e-001
    outer loop
      vertex -2.721368e+000 -2.736502e+001  6.601613e+001
      vertex -2.440079e+000 -2.437819e+001  6.581899e+001
      vertex -3.873777e+000 -2.419181e+001  6.731005e+001
    endloop
  endfacet
  facet normal  7.722395e-001  2.153600e-002  6.349664e-001
    outer loop
      vertex -2.721368e+000 -2.736502e+001  6.601613e+001
      vertex -3.873777e+000 -2.419181e+001  6.731005e+001
      vertex -4.035511e+000 -2.720229e+001  6.760886e+001
    endloop
  endfacet
  facet normal  9.639605e-001 -2.550287e-002  2.648204e-001
    outer loop
      vertex -4.035511e+000 -2.720229e+001  6.760886e+001
      vertex -3.873777e+000 -2.419181e+001  6.731005e+001
      vertex -4.500000e+000 -2.408319e+001  6.960000e+001
    endloop
  endfacet
  facet normal  9.738532e-001  0.000000e+000  2.271782e-001
    outer loop
      vertex -4.035511e+000 -2.720229e+001  6.760886e+001
      vertex -4.500000e+000 -2.408319e+001  6.960000e+001
      vertex -4.500000e+000 -2.712932e+001  6.960000e+001
    endloop
  endfacet
  facet normal  5.502559e-001 -2.160271e-002 -8.347166e-001
    outer loop
      vertex -1.555425e+000 -2.445057e+001  7.382264e+001
      vertex -3.037404e+000 -2.733174e+001  7.292027e+001
      vertex -3.278742e+000 -2.427962e+001  7.268218e+001
    endloop
  endfacet
  facet normal  8.275676e-001  2.168042e-002 -5.609473e-001
    outer loop
      vertex -3.278742e+000 -2.427962e+001  7.268218e+001
      vertex -3.037404e+000 -2.733174e+001  7.292027e+001
      vertex -4.203945e+000 -2.717677e+001  7.120525e+001
    endloop
  endfacet
  facet normal  8.657396e-001 -2.156466e-002 -5.000299e-001
    outer loop
      vertex -3.278742e+000 -2.427962e+001  7.268218e+001
      vertex -4.203945e+000 -2.717677e+001  7.120525e+001
      vertex -4.312542e+000 -2.411746e+001  7.088529e+001
    endloop
  endfacet
  facet normal  9.833734e-001  1.598870e-002 -1.808898e-001
    outer loop
      vertex -4.312542e+000 -2.411746e+001  7.088529e+001
      vertex -4.203945e+000 -2.717677e+001  7.120525e+001
      vertex -4.500000e+000 -2.712932e+001  6.960000e+001
    endloop
  endfacet
  facet normal  9.895309e-001  0.000000e+000 -1.443211e-001
    outer loop
      vertex -4.312542e+000 -2.411746e+001  7.088529e+001
      vertex -4.500000e+000 -2.712932e+001  6.960000e+001
      vertex -4.500000e+000 -2.408319e+001  6.960000e+001
    endloop
  endfacet
  facet normal  4.888391e-001  2.169776e-002 -8.721040e-001
    outer loop
      vertex -3.037404e+000 -2.733174e+001  7.292027e+001
      vertex -1.555425e+000 -2.445057e+001  7.382264e+001
      vertex -1.234464e+000 -2.747228e+001  7.392737e+001
    endloop
  endfacet
  facet normal  1.215765e-001 -2.147997e-002 -9.923496e-001
    outer loop
      vertex -1.234464e+000 -2.747228e+001  7.392737e+001
      vertex -1.555425e+000 -2.445057e+001  7.382264e+001
      vertex  4.858746e-001 -2.449518e+001  7.407369e+001
    endloop
  endfacet
  facet normal  4.696749e-002  2.194333e-002 -9.986553e-001
    outer loop
      vertex -1.234464e+000 -2.747228e+001  7.392737e+001
      vertex  4.858746e-001 -2.449518e+001  7.407369e+001
      vertex  8.243293e-001 -2.748764e+001  7.402386e+001
    endloop
  endfacet
  facet normal -3.328451e-001 -2.194583e-002 -9.427261e-001
    outer loop
      vertex  8.243293e-001 -2.748764e+001  7.402386e+001
      vertex  4.858746e-001 -2.449518e+001  7.407369e+001
      vertex  2.440079e+000 -2.437819e+001  7.338100e+001
    endloop
  endfacet
  facet normal -4.059649e-001  2.206603e-002 -9.136222e-001
    outer loop
      vertex  8.243293e-001 -2.748764e+001  7.402386e+001
      vertex  2.440079e+000 -2.437819e+001  7.338100e+001
      vertex  2.721368e+000 -2.736502e+001  7.318388e+001
    endloop
  endfacet
  facet normal -7.192932e-001 -2.191314e-002 -6.943609e-001
    outer loop
      vertex  2.721368e+000 -2.736502e+001  7.318388e+001
      vertex  2.440079e+000 -2.437819e+001  7.338100e+001
      vertex  3.873777e+000 -2.419181e+001  7.188995e+001
    endloop
  endfacet
  facet normal -7.722410e-001  2.153575e-002 -6.349646e-001
    outer loop
      vertex  2.721368e+000 -2.736502e+001  7.318388e+001
      vertex  3.873777e+000 -2.419181e+001  7.188995e+001
      vertex  4.035511e+000 -2.720229e+001  7.159114e+001
    endloop
  endfacet
  facet normal -9.639605e-001 -2.550287e-002 -2.648204e-001
    outer loop
      vertex  4.035511e+000 -2.720229e+001  7.159114e+001
      vertex  3.873777e+000 -2.419181e+001  7.188995e+001
      vertex  4.500000e+000 -2.408319e+001  6.960000e+001
    endloop
  endfacet
  facet normal -9.738532e-001  -0.000000e+000 -2.271782e-001
    outer loop
      vertex  4.035511e+000 -2.720229e+001  7.159114e+001
      vertex  4.500000e+000 -2.408319e+001  6.960000e+001
      vertex  4.500000e+000 -2.712932e+001  6.960000e+001
    endloop
  endfacet
  facet normal -5.502559e-001 -2.160271e-002  8.347166e-001
    outer loop
      vertex  1.555425e+000 -2.445057e+001  1.353774e+002
      vertex  3.037404e+000 -2.733174e+001  1.362797e+002
      vertex  3.278742e+000 -2.427962e+001  1.365178e+002
    endloop
  endfacet
  facet normal -8.275652e-001  2.167996e-002  5.609508e-001
    outer loop
      vertex  3.278742e+000 -2.427962e+001  1.365178e+002
      vertex  3.037404e+000 -2.733174e+001  1.362797e+002
      vertex  4.203945e+000 -2.717677e+001  1.379947e+002
    endloop
  endfacet
  facet normal -8.657395e-001 -2.156717e-002  5.000300e-001
    outer loop
      vertex  3.278742e+000 -2.427962e+001  1.365178e+002
      vertex  4.203945e+000 -2.717677e+001  1.379947e+002
      vertex  4.312542e+000 -2.411746e+001  1.383147e+002
    endloop
  endfacet
  facet normal -9.833736e-001  1.598798e-002  1.808881e-001
    outer loop
      vertex  4.312542e+000 -2.411746e+001  1.383147e+002
      vertex  4.203945e+000 -2.717677e+001  1.379947e+002
      vertex  4.500000e+000 -2.712932e+001  1.396000e+002
    endloop
  endfacet
  facet normal -9.895309e-001  0.000000e+000  1.443211e-001
    outer loop
      vertex  4.312542e+000 -2.411746e+001  1.383147e+002
      vertex  4.500000e+000 -2.712932e+001  1.396000e+002
      vertex  4.500000e+000 -2.408319e+001  1.396000e+002
    endloop
  endfacet
  facet normal -4.888419e-001  2.169590e-002  8.721026e-001
    outer loop
      vertex  3.037404e+000 -2.733174e+001  1.362797e+002
      vertex  1.555425e+000 -2.445057e+001  1.353774e+002
      vertex  1.234464e+000 -2.747228e+001  1.352726e+002
    endloop
  endfacet
  facet normal -1.215764e-001 -2.148248e-002  9.923496e-001
    outer loop
      vertex  1.234464e+000 -2.747228e+001  1.352726e+002
      vertex  1.555425e+000 -2.445057e+001  1.353774e+002
      vertex -4.858746e-001 -2.449518e+001  1.351263e+002
    endloop
  endfacet
  facet normal -4.696380e-002  2.194292e-002  9.986556e-001
    outer loop
      vertex  1.234464e+000 -2.747228e+001  1.352726e+002
      vertex -4.858746e-001 -2.449518e+001  1.351263e+002
      vertex -8.243293e-001 -2.748764e+001  1.351761e+002
    endloop
  endfacet
  facet normal  3.328451e-001 -2.194583e-002  9.427261e-001
    outer loop
      vertex -8.243293e-001 -2.748764e+001  1.351761e+002
      vertex -4.858746e-001 -2.449518e+001  1.351263e+002
      vertex -2.440079e+000 -2.437819e+001  1.358190e+002
    endloop
  endfacet
  facet normal  4.059649e-001  2.206603e-002  9.136222e-001
    outer loop
      vertex -8.243293e-001 -2.748764e+001  1.351761e+002
      vertex -2.440079e+000 -2.437819e+001  1.358190e+002
      vertex -2.721368e+000 -2.736502e+001  1.360161e+002
    endloop
  endfacet
  facet normal  7.192932e-001 -2.191314e-002  6.943609e-001
    outer loop
      vertex -2.721368e+000 -2.736502e+001  1.360161e+002
      vertex -2.440079e+000 -2.437819e+001  1.358190e+002
      vertex -3.873777e+000 -2.419181e+001  1.373101e+002
    endloop
  endfacet
  facet normal  7.722395e-001  2.153441e-002  6.349666e-001
    outer loop
      vertex -2.721368e+000 -2.736502e+001  1.360161e+002
      vertex -3.873777e+000 -2.419181e+001  1.373101e+002
      vertex -4.035511e+000 -2.720229e+001  1.376089e+002
    endloop
  endfacet
  facet normal  9.639604e-001 -2.550353e-002  2.648204e-001
    outer loop
      vertex -4.035511e+000 -2.720229e+001  1.376089e+002
      vertex -3.873777e+000 -2.419181e+001  1.373101e+002
      vertex -4.500000e+000 -2.408319e+001  1.396000e+002
    endloop
  endfacet
  facet normal  9.738534e-001  0.000000e+000  2.271774e-001
    outer loop
      vertex -4.035511e+000 -2.720229e+001  1.376089e+002
      vertex -4.500000e+000 -2.408319e+001  1.396000e+002
      vertex -4.500000e+000 -2.712932e+001  1.396000e+002
    endloop
  endfacet
  facet normal  5.502508e-001 -2.160339e-002 -8.347200e-001
    outer loop
      vertex -1.555425e+000 -2.445057e+001  1.438226e+002
      vertex -3.037404e+000 -2.733174e+001  1.429203e+002
      vertex -3.278742e+000 -2.427962e+001  1.426822e+002
    endloop
  endfacet
  facet normal  8.275676e-001  2.168042e-002 -5.609473e-001
    outer loop
      vertex -3.278742e+000 -2.427962e+001  1.426822e+002
      vertex -3.037404e+000 -2.733174e+001  1.429203e+002
      vertex -4.203945e+000 -2.717677e+001  1.412053e+002
    endloop
  endfacet
  facet normal  8.657396e-001 -2.156466e-002 -5.000299e-001
    outer loop
      vertex -3.278742e+000 -2.427962e+001  1.426822e+002
      vertex -4.203945e+000 -2.717677e+001  1.412053e+002
      vertex -4.312542e+000 -2.411746e+001  1.408853e+002
    endloop
  endfacet
  facet normal  9.833734e-001  1.598870e-002 -1.808898e-001
    outer loop
      vertex -4.312542e+000 -2.411746e+001  1.408853e+002
      vertex -4.203945e+000 -2.717677e+001  1.412053e+002
      vertex -4.500000e+000 -2.712932e+001  1.396000e+002
    endloop
  endfacet
  facet normal  9.895309e-001  0.000000e+000 -1.443211e-001
    outer loop
      vertex -4.312542e+000 -2.411746e+001  1.408853e+002
      vertex -4.500000e+000 -2.712932e+001  1.396000e+002
      vertex -4.500000e+000 -2.408319e+001  1.396000e+002
    endloop
  endfacet
  facet normal  4.888362e-001  2.169519e-002 -8.721057e-001
    outer loop
      vertex -3.037404e+000 -2.733174e+001  1.429203e+002
      vertex -1.555425e+000 -2.445057e+001  1.438226e+002
      vertex -1.234464e+000 -2.747228e+001  1.439274e+002
    endloop
  endfacet
  facet normal  1.215837e-001 -2.148168e-002 -9.923487e-001
    outer loop
      vertex -1.234464e+000 -2.747228e+001  1.439274e+002
      vertex -1.555425e+000 -2.445057e+001  1.438226e+002
      vertex  4.858746e-001 -2.449518e+001  1.440737e+002
    endloop
  endfacet
  facet normal  4.696383e-002  2.194801e-002 -9.986554e-001
    outer loop
      vertex -1.234464e+000 -2.747228e+001  1.439274e+002
      vertex  4.858746e-001 -2.449518e+001  1.440737e+002
      vertex  8.243293e-001 -2.748764e+001  1.440238e+002
    endloop
  endfacet
  facet normal -3.328454e-001 -2.194105e-002 -9.427261e-001
    outer loop
      vertex  8.243293e-001 -2.748764e+001  1.440238e+002
      vertex  4.858746e-001 -2.449518e+001  1.440737e+002
      vertex  2.440079e+000 -2.437819e+001  1.433810e+002
    endloop
  endfacet
  facet normal -4.059651e-001  2.207066e-002 -9.136220e-001
    outer loop
      vertex  8.243293e-001 -2.748764e+001  1.440238e+002
      vertex  2.440079e+000 -2.437819e+001  1.433810e+002
      vertex  2.721368e+000 -2.736502e+001  1.431839e+002
    endloop
  endfacet
  facet normal -7.192935e-001 -2.190963e-002 -6.943607e-001
    outer loop
      vertex  2.721368e+000 -2.736502e+001  1.431839e+002
      vertex  2.440079e+000 -2.437819e+001  1.433810e+002
      vertex  3.873777e+000 -2.419181e+001  1.418900e+002
    endloop
  endfacet
  facet normal -7.722395e-001  2.153760e-002 -6.349663e-001
    outer loop
      vertex  2.721368e+000 -2.736502e+001  1.431839e+002
      vertex  3.873777e+000 -2.419181e+001  1.418900e+002
      vertex  4.035511e+000 -2.720229e+001  1.415911e+002
    endloop
  endfacet
  facet normal -9.639605e-001 -2.550220e-002 -2.648204e-001
    outer loop
      vertex  4.035511e+000 -2.720229e+001  1.415911e+002
      vertex  3.873777e+000 -2.419181e+001  1.418900e+002
      vertex  4.500000e+000 -2.408319e+001  1.396000e+002
    endloop
  endfacet
  facet normal -9.738530e-001  -0.000000e+000 -2.271790e-001
    outer loop
      vertex  4.035511e+000 -2.720229e+001  1.415911e+002
      vertex  4.500000e+000 -2.408319e+001  1.396000e+002
      vertex  4.500000e+000 -2.712932e+001  1.396000e+002
    endloop
  endfacet
  facet normal -9.100990e-001 -4.143538e-001  5.545571e-003
    outer loop
      vertex -2.558063e+001 -1.009363e+001  1.800000e+002
      vertex -2.477664e+001 -1.193180e+001  1.746000e+002
      vertex -2.564644e+001 -9.925220e+000  1.817827e+002
    endloop
  endfacet
  facet normal -9.415513e-001 -3.366544e-001  1.203574e-002
    outer loop
      vertex -2.624700e+001 -8.206406e+000  1.857058e+002
      vertex -2.588563e+001 -9.283552e+000  1.838467e+002
      vertex -2.681052e+001 -6.119326e+000  2.000000e+002
    endloop
  endfacet
  facet normal -9.986209e-001 -5.249862e-002  0.000000e+000
    outer loop
      vertex -2.750000e+001  3.367779e-015  1.898000e+002
      vertex -2.734841e+001 -2.883457e+000  1.893916e+002
      vertex -2.750000e+001  3.367779e-015  2.000000e+002
    endloop
  endfacet
  facet normal -9.937122e-001 -1.119644e-001  0.000000e+000
    outer loop
      vertex -2.750000e+001  3.367779e-015  0.000000e+000
      vertex -2.681052e+001 -6.119326e+000  0.000000e+000
      vertex -2.681052e+001 -6.119326e+000  6.960000e+001
    endloop
  endfacet
  facet normal -9.937122e-001 -1.119644e-001  0.000000e+000
    outer loop
      vertex -2.750000e+001  3.367779e-015  0.000000e+000
      vertex -2.681052e+001 -6.119326e+000  6.960000e+001
      vertex -2.681052e+001 -6.119326e+000  1.046000e+002
    endloop
  endfacet
  facet normal -9.937121e-001 -1.119644e-001  0.000000e+000
    outer loop
      vertex -2.750000e+001  3.367779e-015  0.000000e+000
      vertex -2.681052e+001 -6.119326e+000  1.046000e+002
      vertex -2.681052e+001 -6.119326e+000  1.396000e+002
    endloop
  endfacet
  facet normal -9.892206e-001 -1.464249e-001 -1.532751e-003
    outer loop
      vertex -2.750000e+001  3.367779e-015  0.000000e+000
      vertex -2.681052e+001 -6.119326e+000  1.396000e+002
      vertex -2.741341e+001 -2.180638e+000  1.524314e+002
    endloop
  endfacet
  facet normal -9.992125e-001 -3.967896e-002  0.000000e+000
    outer loop
      vertex -2.750000e+001  3.367779e-015  0.000000e+000
      vertex -2.741341e+001 -2.180638e+000  1.524314e+002
      vertex -2.750000e+001  3.367779e-015  1.522000e+002
    endloop
  endfacet
  facet normal  9.937122e-001 -1.119644e-001  0.000000e+000
    outer loop
      vertex  2.750000e+001  0.000000e+000  0.000000e+000
      vertex  2.750000e+001  0.000000e+000  2.000000e+002
      vertex  2.681052e+001 -6.119326e+000  2.000000e+002
    endloop
  endfacet
  facet normal  9.937122e-001 -1.119644e-001  0.000000e+000
    outer loop
      vertex  2.750000e+001  0.000000e+000  0.000000e+000
      vertex  2.681052e+001 -6.119326e+000  2.000000e+002
      vertex  2.681052e+001 -6.119326e+000  1.746000e+002
    endloop
  endfacet
  facet normal  9.937122e-001 -1.119644e-001  0.000000e+000
    outer loop
      vertex  2.750000e+001  0.000000e+000  0.000000e+000
      vertex  2.681052e+001 -6.119326e+000  1.746000e+002
      vertex  2.681052e+001 -6.119326e+000  1.396000e+002
    endloop
  endfacet
  facet normal  9.937121e-001 -1.119644e-001  0.000000e+000
    outer loop
      vertex  2.750000e+001  0.000000e+000  0.000000e+000
      vertex  2.681052e+001 -6.119326e+000  1.396000e+002
      vertex  2.681052e+001 -6.119326e+000  1.046000e+002
    endloop
  endfacet
  facet normal  9.937122e-001 -1.119644e-001  0.000000e+000
    outer loop
      vertex  2.750000e+001  0.000000e+000  0.000000e+000
      vertex  2.681052e+001 -6.119326e+000  1.046000e+002
      vertex  2.681052e+001 -6.119326e+000  6.960000e+001
    endloop
  endfacet
  facet normal  9.937122e-001 -1.119644e-001  0.000000e+000
    outer loop
      vertex  2.750000e+001  0.000000e+000  0.000000e+000
      vertex  2.681052e+001 -6.119326e+000  6.960000e+001
      vertex  2.681052e+001 -6.119326e+000  0.000000e+000
    endloop
  endfacet
  facet normal  1.119644e-001 -9.937122e-001  0.000000e+000
    outer loop
      vertex  1.937324e-014 -2.750000e+001  0.000000e+000
      vertex  6.119326e+000 -2.681052e+001  0.000000e+000
      vertex  6.119326e+000 -2.681052e+001  6.960000e+001
    endloop
  endfacet
  facet normal  1.931603e-001 -9.811403e-001 -7.263395e-003
    outer loop
      vertex  1.937324e-014 -2.750000e+001  0.000000e+000
      vertex  6.119326e+000 -2.681052e+001  6.960000e+001
      vertex  4.500000e+000 -2.712932e+001  6.960000e+001
    endloop
  endfacet
  facet normal  1.983069e-001 -9.801105e-001 -7.601634e-003
    outer loop
      vertex  1.937324e-014 -2.750000e+001  0.000000e+000
      vertex  4.500000e+000 -2.712932e+001  6.960000e+001
      vertex  4.203945e+000 -2.717677e+001  6.799474e+001
    endloop
  endfacet
  facet normal  1.371339e-001 -9.905453e-001 -3.769857e-003
    outer loop
      vertex  1.937324e-014 -2.750000e+001  0.000000e+000
      vertex  4.203945e+000 -2.717677e+001  6.799474e+001
      vertex  3.037404e+000 -2.733174e+001  6.627973e+001
    endloop
  endfacet
  facet normal  7.829916e-002 -9.969293e-001 -1.057429e-003
    outer loop
      vertex  1.937324e-014 -2.750000e+001  0.000000e+000
      vertex  3.037404e+000 -2.733174e+001  6.627973e+001
      vertex  1.234464e+000 -2.747228e+001  6.527264e+001
    endloop
  endfacet
  facet normal  7.448966e-003 -9.999722e-001  2.838119e-004
    outer loop
      vertex  1.937324e-014 -2.750000e+001  0.000000e+000
      vertex  1.234464e+000 -2.747228e+001  6.527264e+001
      vertex -8.243293e-001 -2.748764e+001  6.517615e+001
    endloop
  endfacet
  facet normal -6.478363e-002 -9.978991e-001 -6.301582e-004
    outer loop
      vertex  1.937324e-014 -2.750000e+001  0.000000e+000
      vertex -8.243293e-001 -2.748764e+001  6.517615e+001
      vertex -2.721368e+000 -2.736502e+001  6.601613e+001
    endloop
  endfacet
  facet normal -1.266997e-001 -9.919360e-001 -3.194704e-003
    outer loop
      vertex  1.937324e-014 -2.750000e+001  0.000000e+000
      vertex -2.721368e+000 -2.736502e+001  6.601613e+001
      vertex -4.035511e+000 -2.720229e+001  6.760886e+001
    endloop
  endfacet
  facet normal -1.826250e-001 -9.831607e-001 -6.571474e-003
    outer loop
      vertex  1.937324e-014 -2.750000e+001  0.000000e+000
      vertex -4.035511e+000 -2.720229e+001  6.760886e+001
      vertex -4.500000e+000 -2.712932e+001  6.960000e+001
    endloop
  endfacet
  facet normal -1.931603e-001 -9.811403e-001 -7.263395e-003
    outer loop
      vertex  1.937324e-014 -2.750000e+001  0.000000e+000
      vertex -4.500000e+000 -2.712932e+001  6.960000e+001
      vertex -6.119326e+000 -2.681052e+001  6.960000e+001
    endloop
  endfacet
  facet normal -1.119644e-001 -9.937122e-001  -0.000000e+000
    outer loop
      vertex  1.937324e-014 -2.750000e+001  0.000000e+000
      vertex -6.119326e+000 -2.681052e+001  6.960000e+001
      vertex -6.119326e+000 -2.681052e+001  0.000000e+000
    endloop
  endfacet
  facet normal -9.438616e-001 -3.302716e-001 -6.774813e-003
    outer loop
      vertex -2.681052e+001 -6.119326e+000  1.396000e+002
      vertex -2.477664e+001 -1.193180e+001  1.396000e+002
      vertex -2.558063e+001 -1.009363e+001  1.620000e+002
    endloop
  endfacet
  facet normal -4.060300e-002 -9.841915e-001 -1.723904e-001
    outer loop
      vertex -2.681052e+001 -6.119326e+000  1.396000e+002
      vertex -2.558063e+001 -1.009363e+001  1.620000e+002
      vertex -2.580387e+001 -9.508430e+000  1.587116e+002
    endloop
  endfacet
  facet normal -9.356436e-001 -3.526970e-001 -1.326231e-002
    outer loop
      vertex -2.681052e+001 -6.119326e+000  1.396000e+002
      vertex -2.580387e+001 -9.508430e+000  1.587116e+002
      vertex -2.612681e+001 -8.581369e+000  1.568403e+002
    endloop
  endfacet
  facet normal -9.560987e-001 -2.930183e-001 -3.928561e-003
    outer loop
      vertex -2.681052e+001 -6.119326e+000  1.396000e+002
      vertex -2.612681e+001 -8.581369e+000  1.568403e+002
      vertex -2.651829e+001 -7.282175e+000  1.552140e+002
    endloop
  endfacet
  facet normal -9.780939e-001 -2.081453e-001  2.804013e-003
    outer loop
      vertex -2.681052e+001 -6.119326e+000  1.396000e+002
      vertex -2.651829e+001 -7.282175e+000  1.552140e+002
      vertex -2.716965e+001 -4.249725e+000  1.531109e+002
    endloop
  endfacet
  facet normal -9.927071e-001 -1.201553e-001 -9.760196e-003
    outer loop
      vertex -2.681052e+001 -6.119326e+000  1.396000e+002
      vertex -2.716965e+001 -4.249725e+000  1.531109e+002
      vertex -2.741341e+001 -2.180638e+000  1.524314e+002
    endloop
  endfacet
  facet normal -1.119644e-001 -9.937122e-001  -0.000000e+000
    outer loop
      vertex  1.937324e-014 -2.750000e+001  2.000000e+002
      vertex -6.119326e+000 -2.681052e+001  2.000000e+002
      vertex -6.119326e+000 -2.681052e+001  1.746000e+002
    endloop
  endfacet
  facet normal -1.931271e-001 -9.809720e-001  1.989943e-002
    outer loop
      vertex  1.937324e-014 -2.750000e+001  2.000000e+002
      vertex -6.119326e+000 -2.681052e+001  1.746000e+002
      vertex -4.500000e+000 -2.712932e+001  1.746000e+002
    endloop
  endfacet
  facet normal -8.892952e-001 -4.315972e-001  1.512537e-001
    outer loop
      vertex  1.937324e-014 -2.750000e+001  2.000000e+002
      vertex -4.500000e+000 -2.712932e+001  1.746000e+002
      vertex -4.203945e+000 -2.717677e+001  1.762053e+002
    endloop
  endfacet
  facet normal -1.507276e-001 -9.884872e-001  1.320220e-002
    outer loop
      vertex  1.937324e-014 -2.750000e+001  2.000000e+002
      vertex -4.203945e+000 -2.717677e+001  1.762053e+002
      vertex -3.037404e+000 -2.733174e+001  1.779203e+002
    endloop
  endfacet
  facet normal -7.957155e-002 -9.968235e-001  3.350072e-003
    outer loop
      vertex  1.937324e-014 -2.750000e+001  2.000000e+002
      vertex -3.037404e+000 -2.733174e+001  1.779203e+002
      vertex -1.234464e+000 -2.747228e+001  1.789274e+002
    endloop
  endfacet
  facet normal -7.420992e-003 -9.999720e-001 -8.807482e-004
    outer loop
      vertex  1.937324e-014 -2.750000e+001  2.000000e+002
      vertex -1.234464e+000 -2.747228e+001  1.789274e+002
      vertex  8.243293e-001 -2.748764e+001  1.790238e+002
    endloop
  endfacet
  facet normal  6.537933e-002 -9.978585e-001  1.981433e-003
    outer loop
      vertex  1.937324e-014 -2.750000e+001  2.000000e+002
      vertex  8.243293e-001 -2.748764e+001  1.790238e+002
      vertex  2.721368e+000 -2.736502e+001  1.781839e+002
    endloop
  endfacet
  facet normal  1.357697e-001 -9.906815e-001  1.080641e-002
    outer loop
      vertex  1.937324e-014 -2.750000e+001  2.000000e+002
      vertex  2.721368e+000 -2.736502e+001  1.781839e+002
      vertex  4.035511e+000 -2.720229e+001  1.765911e+002
    endloop
  endfacet
  facet normal  3.653167e-001 -9.294766e-001  5.115698e-002
    outer loop
      vertex  1.937324e-014 -2.750000e+001  2.000000e+002
      vertex  4.035511e+000 -2.720229e+001  1.765911e+002
      vertex  4.500000e+000 -2.712932e+001  1.746000e+002
    endloop
  endfacet
  facet normal  1.931271e-001 -9.809720e-001  1.989944e-002
    outer loop
      vertex  1.937324e-014 -2.750000e+001  2.000000e+002
      vertex  4.500000e+000 -2.712932e+001  1.746000e+002
      vertex  6.119326e+000 -2.681052e+001  1.746000e+002
    endloop
  endfacet
  facet normal  1.119644e-001 -9.937122e-001  0.000000e+000
    outer loop
      vertex  1.937324e-014 -2.750000e+001  2.000000e+002
      vertex  6.119326e+000 -2.681052e+001  1.746000e+002
      vertex  6.119326e+000 -2.681052e+001  2.000000e+002
    endloop
  endfacet
  facet normal -9.161964e-001 -4.007295e-001 -2.123141e-008
    outer loop
      vertex -2.558063e+001 -1.009363e+001  1.800000e+002
      vertex -2.558063e+001 -1.009363e+001  1.620000e+002
      vertex -2.477664e+001 -1.193180e+001  1.746000e+002
    endloop
  endfacet
  facet normal -9.161965e-001 -4.007294e-001  -0.000000e+000
    outer loop
      vertex -2.477664e+001 -1.193180e+001  1.746000e+002
      vertex -2.558063e+001 -1.009363e+001  1.620000e+002
      vertex -2.477664e+001 -1.193180e+001  1.396000e+002
    endloop
  endfacet
  facet normal -8.467242e-001 -5.320320e-001  0.000000e+000
    outer loop
      vertex -2.477664e+001 -1.193180e+001  1.746000e+002
      vertex -2.477664e+001 -1.193180e+001  1.396000e+002
      vertex -2.150037e+001 -1.714597e+001  1.746000e+002
    endloop
  endfacet
  facet normal -8.467242e-001 -5.320320e-001  -0.000000e+000
    outer loop
      vertex -2.150037e+001 -1.714597e+001  1.746000e+002
      vertex -2.477664e+001 -1.193180e+001  1.396000e+002
      vertex -2.150037e+001 -1.714597e+001  1.396000e+002
    endloop
  endfacet
  facet normal -7.071068e-001 -7.071068e-001  0.000000e+000
    outer loop
      vertex -2.150037e+001 -1.714597e+001  1.746000e+002
      vertex -2.150037e+001 -1.714597e+001  1.396000e+002
      vertex -1.714597e+001 -2.150037e+001  1.746000e+002
    endloop
  endfacet
  facet normal -7.071068e-001 -7.071068e-001  -0.000000e+000
    outer loop
      vertex -1.714597e+001 -2.150037e+001  1.746000e+002
      vertex -2.150037e+001 -1.714597e+001  1.396000e+002
      vertex -1.714597e+001 -2.150037e+001  1.396000e+002
    endloop
  endfacet
  facet normal -5.320320e-001 -8.467242e-001  0.000000e+000
    outer loop
      vertex -1.714597e+001 -2.150037e+001  1.746000e+002
      vertex -1.714597e+001 -2.150037e+001  1.396000e+002
      vertex -1.193180e+001 -2.477664e+001  1.746000e+002
    endloop
  endfacet
  facet normal -5.320320e-001 -8.467242e-001  -0.000000e+000
    outer loop
      vertex -1.193180e+001 -2.477664e+001  1.746000e+002
      vertex -1.714597e+001 -2.150037e+001  1.396000e+002
      vertex -1.193180e+001 -2.477664e+001  1.396000e+002
    endloop
  endfacet
  facet normal -3.302792e-001 -9.438833e-001  0.000000e+000
    outer loop
      vertex -1.193180e+001 -2.477664e+001  1.746000e+002
      vertex -1.193180e+001 -2.477664e+001  1.396000e+002
      vertex -6.119326e+000 -2.681052e+001  1.746000e+002
    endloop
  endfacet
  facet normal -3.302792e-001 -9.438833e-001  -0.000000e+000
    outer loop
      vertex -6.119326e+000 -2.681052e+001  1.746000e+002
      vertex -1.193180e+001 -2.477664e+001  1.396000e+002
      vertex -6.119326e+000 -2.681052e+001  1.396000e+002
    endloop
  endfacet
  facet normal -1.931653e-001 -9.811662e-001  0.000000e+000
    outer loop
      vertex -6.119326e+000 -2.681052e+001  1.746000e+002
      vertex -6.119326e+000 -2.681052e+001  1.396000e+002
      vertex -4.500000e+000 -2.712932e+001  1.746000e+002
    endloop
  endfacet
  facet normal -1.931653e-001 -9.811662e-001  -0.000000e+000
    outer loop
      vertex -4.500000e+000 -2.712932e+001  1.746000e+002
      vertex -6.119326e+000 -2.681052e+001  1.396000e+002
      vertex -4.500000e+000 -2.712932e+001  1.396000e+002
    endloop
  endfacet
  facet normal -1.551968e-001 -9.878836e-001  0.000000e+000
    outer loop
      vertex -4.500000e+000 -2.712932e+001  1.746000e+002
      vertex -4.500000e+000 -2.712932e+001  1.396000e+002
      vertex -4.035511e+000 -2.720229e+001  1.726089e+002
    endloop
  endfacet
  facet normal -1.585103e-001 -9.873573e-001  4.779055e-005
    outer loop
      vertex -4.035511e+000 -2.720229e+001  1.726089e+002
      vertex -4.500000e+000 -2.712932e+001  1.396000e+002
      vertex -4.203945e+000 -2.717677e+001  1.412053e+002
    endloop
  endfacet
  facet normal -1.230625e-001 -9.923989e-001 -1.464312e-004
    outer loop
      vertex -4.035511e+000 -2.720229e+001  1.726089e+002
      vertex -4.203945e+000 -2.717677e+001  1.412053e+002
      vertex -2.721368e+000 -2.736502e+001  1.710161e+002
    endloop
  endfacet
  facet normal -1.321420e-001 -9.912307e-001  3.124930e-004
    outer loop
      vertex -2.721368e+000 -2.736502e+001  1.710161e+002
      vertex -4.203945e+000 -2.717677e+001  1.412053e+002
      vertex -3.037404e+000 -2.733174e+001  1.429203e+002
    endloop
  endfacet
  facet normal -6.470593e-002 -9.979042e-001 -4.539653e-004
    outer loop
      vertex -2.721368e+000 -2.736502e+001  1.710161e+002
      vertex -3.037404e+000 -2.733174e+001  1.429203e+002
      vertex -8.243293e-001 -2.748764e+001  1.701761e+002
    endloop
  endfacet
  facet normal -7.806535e-002 -9.969481e-001  6.362386e-004
    outer loop
      vertex -8.243293e-001 -2.748764e+001  1.701761e+002
      vertex -3.037404e+000 -2.733174e+001  1.429203e+002
      vertex -1.234464e+000 -2.747228e+001  1.439274e+002
    endloop
  endfacet
  facet normal  7.495182e-003 -9.999716e-001 -7.024057e-004
    outer loop
      vertex -8.243293e-001 -2.748764e+001  1.701761e+002
      vertex -1.234464e+000 -2.747228e+001  1.439274e+002
      vertex  1.234464e+000 -2.747228e+001  1.702726e+002
    endloop
  endfacet
  facet normal -7.495182e-003 -9.999716e-001  7.024057e-004
    outer loop
      vertex  1.234464e+000 -2.747228e+001  1.702726e+002
      vertex -1.234464e+000 -2.747228e+001  1.439274e+002
      vertex  8.243293e-001 -2.748764e+001  1.440238e+002
    endloop
  endfacet
  facet normal  7.806536e-002 -9.969481e-001 -6.362387e-004
    outer loop
      vertex  1.234464e+000 -2.747228e+001  1.702726e+002
      vertex  8.243293e-001 -2.748764e+001  1.440238e+002
      vertex  3.037404e+000 -2.733174e+001  1.712797e+002
    endloop
  endfacet
  facet normal  6.470593e-002 -9.979042e-001  4.539651e-004
    outer loop
      vertex  3.037404e+000 -2.733174e+001  1.712797e+002
      vertex  8.243293e-001 -2.748764e+001  1.440238e+002
      vertex  2.721368e+000 -2.736502e+001  1.431839e+002
    endloop
  endfacet
  facet normal  1.321420e-001 -9.912307e-001 -3.124927e-004
    outer loop
      vertex  3.037404e+000 -2.733174e+001  1.712797e+002
      vertex  2.721368e+000 -2.736502e+001  1.431839e+002
      vertex  4.203945e+000 -2.717677e+001  1.729947e+002
    endloop
  endfacet
  facet normal  1.230625e-001 -9.923989e-001  1.464312e-004
    outer loop
      vertex  4.203945e+000 -2.717677e+001  1.729947e+002
      vertex  2.721368e+000 -2.736502e+001  1.431839e+002
      vertex  4.035511e+000 -2.720229e+001  1.415911e+002
    endloop
  endfacet
  facet normal  1.585103e-001 -9.873573e-001 -4.779057e-005
    outer loop
      vertex  4.203945e+000 -2.717677e+001  1.729947e+002
      vertex  4.035511e+000 -2.720229e+001  1.415911e+002
      vertex  4.500000e+000 -2.712932e+001  1.746000e+002
    endloop
  endfacet
  facet normal  1.551968e-001 -9.878836e-001  0.000000e+000
    outer loop
      vertex  4.500000e+000 -2.712932e+001  1.746000e+002
      vertex  4.035511e+000 -2.720229e+001  1.415911e+002
      vertex  4.500000e+000 -2.712932e+001  1.396000e+002
    endloop
  endfacet
  facet normal  1.931653e-001 -9.811662e-001  0.000000e+000
    outer loop
      vertex  4.500000e+000 -2.712932e+001  1.746000e+002
      vertex  4.500000e+000 -2.712932e+001  1.396000e+002
      vertex  6.119326e+000 -2.681052e+001  1.746000e+002
    endloop
  endfacet
  facet normal  1.931653e-001 -9.811662e-001  0.000000e+000
    outer loop
      vertex  6.119326e+000 -2.681052e+001  1.746000e+002
      vertex  4.500000e+000 -2.712932e+001  1.396000e+002
      vertex  6.119326e+000 -2.681052e+001  1.396000e+002
    endloop
  endfacet
  facet normal  3.302792e-001 -9.438833e-001  0.000000e+000
    outer loop
      vertex  6.119326e+000 -2.681052e+001  1.746000e+002
      vertex  6.119326e+000 -2.681052e+001  1.396000e+002
      vertex  1.193180e+001 -2.477664e+001  1.746000e+002
    endloop
  endfacet
  facet normal  3.302792e-001 -9.438833e-001  0.000000e+000
    outer loop
      vertex  1.193180e+001 -2.477664e+001  1.746000e+002
      vertex  6.119326e+000 -2.681052e+001  1.396000e+002
      vertex  1.193180e+001 -2.477664e+001  1.396000e+002
    endloop
  endfacet
  facet normal  5.320320e-001 -8.467242e-001  0.000000e+000
    outer loop
      vertex  1.193180e+001 -2.477664e+001  1.746000e+002
      vertex  1.193180e+001 -2.477664e+001  1.396000e+002
      vertex  1.714597e+001 -2.150037e+001  1.746000e+002
    endloop
  endfacet
  facet normal  5.320320e-001 -8.467242e-001  0.000000e+000
    outer loop
      vertex  1.714597e+001 -2.150037e+001  1.746000e+002
      vertex  1.193180e+001 -2.477664e+001  1.396000e+002
      vertex  1.714597e+001 -2.150037e+001  1.396000e+002
    endloop
  endfacet
  facet normal  7.071068e-001 -7.071068e-001  0.000000e+000
    outer loop
      vertex  1.714597e+001 -2.150037e+001  1.746000e+002
      vertex  1.714597e+001 -2.150037e+001  1.396000e+002
      vertex  2.150037e+001 -1.714597e+001  1.746000e+002
    endloop
  endfacet
  facet normal  7.071068e-001 -7.071068e-001  0.000000e+000
    outer loop
      vertex  2.150037e+001 -1.714597e+001  1.746000e+002
      vertex  1.714597e+001 -2.150037e+001  1.396000e+002
      vertex  2.150037e+001 -1.714597e+001  1.396000e+002
    endloop
  endfacet
  facet normal  8.467242e-001 -5.320320e-001  0.000000e+000
    outer loop
      vertex  2.150037e+001 -1.714597e+001  1.746000e+002
      vertex  2.150037e+001 -1.714597e+001  1.396000e+002
      vertex  2.477664e+001 -1.193180e+001  1.746000e+002
    endloop
  endfacet
  facet normal  8.467242e-001 -5.320320e-001  0.000000e+000
    outer loop
      vertex  2.477664e+001 -1.193180e+001  1.746000e+002
      vertex  2.150037e+001 -1.714597e+001  1.396000e+002
      vertex  2.477664e+001 -1.193180e+001  1.396000e+002
    endloop
  endfacet
  facet normal  9.438833e-001 -3.302792e-001  0.000000e+000
    outer loop
      vertex  2.477664e+001 -1.193180e+001  1.746000e+002
      vertex  2.477664e+001 -1.193180e+001  1.396000e+002
      vertex  2.681052e+001 -6.119326e+000  1.746000e+002
    endloop
  endfacet
  facet normal  9.438833e-001 -3.302792e-001  0.000000e+000
    outer loop
      vertex  2.681052e+001 -6.119326e+000  1.746000e+002
      vertex  2.477664e+001 -1.193180e+001  1.396000e+002
      vertex  2.681052e+001 -6.119326e+000  1.396000e+002
    endloop
  endfacet
  facet normal  9.438832e-001 -3.302791e-001  0.000000e+000
    outer loop
      vertex  2.681052e+001 -6.119326e+000  0.000000e+000
      vertex  2.681052e+001 -6.119326e+000  6.960000e+001
      vertex  2.477664e+001 -1.193180e+001  0.000000e+000
    endloop
  endfacet
  facet normal  9.438832e-001 -3.302791e-001  0.000000e+000
    outer loop
      vertex  2.477664e+001 -1.193180e+001  0.000000e+000
      vertex  2.681052e+001 -6.119326e+000  6.960000e+001
      vertex  2.477664e+001 -1.193180e+001  6.960000e+001
    endloop
  endfacet
  facet normal  8.467242e-001 -5.320320e-001  0.000000e+000
    outer loop
      vertex  2.477664e+001 -1.193180e+001  0.000000e+000
      vertex  2.477664e+001 -1.193180e+001  6.960000e+001
      vertex  2.150037e+001 -1.714597e+001  0.000000e+000
    endloop
  endfacet
  facet normal  8.467242e-001 -5.320320e-001  0.000000e+000
    outer loop
      vertex  2.150037e+001 -1.714597e+001  0.000000e+000
      vertex  2.477664e+001 -1.193180e+001  6.960000e+001
      vertex  2.150037e+001 -1.714597e+001  6.960000e+001
    endloop
  endfacet
  facet normal  7.071068e-001 -7.071068e-001  0.000000e+000
    outer loop
      vertex  2.150037e+001 -1.714597e+001  0.000000e+000
      vertex  2.150037e+001 -1.714597e+001  6.960000e+001
      vertex  1.714597e+001 -2.150037e+001  0.000000e+000
    endloop
  endfacet
  facet normal  7.071068e-001 -7.071068e-001  0.000000e+000
    outer loop
      vertex  1.714597e+001 -2.150037e+001  0.000000e+000
      vertex  2.150037e+001 -1.714597e+001  6.960000e+001
      vertex  1.714597e+001 -2.150037e+001  6.960000e+001
    endloop
  endfacet
  facet normal  5.320320e-001 -8.467242e-001  0.000000e+000
    outer loop
      vertex  1.714597e+001 -2.150037e+001  0.000000e+000
      vertex  1.714597e+001 -2.150037e+001  6.960000e+001
      vertex  1.193180e+001 -2.477664e+001  0.000000e+000
    endloop
  endfacet
  facet normal  5.320320e-001 -8.467242e-001  0.000000e+000
    outer loop
      vertex  1.193180e+001 -2.477664e+001  0.000000e+000
      vertex  1.714597e+001 -2.150037e+001  6.960000e+001
      vertex  1.193180e+001 -2.477664e+001  6.960000e+001
    endloop
  endfacet
  facet normal  3.302791e-001 -9.438832e-001  0.000000e+000
    outer loop
      vertex  1.193180e+001 -2.477664e+001  0.000000e+000
      vertex  1.193180e+001 -2.477664e+001  6.960000e+001
      vertex  6.119326e+000 -2.681052e+001  0.000000e+000
    endloop
  endfacet
  facet normal  3.302791e-001 -9.438832e-001  0.000000e+000
    outer loop
      vertex  6.119326e+000 -2.681052e+001  0.000000e+000
      vertex  1.193180e+001 -2.477664e+001  6.960000e+001
      vertex  6.119326e+000 -2.681052e+001  6.960000e+001
    endloop
  endfacet
  facet normal -3.302791e-001 -9.438832e-001  -0.000000e+000
    outer loop
      vertex -6.119326e+000 -2.681052e+001  0.000000e+000
      vertex -6.119326e+000 -2.681052e+001  6.960000e+001
      vertex -1.193180e+001 -2.477664e+001  0.000000e+000
    endloop
  endfacet
  facet normal -3.302791e-001 -9.438832e-001  0.000000e+000
    outer loop
      vertex -1.193180e+001 -2.477664e+001  0.000000e+000
      vertex -6.119326e+000 -2.681052e+001  6.960000e+001
      vertex -1.193180e+001 -2.477664e+001  6.960000e+001
    endloop
  endfacet
  facet normal -5.320320e-001 -8.467242e-001  -0.000000e+000
    outer loop
      vertex -1.193180e+001 -2.477664e+001  0.000000e+000
      vertex -1.193180e+001 -2.477664e+001  6.960000e+001
      vertex -1.714597e+001 -2.150037e+001  0.000000e+000
    endloop
  endfacet
  facet normal -5.320320e-001 -8.467242e-001  0.000000e+000
    outer loop
      vertex -1.714597e+001 -2.150037e+001  0.000000e+000
      vertex -1.193180e+001 -2.477664e+001  6.960000e+001
      vertex -1.714597e+001 -2.150037e+001  6.960000e+001
    endloop
  endfacet
  facet normal -7.071068e-001 -7.071068e-001  -0.000000e+000
    outer loop
      vertex -1.714597e+001 -2.150037e+001  0.000000e+000
      vertex -1.714597e+001 -2.150037e+001  6.960000e+001
      vertex -2.150037e+001 -1.714597e+001  0.000000e+000
    endloop
  endfacet
  facet normal -7.071068e-001 -7.071068e-001  0.000000e+000
    outer loop
      vertex -2.150037e+001 -1.714597e+001  0.000000e+000
      vertex -1.714597e+001 -2.150037e+001  6.960000e+001
      vertex -2.150037e+001 -1.714597e+001  6.960000e+001
    endloop
  endfacet
  facet normal -8.467242e-001 -5.320320e-001  -0.000000e+000
    outer loop
      vertex -2.150037e+001 -1.714597e+001  0.000000e+000
      vertex -2.150037e+001 -1.714597e+001  6.960000e+001
      vertex -2.477664e+001 -1.193180e+001  0.000000e+000
    endloop
  endfacet
  facet normal -8.467242e-001 -5.320320e-001  0.000000e+000
    outer loop
      vertex -2.477664e+001 -1.193180e+001  0.000000e+000
      vertex -2.150037e+001 -1.714597e+001  6.960000e+001
      vertex -2.477664e+001 -1.193180e+001  6.960000e+001
    endloop
  endfacet
  facet normal -9.438832e-001 -3.302791e-001  -0.000000e+000
    outer loop
      vertex -2.477664e+001 -1.193180e+001  0.000000e+000
      vertex -2.477664e+001 -1.193180e+001  6.960000e+001
      vertex -2.681052e+001 -6.119326e+000  0.000000e+000
    endloop
  endfacet
  facet normal -9.438832e-001 -3.302791e-001  0.000000e+000
    outer loop
      vertex -2.681052e+001 -6.119326e+000  0.000000e+000
      vertex -2.477664e+001 -1.193180e+001  6.960000e+001
      vertex -2.681052e+001 -6.119326e+000  6.960000e+001
    endloop
  endfacet
  facet normal  9.438833e-001 -3.302792e-001  0.000000e+000
    outer loop
      vertex  2.681052e+001 -6.119326e+000  6.960000e+001
      vertex  2.681052e+001 -6.119326e+000  1.046000e+002
      vertex  2.477664e+001 -1.193180e+001  6.960000e+001
    endloop
  endfacet
  facet normal  9.438833e-001 -3.302792e-001  0.000000e+000
    outer loop
      vertex  2.477664e+001 -1.193180e+001  6.960000e+001
      vertex  2.681052e+001 -6.119326e+000  1.046000e+002
      vertex  2.477664e+001 -1.193180e+001  1.046000e+002
    endloop
  endfacet
  facet normal  8.467242e-001 -5.320320e-001  0.000000e+000
    outer loop
      vertex  2.477664e+001 -1.193180e+001  6.960000e+001
      vertex  2.477664e+001 -1.193180e+001  1.046000e+002
      vertex  2.150037e+001 -1.714597e+001  6.960000e+001
    endloop
  endfacet
  facet normal  8.467242e-001 -5.320320e-001  0.000000e+000
    outer loop
      vertex  2.150037e+001 -1.714597e+001  6.960000e+001
      vertex  2.477664e+001 -1.193180e+001  1.046000e+002
      vertex  2.150037e+001 -1.714597e+001  1.046000e+002
    endloop
  endfacet
  facet normal  7.071068e-001 -7.071068e-001  0.000000e+000
    outer loop
      vertex  2.150037e+001 -1.714597e+001  6.960000e+001
      vertex  2.150037e+001 -1.714597e+001  1.046000e+002
      vertex  1.714597e+001 -2.150037e+001  6.960000e+001
    endloop
  endfacet
  facet normal  7.071068e-001 -7.071068e-001  0.000000e+000
    outer loop
      vertex  1.714597e+001 -2.150037e+001  6.960000e+001
      vertex  2.150037e+001 -1.714597e+001  1.046000e+002
      vertex  1.714597e+001 -2.150037e+001  1.046000e+002
    endloop
  endfacet
  facet normal  5.320320e-001 -8.467242e-001  0.000000e+000
    outer loop
      vertex  1.714597e+001 -2.150037e+001  6.960000e+001
      vertex  1.714597e+001 -2.150037e+001  1.046000e+002
      vertex  1.193180e+001 -2.477664e+001  6.960000e+001
    endloop
  endfacet
  facet normal  5.320320e-001 -8.467242e-001  0.000000e+000
    outer loop
      vertex  1.193180e+001 -2.477664e+001  6.960000e+001
      vertex  1.714597e+001 -2.150037e+001  1.046000e+002
      vertex  1.193180e+001 -2.477664e+001  1.046000e+002
    endloop
  endfacet
  facet normal  3.302792e-001 -9.438833e-001  0.000000e+000
    outer loop
      vertex  1.193180e+001 -2.477664e+001  6.960000e+001
      vertex  1.193180e+001 -2.477664e+001  1.046000e+002
      vertex  6.119326e+000 -2.681052e+001  6.960000e+001
    endloop
  endfacet
  facet normal  3.302792e-001 -9.438833e-001  0.000000e+000
    outer loop
      vertex  6.119326e+000 -2.681052e+001  6.960000e+001
      vertex  1.193180e+001 -2.477664e+001  1.046000e+002
      vertex  6.119326e+000 -2.681052e+001  1.046000e+002
    endloop
  endfacet
  facet normal  1.931653e-001 -9.811662e-001  0.000000e+000
    outer loop
      vertex  6.119326e+000 -2.681052e+001  6.960000e+001
      vertex  6.119326e+000 -2.681052e+001  1.046000e+002
      vertex  4.500000e+000 -2.712932e+001  6.960000e+001
    endloop
  endfacet
  facet normal  1.931653e-001 -9.811662e-001  0.000000e+000
    outer loop
      vertex  4.500000e+000 -2.712932e+001  6.960000e+001
      vertex  6.119326e+000 -2.681052e+001  1.046000e+002
      vertex  4.500000e+000 -2.712932e+001  1.046000e+002
    endloop
  endfacet
  facet normal  1.551968e-001 -9.878836e-001  0.000000e+000
    outer loop
      vertex  4.500000e+000 -2.712932e+001  6.960000e+001
      vertex  4.500000e+000 -2.712932e+001  1.046000e+002
      vertex  4.035511e+000 -2.720229e+001  7.159114e+001
    endloop
  endfacet
  facet normal  1.585103e-001 -9.873574e-001 -4.779055e-005
    outer loop
      vertex  4.035511e+000 -2.720229e+001  7.159114e+001
      vertex  4.500000e+000 -2.712932e+001  1.046000e+002
      vertex  4.203945e+000 -2.717677e+001  1.029947e+002
    endloop
  endfacet
  facet normal  1.230625e-001 -9.923989e-001  1.464311e-004
    outer loop
      vertex  4.035511e+000 -2.720229e+001  7.159114e+001
      vertex  4.203945e+000 -2.717677e+001  1.029947e+002
      vertex  2.721368e+000 -2.736502e+001  7.318388e+001
    endloop
  endfacet
  facet normal  1.321420e-001 -9.912307e-001 -3.124930e-004
    outer loop
      vertex  2.721368e+000 -2.736502e+001  7.318388e+001
      vertex  4.203945e+000 -2.717677e+001  1.029947e+002
      vertex  3.037404e+000 -2.733174e+001  1.012797e+002
    endloop
  endfacet
  facet normal  6.470593e-002 -9.979042e-001  4.539653e-004
    outer loop
      vertex  2.721368e+000 -2.736502e+001  7.318388e+001
      vertex  3.037404e+000 -2.733174e+001  1.012797e+002
      vertex  8.243293e-001 -2.748764e+001  7.402386e+001
    endloop
  endfacet
  facet normal  7.806535e-002 -9.969481e-001 -6.362386e-004
    outer loop
      vertex  8.243293e-001 -2.748764e+001  7.402386e+001
      vertex  3.037404e+000 -2.733174e+001  1.012797e+002
      vertex  1.234464e+000 -2.747228e+001  1.002726e+002
    endloop
  endfacet
  facet normal -7.495184e-003 -9.999716e-001  7.024057e-004
    outer loop
      vertex  8.243293e-001 -2.748764e+001  7.402386e+001
      vertex  1.234464e+000 -2.747228e+001  1.002726e+002
      vertex -1.234464e+000 -2.747228e+001  7.392737e+001
    endloop
  endfacet
  facet normal  7.495184e-003 -9.999716e-001 -7.024057e-004
    outer loop
      vertex -1.234464e+000 -2.747228e+001  7.392737e+001
      vertex  1.234464e+000 -2.747228e+001  1.002726e+002
      vertex -8.243293e-001 -2.748764e+001  1.001761e+002
    endloop
  endfacet
  facet normal -7.806535e-002 -9.969481e-001  6.362386e-004
    outer loop
      vertex -1.234464e+000 -2.747228e+001  7.392737e+001
      vertex -8.243293e-001 -2.748764e+001  1.001761e+002
      vertex -3.037404e+000 -2.733174e+001  7.292027e+001
    endloop
  endfacet
  facet normal -6.470594e-002 -9.979043e-001 -4.539652e-004
    outer loop
      vertex -3.037404e+000 -2.733174e+001  7.292027e+001
      vertex -8.243293e-001 -2.748764e+001  1.001761e+002
      vertex -2.721368e+000 -2.736502e+001  1.010161e+002
    endloop
  endfacet
  facet normal -1.321420e-001 -9.912307e-001  3.124929e-004
    outer loop
      vertex -3.037404e+000 -2.733174e+001  7.292027e+001
      vertex -2.721368e+000 -2.736502e+001  1.010161e+002
      vertex -4.203945e+000 -2.717677e+001  7.120525e+001
    endloop
  endfacet
  facet normal -1.230626e-001 -9.923989e-001 -1.464312e-004
    outer loop
      vertex -4.203945e+000 -2.717677e+001  7.120525e+001
      vertex -2.721368e+000 -2.736502e+001  1.010161e+002
      vertex -4.035511e+000 -2.720229e+001  1.026089e+002
    endloop
  endfacet
  facet normal -1.585103e-001 -9.873574e-001  4.779055e-005
    outer loop
      vertex -4.203945e+000 -2.717677e+001  7.120525e+001
      vertex -4.035511e+000 -2.720229e+001  1.026089e+002
      vertex -4.500000e+000 -2.712932e+001  6.960000e+001
    endloop
  endfacet
  facet normal -1.551968e-001 -9.878836e-001  0.000000e+000
    outer loop
      vertex -4.500000e+000 -2.712932e+001  6.960000e+001
      vertex -4.035511e+000 -2.720229e+001  1.026089e+002
      vertex -4.500000e+000 -2.712932e+001  1.046000e+002
    endloop
  endfacet
  facet normal -1.931653e-001 -9.811662e-001  -0.000000e+000
    outer loop
      vertex -4.500000e+000 -2.712932e+001  6.960000e+001
      vertex -4.500000e+000 -2.712932e+001  1.046000e+002
      vertex -6.119326e+000 -2.681052e+001  6.960000e+001
    endloop
  endfacet
  facet normal -1.931653e-001 -9.811662e-001  0.000000e+000
    outer loop
      vertex -6.119326e+000 -2.681052e+001  6.960000e+001
      vertex -4.500000e+000 -2.712932e+001  1.046000e+002
      vertex -6.119326e+000 -2.681052e+001  1.046000e+002
    endloop
  endfacet
  facet normal -3.302792e-001 -9.438833e-001  -0.000000e+000
    outer loop
      vertex -6.119326e+000 -2.681052e+001  6.960000e+001
      vertex -6.119326e+000 -2.681052e+001  1.046000e+002
      vertex -1.193180e+001 -2.477664e+001  6.960000e+001
    endloop
  endfacet
  facet normal -3.302792e-001 -9.438833e-001  0.000000e+000
    outer loop
      vertex -1.193180e+001 -2.477664e+001  6.960000e+001
      vertex -6.119326e+000 -2.681052e+001  1.046000e+002
      vertex -1.193180e+001 -2.477664e+001  1.046000e+002
    endloop
  endfacet
  facet normal -5.320320e-001 -8.467242e-001  -0.000000e+000
    outer loop
      vertex -1.193180e+001 -2.477664e+001  6.960000e+001
      vertex -1.193180e+001 -2.477664e+001  1.046000e+002
      vertex -1.714597e+001 -2.150037e+001  6.960000e+001
    endloop
  endfacet
  facet normal -5.320320e-001 -8.467242e-001  0.000000e+000
    outer loop
      vertex -1.714597e+001 -2.150037e+001  6.960000e+001
      vertex -1.193180e+001 -2.477664e+001  1.046000e+002
      vertex -1.714597e+001 -2.150037e+001  1.046000e+002
    endloop
  endfacet
  facet normal -7.071068e-001 -7.071068e-001  -0.000000e+000
    outer loop
      vertex -1.714597e+001 -2.150037e+001  6.960000e+001
      vertex -1.714597e+001 -2.150037e+001  1.046000e+002
      vertex -2.150037e+001 -1.714597e+001  6.960000e+001
    endloop
  endfacet
  facet normal -7.071068e-001 -7.071068e-001  0.000000e+000
    outer loop
      vertex -2.150037e+001 -1.714597e+001  6.960000e+001
      vertex -1.714597e+001 -2.150037e+001  1.046000e+002
      vertex -2.150037e+001 -1.714597e+001  1.046000e+002
    endloop
  endfacet
  facet normal -8.467242e-001 -5.320320e-001  -0.000000e+000
    outer loop
      vertex -2.150037e+001 -1.714597e+001  6.960000e+001
      vertex -2.150037e+001 -1.714597e+001  1.046000e+002
      vertex -2.477664e+001 -1.193180e+001  6.960000e+001
    endloop
  endfacet
  facet normal -8.467242e-001 -5.320320e-001  0.000000e+000
    outer loop
      vertex -2.477664e+001 -1.193180e+001  6.960000e+001
      vertex -2.150037e+001 -1.714597e+001  1.046000e+002
      vertex -2.477664e+001 -1.193180e+001  1.046000e+002
    endloop
  endfacet
  facet normal -9.438833e-001 -3.302792e-001  -0.000000e+000
    outer loop
      vertex -2.477664e+001 -1.193180e+001  6.960000e+001
      vertex -2.477664e+001 -1.193180e+001  1.046000e+002
      vertex -2.681052e+001 -6.119326e+000  6.960000e+001
    endloop
  endfacet
  facet normal -9.438833e-001 -3.302792e-001  0.000000e+000
    outer loop
      vertex -2.681052e+001 -6.119326e+000  6.960000e+001
      vertex -2.477664e+001 -1.193180e+001  1.046000e+002
      vertex -2.681052e+001 -6.119326e+000  1.046000e+002
    endloop
  endfacet
  facet normal  9.438832e-001 -3.302792e-001  0.000000e+000
    outer loop
      vertex  2.681052e+001 -6.119326e+000  1.046000e+002
      vertex  2.681052e+001 -6.119326e+000  1.396000e+002
      vertex  2.477664e+001 -1.193180e+001  1.046000e+002
    endloop
  endfacet
  facet normal  9.438832e-001 -3.302792e-001  0.000000e+000
    outer loop
      vertex  2.477664e+001 -1.193180e+001  1.046000e+002
      vertex  2.681052e+001 -6.119326e+000  1.396000e+002
      vertex  2.477664e+001 -1.193180e+001  1.396000e+002
    endloop
  endfacet
  facet normal  8.467242e-001 -5.320320e-001  0.000000e+000
    outer loop
      vertex  2.477664e+001 -1.193180e+001  1.046000e+002
      vertex  2.477664e+001 -1.193180e+001  1.396000e+002
      vertex  2.150037e+001 -1.714597e+001  1.046000e+002
    endloop
  endfacet
  facet normal  8.467242e-001 -5.320320e-001  0.000000e+000
    outer loop
      vertex  2.150037e+001 -1.714597e+001  1.046000e+002
      vertex  2.477664e+001 -1.193180e+001  1.396000e+002
      vertex  2.150037e+001 -1.714597e+001  1.396000e+002
    endloop
  endfacet
  facet normal  7.071068e-001 -7.071068e-001  0.000000e+000
    outer loop
      vertex  2.150037e+001 -1.714597e+001  1.046000e+002
      vertex  2.150037e+001 -1.714597e+001  1.396000e+002
      vertex  1.714597e+001 -2.150037e+001  1.046000e+002
    endloop
  endfacet
  facet normal  7.071068e-001 -7.071068e-001  0.000000e+000
    outer loop
      vertex  1.714597e+001 -2.150037e+001  1.046000e+002
      vertex  2.150037e+001 -1.714597e+001  1.396000e+002
      vertex  1.714597e+001 -2.150037e+001  1.396000e+002
    endloop
  endfacet
  facet normal  5.320320e-001 -8.467242e-001  0.000000e+000
    outer loop
      vertex  1.714597e+001 -2.150037e+001  1.046000e+002
      vertex  1.714597e+001 -2.150037e+001  1.396000e+002
      vertex  1.193180e+001 -2.477664e+001  1.046000e+002
    endloop
  endfacet
  facet normal  5.320320e-001 -8.467242e-001  0.000000e+000
    outer loop
      vertex  1.193180e+001 -2.477664e+001  1.046000e+002
      vertex  1.714597e+001 -2.150037e+001  1.396000e+002
      vertex  1.193180e+001 -2.477664e+001  1.396000e+002
    endloop
  endfacet
  facet normal  3.302792e-001 -9.438832e-001  0.000000e+000
    outer loop
      vertex  1.193180e+001 -2.477664e+001  1.046000e+002
      vertex  1.193180e+001 -2.477664e+001  1.396000e+002
      vertex  6.119326e+000 -2.681052e+001  1.046000e+002
    endloop
  endfacet
  facet normal  3.302792e-001 -9.438832e-001  0.000000e+000
    outer loop
      vertex  6.119326e+000 -2.681052e+001  1.046000e+002
      vertex  1.193180e+001 -2.477664e+001  1.396000e+002
      vertex  6.119326e+000 -2.681052e+001  1.396000e+002
    endloop
  endfacet
  facet normal  1.931654e-001 -9.811662e-001  0.000000e+000
    outer loop
      vertex  6.119326e+000 -2.681052e+001  1.046000e+002
      vertex  6.119326e+000 -2.681052e+001  1.396000e+002
      vertex  4.500000e+000 -2.712932e+001  1.046000e+002
    endloop
  endfacet
  facet normal  1.931654e-001 -9.811662e-001  0.000000e+000
    outer loop
      vertex  4.500000e+000 -2.712932e+001  1.046000e+002
      vertex  6.119326e+000 -2.681052e+001  1.396000e+002
      vertex  4.500000e+000 -2.712932e+001  1.396000e+002
    endloop
  endfacet
  facet normal  1.551968e-001 -9.878836e-001  0.000000e+000
    outer loop
      vertex  4.500000e+000 -2.712932e+001  1.046000e+002
      vertex  4.500000e+000 -2.712932e+001  1.396000e+002
      vertex  4.035511e+000 -2.720229e+001  1.065911e+002
    endloop
  endfacet
  facet normal  1.585103e-001 -9.873573e-001 -4.779057e-005
    outer loop
      vertex  4.035511e+000 -2.720229e+001  1.065911e+002
      vertex  4.500000e+000 -2.712932e+001  1.396000e+002
      vertex  4.203945e+000 -2.717677e+001  1.379947e+002
    endloop
  endfacet
  facet normal  1.230626e-001 -9.923989e-001  1.464312e-004
    outer loop
      vertex  4.035511e+000 -2.720229e+001  1.065911e+002
      vertex  4.203945e+000 -2.717677e+001  1.379947e+002
      vertex  2.721368e+000 -2.736502e+001  1.081839e+002
    endloop
  endfacet
  facet normal  1.321420e-001 -9.912307e-001 -3.124928e-004
    outer loop
      vertex  2.721368e+000 -2.736502e+001  1.081839e+002
      vertex  4.203945e+000 -2.717677e+001  1.379947e+002
      vertex  3.037404e+000 -2.733174e+001  1.362797e+002
    endloop
  endfacet
  facet normal  6.470594e-002 -9.979043e-001  4.539652e-004
    outer loop
      vertex  2.721368e+000 -2.736502e+001  1.081839e+002
      vertex  3.037404e+000 -2.733174e+001  1.362797e+002
      vertex  8.243293e-001 -2.748764e+001  1.090239e+002
    endloop
  endfacet
  facet normal  7.806535e-002 -9.969480e-001 -6.362389e-004
    outer loop
      vertex  8.243293e-001 -2.748764e+001  1.090239e+002
      vertex  3.037404e+000 -2.733174e+001  1.362797e+002
      vertex  1.234464e+000 -2.747228e+001  1.352726e+002
    endloop
  endfacet
  facet normal -7.495184e-003 -9.999717e-001  7.024059e-004
    outer loop
      vertex  8.243293e-001 -2.748764e+001  1.090239e+002
      vertex  1.234464e+000 -2.747228e+001  1.352726e+002
      vertex -1.234464e+000 -2.747228e+001  1.089274e+002
    endloop
  endfacet
  facet normal  7.495182e-003 -9.999716e-001 -7.024057e-004
    outer loop
      vertex -1.234464e+000 -2.747228e+001  1.089274e+002
      vertex  1.234464e+000 -2.747228e+001  1.352726e+002
      vertex -8.243293e-001 -2.748764e+001  1.351761e+002
    endloop
  endfacet
  facet normal -7.806535e-002 -9.969481e-001  6.362386e-004
    outer loop
      vertex -1.234464e+000 -2.747228e+001  1.089274e+002
      vertex -8.243293e-001 -2.748764e+001  1.351761e+002
      vertex -3.037404e+000 -2.733174e+001  1.079203e+002
    endloop
  endfacet
  facet normal -6.470594e-002 -9.979043e-001 -4.539652e-004
    outer loop
      vertex -3.037404e+000 -2.733174e+001  1.079203e+002
      vertex -8.243293e-001 -2.748764e+001  1.351761e+002
      vertex -2.721368e+000 -2.736502e+001  1.360161e+002
    endloop
  endfacet
  facet normal -1.321420e-001 -9.912307e-001  3.124929e-004
    outer loop
      vertex -3.037404e+000 -2.733174e+001  1.079203e+002
      vertex -2.721368e+000 -2.736502e+001  1.360161e+002
      vertex -4.203945e+000 -2.717677e+001  1.062053e+002
    endloop
  endfacet
  facet normal -1.230626e-001 -9.923989e-001 -1.464312e-004
    outer loop
      vertex -4.203945e+000 -2.717677e+001  1.062053e+002
      vertex -2.721368e+000 -2.736502e+001  1.360161e+002
      vertex -4.035511e+000 -2.720229e+001  1.376089e+002
    endloop
  endfacet
  facet normal -1.585103e-001 -9.873574e-001  4.779055e-005
    outer loop
      vertex -4.203945e+000 -2.717677e+001  1.062053e+002
      vertex -4.035511e+000 -2.720229e+001  1.376089e+002
      vertex -4.500000e+000 -2.712932e+001  1.046000e+002
    endloop
  endfacet
  facet normal -1.551968e-001 -9.878836e-001  0.000000e+000
    outer loop
      vertex -4.500000e+000 -2.712932e+001  1.046000e+002
      vertex -4.035511e+000 -2.720229e+001  1.376089e+002
      vertex -4.500000e+000 -2.712932e+001  1.396000e+002
    endloop
  endfacet
  facet normal -1.931654e-001 -9.811662e-001  -0.000000e+000
    outer loop
      vertex -4.500000e+000 -2.712932e+001  1.046000e+002
      vertex -4.500000e+000 -2.712932e+001  1.396000e+002
      vertex -6.119326e+000 -2.681052e+001  1.046000e+002
    endloop
  endfacet
  facet normal -1.931654e-001 -9.811662e-001  0.000000e+000
    outer loop
      vertex -6.119326e+000 -2.681052e+001  1.046000e+002
      vertex -4.500000e+000 -2.712932e+001  1.396000e+002
      vertex -6.119326e+000 -2.681052e+001  1.396000e+002
    endloop
  endfacet
  facet normal -3.302792e-001 -9.438832e-001  -0.000000e+000
    outer loop
      vertex -6.119326e+000 -2.681052e+001  1.046000e+002
      vertex -6.119326e+000 -2.681052e+001  1.396000e+002
      vertex -1.193180e+001 -2.477664e+001  1.046000e+002
    endloop
  endfacet
  facet normal -3.302792e-001 -9.438832e-001  0.000000e+000
    outer loop
      vertex -1.193180e+001 -2.477664e+001  1.046000e+002
      vertex -6.119326e+000 -2.681052e+001  1.396000e+002
      vertex -1.193180e+001 -2.477664e+001  1.396000e+002
    endloop
  endfacet
  facet normal -5.320320e-001 -8.467242e-001  -0.000000e+000
    outer loop
      vertex -1.193180e+001 -2.477664e+001  1.046000e+002
      vertex -1.193180e+001 -2.477664e+001  1.396000e+002
      vertex -1.714597e+001 -2.150037e+001  1.046000e+002
    endloop
  endfacet
  facet normal -5.320320e-001 -8.467242e-001  0.000000e+000
    outer loop
      vertex -1.714597e+001 -2.150037e+001  1.046000e+002
      vertex -1.193180e+001 -2.477664e+001  1.396000e+002
      vertex -1.714597e+001 -2.150037e+001  1.396000e+002
    endloop
  endfacet
  facet normal -7.071068e-001 -7.071068e-001  -0.000000e+000
    outer loop
      vertex -1.714597e+001 -2.150037e+001  1.046000e+002
      vertex -1.714597e+001 -2.150037e+001  1.396000e+002
      vertex -2.150037e+001 -1.714597e+001  1.046000e+002
    endloop
  endfacet
  facet normal -7.071068e-001 -7.071068e-001  0.000000e+000
    outer loop
      vertex -2.150037e+001 -1.714597e+001  1.046000e+002
      vertex -1.714597e+001 -2.150037e+001  1.396000e+002
      vertex -2.150037e+001 -1.714597e+001  1.396000e+002
    endloop
  endfacet
  facet normal -8.467242e-001 -5.320320e-001  -0.000000e+000
    outer loop
      vertex -2.150037e+001 -1.714597e+001  1.046000e+002
      vertex -2.150037e+001 -1.714597e+001  1.396000e+002
      vertex -2.477664e+001 -1.193180e+001  1.046000e+002
    endloop
  endfacet
  facet normal -8.467242e-001 -5.320320e-001  0.000000e+000
    outer loop
      vertex -2.477664e+001 -1.193180e+001  1.046000e+002
      vertex -2.150037e+001 -1.714597e+001  1.396000e+002
      vertex -2.477664e+001 -1.193180e+001  1.396000e+002
    endloop
  endfacet
  facet normal -9.438832e-001 -3.302792e-001  -0.000000e+000
    outer loop
      vertex -2.477664e+001 -1.193180e+001  1.046000e+002
      vertex -2.477664e+001 -1.193180e+001  1.396000e+002
      vertex -2.681052e+001 -6.119326e+000  1.046000e+002
    endloop
  endfacet
  facet normal -9.438832e-001 -3.302792e-001  0.000000e+000
    outer loop
      vertex -2.681052e+001 -6.119326e+000  1.046000e+002
      vertex -2.477664e+001 -1.193180e+001  1.396000e+002
      vertex -2.681052e+001 -6.119326e+000  1.396000e+002
    endloop
  endfacet
  facet normal  9.438832e-001 -3.302792e-001  0.000000e+000
    outer loop
      vertex  2.681052e+001 -6.119326e+000  1.746000e+002
      vertex  2.681052e+001 -6.119326e+000  2.000000e+002
      vertex  2.477664e+001 -1.193180e+001  1.746000e+002
    endloop
  endfacet
  facet normal  9.438832e-001 -3.302792e-001  0.000000e+000
    outer loop
      vertex  2.477664e+001 -1.193180e+001  1.746000e+002
      vertex  2.681052e+001 -6.119326e+000  2.000000e+002
      vertex  2.477664e+001 -1.193180e+001  2.000000e+002
    endloop
  endfacet
  facet normal  8.467243e-001 -5.320321e-001  0.000000e+000
    outer loop
      vertex  2.477664e+001 -1.193180e+001  1.746000e+002
      vertex  2.477664e+001 -1.193180e+001  2.000000e+002
      vertex  2.150037e+001 -1.714597e+001  1.746000e+002
    endloop
  endfacet
  facet normal  8.467243e-001 -5.320321e-001  0.000000e+000
    outer loop
      vertex  2.150037e+001 -1.714597e+001  1.746000e+002
      vertex  2.477664e+001 -1.193180e+001  2.000000e+002
      vertex  2.150037e+001 -1.714597e+001  2.000000e+002
    endloop
  endfacet
  facet normal  7.071068e-001 -7.071068e-001  0.000000e+000
    outer loop
      vertex  2.150037e+001 -1.714597e+001  1.746000e+002
      vertex  2.150037e+001 -1.714597e+001  2.000000e+002
      vertex  1.714597e+001 -2.150037e+001  1.746000e+002
    endloop
  endfacet
  facet normal  7.071068e-001 -7.071068e-001  0.000000e+000
    outer loop
      vertex  1.714597e+001 -2.150037e+001  1.746000e+002
      vertex  2.150037e+001 -1.714597e+001  2.000000e+002
      vertex  1.714597e+001 -2.150037e+001  2.000000e+002
    endloop
  endfacet
  facet normal  5.320321e-001 -8.467243e-001  0.000000e+000
    outer loop
      vertex  1.714597e+001 -2.150037e+001  1.746000e+002
      vertex  1.714597e+001 -2.150037e+001  2.000000e+002
      vertex  1.193180e+001 -2.477664e+001  1.746000e+002
    endloop
  endfacet
  facet normal  5.320321e-001 -8.467243e-001  0.000000e+000
    outer loop
      vertex  1.193180e+001 -2.477664e+001  1.746000e+002
      vertex  1.714597e+001 -2.150037e+001  2.000000e+002
      vertex  1.193180e+001 -2.477664e+001  2.000000e+002
    endloop
  endfacet
  facet normal  3.302792e-001 -9.438832e-001  0.000000e+000
    outer loop
      vertex  1.193180e+001 -2.477664e+001  1.746000e+002
      vertex  1.193180e+001 -2.477664e+001  2.000000e+002
      vertex  6.119326e+000 -2.681052e+001  1.746000e+002
    endloop
  endfacet
  facet normal  3.302792e-001 -9.438832e-001  0.000000e+000
    outer loop
      vertex  6.119326e+000 -2.681052e+001  1.746000e+002
      vertex  1.193180e+001 -2.477664e+001  2.000000e+002
      vertex  6.119326e+000 -2.681052e+001  2.000000e+002
    endloop
  endfacet
  facet normal -3.302792e-001 -9.438832e-001  -0.000000e+000
    outer loop
      vertex -6.119326e+000 -2.681052e+001  1.746000e+002
      vertex -6.119326e+000 -2.681052e+001  2.000000e+002
      vertex -1.193180e+001 -2.477664e+001  1.746000e+002
    endloop
  endfacet
  facet normal -3.302792e-001 -9.438832e-001  0.000000e+000
    outer loop
      vertex -1.193180e+001 -2.477664e+001  1.746000e+002
      vertex -6.119326e+000 -2.681052e+001  2.000000e+002
      vertex -1.193180e+001 -2.477664e+001  2.000000e+002
    endloop
  endfacet
  facet normal -5.320321e-001 -8.467243e-001  -0.000000e+000
    outer loop
      vertex -1.193180e+001 -2.477664e+001  1.746000e+002
      vertex -1.193180e+001 -2.477664e+001  2.000000e+002
      vertex -1.714597e+001 -2.150037e+001  1.746000e+002
    endloop
  endfacet
  facet normal -5.320321e-001 -8.467243e-001  0.000000e+000
    outer loop
      vertex -1.714597e+001 -2.150037e+001  1.746000e+002
      vertex -1.193180e+001 -2.477664e+001  2.000000e+002
      vertex -1.714597e+001 -2.150037e+001  2.000000e+002
    endloop
  endfacet
  facet normal -7.071068e-001 -7.071068e-001  -0.000000e+000
    outer loop
      vertex -1.714597e+001 -2.150037e+001  1.746000e+002
      vertex -1.714597e+001 -2.150037e+001  2.000000e+002
      vertex -2.150037e+001 -1.714597e+001  1.746000e+002
    endloop
  endfacet
  facet normal -7.071068e-001 -7.071068e-001  0.000000e+000
    outer loop
      vertex -2.150037e+001 -1.714597e+001  1.746000e+002
      vertex -1.714597e+001 -2.150037e+001  2.000000e+002
      vertex -2.150037e+001 -1.714597e+001  2.000000e+002
    endloop
  endfacet
  facet normal -8.467243e-001 -5.320321e-001  -0.000000e+000
    outer loop
      vertex -2.150037e+001 -1.714597e+001  1.746000e+002
      vertex -2.150037e+001 -1.714597e+001  2.000000e+002
      vertex -2.477664e+001 -1.193180e+001  1.746000e+002
    endloop
  endfacet
  facet normal -8.467243e-001 -5.320321e-001  0.000000e+000
    outer loop
      vertex -2.477664e+001 -1.193180e+001  1.746000e+002
      vertex -2.150037e+001 -1.714597e+001  2.000000e+002
      vertex -2.477664e+001 -1.193180e+001  2.000000e+002
    endloop
  endfacet
  facet normal -9.175090e-001 -3.977151e-001  -0.000000e+000
    outer loop
      vertex -2.477664e+001 -1.193180e+001  1.746000e+002
      vertex -2.477664e+001 -1.193180e+001  2.000000e+002
      vertex -2.564644e+001 -9.925220e+000  1.817827e+002
    endloop
  endfacet
  facet normal -9.438477e-001 -3.302667e-001  8.686818e-003
    outer loop
      vertex -2.564644e+001 -9.925220e+000  1.817827e+002
      vertex -2.477664e+001 -1.193180e+001  2.000000e+002
      vertex -2.681052e+001 -6.119326e+000  2.000000e+002
    endloop
  endfacet
  facet normal -8.902698e-001 -4.538513e-001  3.792930e-002
    outer loop
      vertex -2.564644e+001 -9.925220e+000  1.817827e+002
      vertex -2.681052e+001 -6.119326e+000  2.000000e+002
      vertex -2.588563e+001 -9.283552e+000  1.838467e+002
    endloop
  endfacet
  facet normal -9.935814e-001 -1.119496e-001  1.623137e-002
    outer loop
      vertex -2.750000e+001  3.367779e-015  2.000000e+002
      vertex -2.734841e+001 -2.883457e+000  1.893916e+002
      vertex -2.681052e+001 -6.119326e+000  2.000000e+002
    endloop
  endfacet
  facet normal -9.880414e-001 -1.541581e-001  3.075626e-003
    outer loop
      vertex -2.681052e+001 -6.119326e+000  2.000000e+002
      vertex -2.734841e+001 -2.883457e+000  1.893916e+002
      vertex -2.694210e+001 -5.511173e+000  1.882103e+002
    endloop
  endfacet
  facet normal -9.687569e-001 -2.480042e-001 -1.980499e-003
    outer loop
      vertex -2.681052e+001 -6.119326e+000  2.000000e+002
      vertex -2.694210e+001 -5.511173e+000  1.882103e+002
      vertex -2.624700e+001 -8.206406e+000  1.857058e+002
    endloop
  endfacet
  facet normal -5.502508e-001  2.160339e-002 -8.347200e-001
    outer loop
      vertex  1.555425e+000  2.445057e+001  1.788226e+002
      vertex  3.037404e+000  2.733174e+001  1.779203e+002
      vertex  3.278742e+000  2.427962e+001  1.776822e+002
    endloop
  endfacet
  facet normal -8.275676e-001 -2.168042e-002 -5.609473e-001
    outer loop
      vertex  3.278742e+000  2.427962e+001  1.776822e+002
      vertex  3.037404e+000  2.733174e+001  1.779203e+002
      vertex  4.203945e+000  2.717677e+001  1.762053e+002
    endloop
  endfacet
  facet normal -8.657396e-001  2.156466e-002 -5.000299e-001
    outer loop
      vertex  3.278742e+000  2.427962e+001  1.776822e+002
      vertex  4.203945e+000  2.717677e+001  1.762053e+002
      vertex  4.312542e+000  2.411746e+001  1.758853e+002
    endloop
  endfacet
  facet normal -9.833734e-001 -1.598870e-002 -1.808898e-001
    outer loop
      vertex  4.312542e+000  2.411746e+001  1.758853e+002
      vertex  4.203945e+000  2.717677e+001  1.762053e+002
      vertex  4.500000e+000  2.712932e+001  1.746000e+002
    endloop
  endfacet
  facet normal -9.895309e-001  -0.000000e+000 -1.443211e-001
    outer loop
      vertex  4.312542e+000  2.411746e+001  1.758853e+002
      vertex  4.500000e+000  2.712932e+001  1.746000e+002
      vertex  4.500000e+000  2.408319e+001  1.746000e+002
    endloop
  endfacet
  facet normal -4.888362e-001 -2.169519e-002 -8.721057e-001
    outer loop
      vertex  3.037404e+000  2.733174e+001  1.779203e+002
      vertex  1.555425e+000  2.445057e+001  1.788226e+002
      vertex  1.234464e+000  2.747228e+001  1.789274e+002
    endloop
  endfacet
  facet normal -1.215837e-001  2.148168e-002 -9.923487e-001
    outer loop
      vertex  1.234464e+000  2.747228e+001  1.789274e+002
      vertex  1.555425e+000  2.445057e+001  1.788226e+002
      vertex -4.858746e-001  2.449518e+001  1.790737e+002
    endloop
  endfacet
  facet normal -4.696383e-002 -2.194801e-002 -9.986554e-001
    outer loop
      vertex  1.234464e+000  2.747228e+001  1.789274e+002
      vertex -4.858746e-001  2.449518e+001  1.790737e+002
      vertex -8.243293e-001  2.748764e+001  1.790238e+002
    endloop
  endfacet
  facet normal  3.328454e-001  2.194105e-002 -9.427261e-001
    outer loop
      vertex -8.243293e-001  2.748764e+001  1.790238e+002
      vertex -4.858746e-001  2.449518e+001  1.790737e+002
      vertex -2.440079e+000  2.437819e+001  1.783810e+002
    endloop
  endfacet
  facet normal  4.059651e-001 -2.207066e-002 -9.136220e-001
    outer loop
      vertex -8.243293e-001  2.748764e+001  1.790238e+002
      vertex -2.440079e+000  2.437819e+001  1.783810e+002
      vertex -2.721368e+000  2.736502e+001  1.781839e+002
    endloop
  endfacet
  facet normal  7.192935e-001  2.190963e-002 -6.943607e-001
    outer loop
      vertex -2.721368e+000  2.736502e+001  1.781839e+002
      vertex -2.440079e+000  2.437819e+001  1.783810e+002
      vertex -3.873777e+000  2.419181e+001  1.768900e+002
    endloop
  endfacet
  facet normal  7.722395e-001 -2.153760e-002 -6.349663e-001
    outer loop
      vertex -2.721368e+000  2.736502e+001  1.781839e+002
      vertex -3.873777e+000  2.419181e+001  1.768900e+002
      vertex -4.035511e+000  2.720229e+001  1.765911e+002
    endloop
  endfacet
  facet normal  9.639605e-001  2.550220e-002 -2.648204e-001
    outer loop
      vertex -4.035511e+000  2.720229e+001  1.765911e+002
      vertex -3.873777e+000  2.419181e+001  1.768900e+002
      vertex -4.500000e+000  2.408319e+001  1.746000e+002
    endloop
  endfacet
  facet normal  9.738530e-001  0.000000e+000 -2.271790e-001
    outer loop
      vertex -4.035511e+000  2.720229e+001  1.765911e+002
      vertex -4.500000e+000  2.408319e+001  1.746000e+002
      vertex -4.500000e+000  2.712932e+001  1.746000e+002
    endloop
  endfacet
  facet normal  5.502559e-001  2.160271e-002  8.347166e-001
    outer loop
      vertex -1.555425e+000  2.445057e+001  1.703774e+002
      vertex -3.037404e+000  2.733174e+001  1.712797e+002
      vertex -3.278742e+000  2.427962e+001  1.715178e+002
    endloop
  endfacet
  facet normal  8.275652e-001 -2.167996e-002  5.609508e-001
    outer loop
      vertex -3.278742e+000  2.427962e+001  1.715178e+002
      vertex -3.037404e+000  2.733174e+001  1.712797e+002
      vertex -4.203945e+000  2.717677e+001  1.729947e+002
    endloop
  endfacet
  facet normal  8.657395e-001  2.156717e-002  5.000300e-001
    outer loop
      vertex -3.278742e+000  2.427962e+001  1.715178e+002
      vertex -4.203945e+000  2.717677e+001  1.729947e+002
      vertex -4.312542e+000  2.411746e+001  1.733147e+002
    endloop
  endfacet
  facet normal  9.833736e-001 -1.598798e-002  1.808881e-001
    outer loop
      vertex -4.312542e+000  2.411746e+001  1.733147e+002
      vertex -4.203945e+000  2.717677e+001  1.729947e+002
      vertex -4.500000e+000  2.712932e+001  1.746000e+002
    endloop
  endfacet
  facet normal  9.895309e-001  0.000000e+000  1.443211e-001
    outer loop
      vertex -4.312542e+000  2.411746e+001  1.733147e+002
      vertex -4.500000e+000  2.712932e+001  1.746000e+002
      vertex -4.500000e+000  2.408319e+001  1.746000e+002
    endloop
  endfacet
  facet normal  4.888419e-001 -2.169590e-002  8.721026e-001
    outer loop
      vertex -3.037404e+000  2.733174e+001  1.712797e+002
      vertex -1.555425e+000  2.445057e+001  1.703774e+002
      vertex -1.234464e+000  2.747228e+001  1.702726e+002
    endloop
  endfacet
  facet normal  1.215764e-001  2.148248e-002  9.923496e-001
    outer loop
      vertex -1.234464e+000  2.747228e+001  1.702726e+002
      vertex -1.555425e+000  2.445057e+001  1.703774e+002
      vertex  4.858746e-001  2.449518e+001  1.701263e+002
    endloop
  endfacet
  facet normal  4.696380e-002 -2.194292e-002  9.986556e-001
    outer loop
      vertex -1.234464e+000  2.747228e+001  1.702726e+002
      vertex  4.858746e-001  2.449518e+001  1.701263e+002
      vertex  8.243293e-001  2.748764e+001  1.701761e+002
    endloop
  endfacet
  facet normal -3.328451e-001  2.194583e-002  9.427261e-001
    outer loop
      vertex  8.243293e-001  2.748764e+001  1.701761e+002
      vertex  4.858746e-001  2.449518e+001  1.701263e+002
      vertex  2.440079e+000  2.437819e+001  1.708190e+002
    endloop
  endfacet
  facet normal -4.059649e-001 -2.206603e-002  9.136222e-001
    outer loop
      vertex  8.243293e-001  2.748764e+001  1.701761e+002
      vertex  2.440079e+000  2.437819e+001  1.708190e+002
      vertex  2.721368e+000  2.736502e+001  1.710161e+002
    endloop
  endfacet
  facet normal -7.192932e-001  2.191314e-002  6.943609e-001
    outer loop
      vertex  2.721368e+000  2.736502e+001  1.710161e+002
      vertex  2.440079e+000  2.437819e+001  1.708190e+002
      vertex  3.873777e+000  2.419181e+001  1.723101e+002
    endloop
  endfacet
  facet normal -7.722395e-001 -2.153441e-002  6.349666e-001
    outer loop
      vertex  2.721368e+000  2.736502e+001  1.710161e+002
      vertex  3.873777e+000  2.419181e+001  1.723101e+002
      vertex  4.035511e+000  2.720229e+001  1.726089e+002
    endloop
  endfacet
  facet normal -9.639604e-001  2.550353e-002  2.648204e-001
    outer loop
      vertex  4.035511e+000  2.720229e+001  1.726089e+002
      vertex  3.873777e+000  2.419181e+001  1.723101e+002
      vertex  4.500000e+000  2.408319e+001  1.746000e+002
    endloop
  endfacet
  facet normal -9.738534e-001  0.000000e+000  2.271774e-001
    outer loop
      vertex  4.035511e+000  2.720229e+001  1.726089e+002
      vertex  4.500000e+000  2.408319e+001  1.746000e+002
      vertex  4.500000e+000  2.712932e+001  1.746000e+002
    endloop
  endfacet
  facet normal -5.502559e-001  2.160271e-002 -8.347166e-001
    outer loop
      vertex  1.555425e+000  2.445057e+001  1.088226e+002
      vertex  3.037404e+000  2.733174e+001  1.079203e+002
      vertex  3.278742e+000  2.427962e+001  1.076822e+002
    endloop
  endfacet
  facet normal -8.275676e-001 -2.168042e-002 -5.609473e-001
    outer loop
      vertex  3.278742e+000  2.427962e+001  1.076822e+002
      vertex  3.037404e+000  2.733174e+001  1.079203e+002
      vertex  4.203945e+000  2.717677e+001  1.062053e+002
    endloop
  endfacet
  facet normal -8.657396e-001  2.156466e-002 -5.000299e-001
    outer loop
      vertex  3.278742e+000  2.427962e+001  1.076822e+002
      vertex  4.203945e+000  2.717677e+001  1.062053e+002
      vertex  4.312542e+000  2.411746e+001  1.058853e+002
    endloop
  endfacet
  facet normal -9.833734e-001 -1.598870e-002 -1.808898e-001
    outer loop
      vertex  4.312542e+000  2.411746e+001  1.058853e+002
      vertex  4.203945e+000  2.717677e+001  1.062053e+002
      vertex  4.500000e+000  2.712932e+001  1.046000e+002
    endloop
  endfacet
  facet normal -9.895309e-001  -0.000000e+000 -1.443211e-001
    outer loop
      vertex  4.312542e+000  2.411746e+001  1.058853e+002
      vertex  4.500000e+000  2.712932e+001  1.046000e+002
      vertex  4.500000e+000  2.408319e+001  1.046000e+002
    endloop
  endfacet
  facet normal -4.888391e-001 -2.169776e-002 -8.721040e-001
    outer loop
      vertex  3.037404e+000  2.733174e+001  1.079203e+002
      vertex  1.555425e+000  2.445057e+001  1.088226e+002
      vertex  1.234464e+000  2.747228e+001  1.089274e+002
    endloop
  endfacet
  facet normal -1.215765e-001  2.147997e-002 -9.923496e-001
    outer loop
      vertex  1.234464e+000  2.747228e+001  1.089274e+002
      vertex  1.555425e+000  2.445057e+001  1.088226e+002
      vertex -4.858746e-001  2.449518e+001  1.090737e+002
    endloop
  endfacet
  facet normal -4.696749e-002 -2.194333e-002 -9.986553e-001
    outer loop
      vertex  1.234464e+000  2.747228e+001  1.089274e+002
      vertex -4.858746e-001  2.449518e+001  1.090737e+002
      vertex -8.243293e-001  2.748764e+001  1.090239e+002
    endloop
  endfacet
  facet normal  3.328451e-001  2.194583e-002 -9.427261e-001
    outer loop
      vertex -8.243293e-001  2.748764e+001  1.090239e+002
      vertex -4.858746e-001  2.449518e+001  1.090737e+002
      vertex -2.440079e+000  2.437819e+001  1.083810e+002
    endloop
  endfacet
  facet normal  4.059649e-001 -2.206603e-002 -9.136222e-001
    outer loop
      vertex -8.243293e-001  2.748764e+001  1.090239e+002
      vertex -2.440079e+000  2.437819e+001  1.083810e+002
      vertex -2.721368e+000  2.736502e+001  1.081839e+002
    endloop
  endfacet
  facet normal  7.192932e-001  2.191314e-002 -6.943609e-001
    outer loop
      vertex -2.721368e+000  2.736502e+001  1.081839e+002
      vertex -2.440079e+000  2.437819e+001  1.083810e+002
      vertex -3.873777e+000  2.419181e+001  1.068899e+002
    endloop
  endfacet
  facet normal  7.722410e-001 -2.153575e-002 -6.349646e-001
    outer loop
      vertex -2.721368e+000  2.736502e+001  1.081839e+002
      vertex -3.873777e+000  2.419181e+001  1.068899e+002
      vertex -4.035511e+000  2.720229e+001  1.065911e+002
    endloop
  endfacet
  facet normal  9.639605e-001  2.550287e-002 -2.648204e-001
    outer loop
      vertex -4.035511e+000  2.720229e+001  1.065911e+002
      vertex -3.873777e+000  2.419181e+001  1.068899e+002
      vertex -4.500000e+000  2.408319e+001  1.046000e+002
    endloop
  endfacet
  facet normal  9.738532e-001  0.000000e+000 -2.271782e-001
    outer loop
      vertex -4.035511e+000  2.720229e+001  1.065911e+002
      vertex -4.500000e+000  2.408319e+001  1.046000e+002
      vertex -4.500000e+000  2.712932e+001  1.046000e+002
    endloop
  endfacet
  facet normal  5.502533e-001  2.160305e-002  8.347182e-001
    outer loop
      vertex -1.555425e+000  2.445057e+001  1.003774e+002
      vertex -3.037404e+000  2.733174e+001  1.012797e+002
      vertex -3.278742e+000  2.427962e+001  1.015178e+002
    endloop
  endfacet
  facet normal  8.275676e-001 -2.168042e-002  5.609473e-001
    outer loop
      vertex -3.278742e+000  2.427962e+001  1.015178e+002
      vertex -3.037404e+000  2.733174e+001  1.012797e+002
      vertex -4.203945e+000  2.717677e+001  1.029947e+002
    endloop
  endfacet
  facet normal  8.657396e-001  2.156466e-002  5.000299e-001
    outer loop
      vertex -3.278742e+000  2.427962e+001  1.015178e+002
      vertex -4.203945e+000  2.717677e+001  1.029947e+002
      vertex -4.312542e+000  2.411746e+001  1.033147e+002
    endloop
  endfacet
  facet normal  9.833734e-001 -1.598870e-002  1.808898e-001
    outer loop
      vertex -4.312542e+000  2.411746e+001  1.033147e+002
      vertex -4.203945e+000  2.717677e+001  1.029947e+002
      vertex -4.500000e+000  2.712932e+001  1.046000e+002
    endloop
  endfacet
  facet normal  9.895309e-001  0.000000e+000  1.443211e-001
    outer loop
      vertex -4.312542e+000  2.411746e+001  1.033147e+002
      vertex -4.500000e+000  2.712932e+001  1.046000e+002
      vertex -4.500000e+000  2.408319e+001  1.046000e+002
    endloop
  endfacet
  facet normal  4.888363e-001 -2.169741e-002  8.721057e-001
    outer loop
      vertex -3.037404e+000  2.733174e+001  1.012797e+002
      vertex -1.555425e+000  2.445057e+001  1.003774e+002
      vertex -1.234464e+000  2.747228e+001  1.002726e+002
    endloop
  endfacet
  facet normal  1.215801e-001  2.147957e-002  9.923491e-001
    outer loop
      vertex -1.234464e+000  2.747228e+001  1.002726e+002
      vertex -1.555425e+000  2.445057e+001  1.003774e+002
      vertex  4.858746e-001  2.449518e+001  1.001263e+002
    endloop
  endfacet
  facet normal  4.696751e-002 -2.194588e-002  9.986553e-001
    outer loop
      vertex -1.234464e+000  2.747228e+001  1.002726e+002
      vertex  4.858746e-001  2.449518e+001  1.001263e+002
      vertex  8.243293e-001  2.748764e+001  1.001761e+002
    endloop
  endfacet
  facet normal -3.328452e-001  2.194344e-002  9.427261e-001
    outer loop
      vertex  8.243293e-001  2.748764e+001  1.001761e+002
      vertex  4.858746e-001  2.449518e+001  1.001263e+002
      vertex  2.440079e+000  2.437819e+001  1.008190e+002
    endloop
  endfacet
  facet normal -4.059651e-001 -2.206835e-002  9.136221e-001
    outer loop
      vertex  8.243293e-001  2.748764e+001  1.001761e+002
      vertex  2.440079e+000  2.437819e+001  1.008190e+002
      vertex  2.721368e+000  2.736502e+001  1.010161e+002
    endloop
  endfacet
  facet normal -7.192934e-001  2.191138e-002  6.943609e-001
    outer loop
      vertex  2.721368e+000  2.736502e+001  1.010161e+002
      vertex  2.440079e+000  2.437819e+001  1.008190e+002
      vertex  3.873777e+000  2.419181e+001  1.023101e+002
    endloop
  endfacet
  facet normal -7.722395e-001 -2.153600e-002  6.349664e-001
    outer loop
      vertex  2.721368e+000  2.736502e+001  1.010161e+002
      vertex  3.873777e+000  2.419181e+001  1.023101e+002
      vertex  4.035511e+000  2.720229e+001  1.026089e+002
    endloop
  endfacet
  facet normal -9.639605e-001  2.550287e-002  2.648204e-001
    outer loop
      vertex  4.035511e+000  2.720229e+001  1.026089e+002
      vertex  3.873777e+000  2.419181e+001  1.023101e+002
      vertex  4.500000e+000  2.408319e+001  1.046000e+002
    endloop
  endfacet
  facet normal -9.738532e-001  0.000000e+000  2.271782e-001
    outer loop
      vertex  4.035511e+000  2.720229e+001  1.026089e+002
      vertex  4.500000e+000  2.408319e+001  1.046000e+002
      vertex  4.500000e+000  2.712932e+001  1.046000e+002
    endloop
  endfacet
  facet normal -5.502559e-001  2.160271e-002 -8.347166e-001
    outer loop
      vertex  1.555425e+000  2.445057e+001  7.382264e+001
      vertex  3.037404e+000  2.733174e+001  7.292027e+001
      vertex  3.278742e+000  2.427962e+001  7.268218e+001
    endloop
  endfacet
  facet normal -8.275676e-001 -2.168042e-002 -5.609473e-001
    outer loop
      vertex  3.278742e+000  2.427962e+001  7.268218e+001
      vertex  3.037404e+000  2.733174e+001  7.292027e+001
      vertex  4.203945e+000  2.717677e+001  7.120525e+001
    endloop
  endfacet
  facet normal -8.657396e-001  2.156466e-002 -5.000299e-001
    outer loop
      vertex  3.278742e+000  2.427962e+001  7.268218e+001
      vertex  4.203945e+000  2.717677e+001  7.120525e+001
      vertex  4.312542e+000  2.411746e+001  7.088529e+001
    endloop
  endfacet
  facet normal -9.833734e-001 -1.598870e-002 -1.808898e-001
    outer loop
      vertex  4.312542e+000  2.411746e+001  7.088529e+001
      vertex  4.203945e+000  2.717677e+001  7.120525e+001
      vertex  4.500000e+000  2.712932e+001  6.960000e+001
    endloop
  endfacet
  facet normal -9.895309e-001  -0.000000e+000 -1.443211e-001
    outer loop
      vertex  4.312542e+000  2.411746e+001  7.088529e+001
      vertex  4.500000e+000  2.712932e+001  6.960000e+001
      vertex  4.500000e+000  2.408319e+001  6.960000e+001
    endloop
  endfacet
  facet normal -4.888391e-001 -2.169776e-002 -8.721040e-001
    outer loop
      vertex  3.037404e+000  2.733174e+001  7.292027e+001
      vertex  1.555425e+000  2.445057e+001  7.382264e+001
      vertex  1.234464e+000  2.747228e+001  7.392737e+001
    endloop
  endfacet
  facet normal -1.215765e-001  2.147997e-002 -9.923496e-001
    outer loop
      vertex  1.234464e+000  2.747228e+001  7.392737e+001
      vertex  1.555425e+000  2.445057e+001  7.382264e+001
      vertex -4.858746e-001  2.449518e+001  7.407369e+001
    endloop
  endfacet
  facet normal -4.696749e-002 -2.194333e-002 -9.986553e-001
    outer loop
      vertex  1.234464e+000  2.747228e+001  7.392737e+001
      vertex -4.858746e-001  2.449518e+001  7.407369e+001
      vertex -8.243293e-001  2.748764e+001  7.402386e+001
    endloop
  endfacet
  facet normal  3.328451e-001  2.194583e-002 -9.427261e-001
    outer loop
      vertex -8.243293e-001  2.748764e+001  7.402386e+001
      vertex -4.858746e-001  2.449518e+001  7.407369e+001
      vertex -2.440079e+000  2.437819e+001  7.338100e+001
    endloop
  endfacet
  facet normal  4.059649e-001 -2.206603e-002 -9.136222e-001
    outer loop
      vertex -8.243293e-001  2.748764e+001  7.402386e+001
      vertex -2.440079e+000  2.437819e+001  7.338100e+001
      vertex -2.721368e+000  2.736502e+001  7.318388e+001
    endloop
  endfacet
  facet normal  7.192932e-001  2.191314e-002 -6.943609e-001
    outer loop
      vertex -2.721368e+000  2.736502e+001  7.318388e+001
      vertex -2.440079e+000  2.437819e+001  7.338100e+001
      vertex -3.873777e+000  2.419181e+001  7.188995e+001
    endloop
  endfacet
  facet normal  7.722410e-001 -2.153575e-002 -6.349646e-001
    outer loop
      vertex -2.721368e+000  2.736502e+001  7.318388e+001
      vertex -3.873777e+000  2.419181e+001  7.188995e+001
      vertex -4.035511e+000  2.720229e+001  7.159114e+001
    endloop
  endfacet
  facet normal  9.639605e-001  2.550287e-002 -2.648204e-001
    outer loop
      vertex -4.035511e+000  2.720229e+001  7.159114e+001
      vertex -3.873777e+000  2.419181e+001  7.188995e+001
      vertex -4.500000e+000  2.408319e+001  6.960000e+001
    endloop
  endfacet
  facet normal  9.738532e-001  0.000000e+000 -2.271782e-001
    outer loop
      vertex -4.035511e+000  2.720229e+001  7.159114e+001
      vertex -4.500000e+000  2.408319e+001  6.960000e+001
      vertex -4.500000e+000  2.712932e+001  6.960000e+001
    endloop
  endfacet
  facet normal  5.502533e-001  2.160305e-002  8.347182e-001
    outer loop
      vertex -1.555425e+000  2.445057e+001  6.537737e+001
      vertex -3.037404e+000  2.733174e+001  6.627973e+001
      vertex -3.278742e+000  2.427962e+001  6.651781e+001
    endloop
  endfacet
  facet normal  8.275676e-001 -2.168042e-002  5.609473e-001
    outer loop
      vertex -3.278742e+000  2.427962e+001  6.651781e+001
      vertex -3.037404e+000  2.733174e+001  6.627973e+001
      vertex -4.203945e+000  2.717677e+001  6.799474e+001
    endloop
  endfacet
  facet normal  8.657396e-001  2.156466e-002  5.000299e-001
    outer loop
      vertex -3.278742e+000  2.427962e+001  6.651781e+001
      vertex -4.203945e+000  2.717677e+001  6.799474e+001
      vertex -4.312542e+000  2.411746e+001  6.831470e+001
    endloop
  endfacet
  facet normal  9.833734e-001 -1.598870e-002  1.808898e-001
    outer loop
      vertex -4.312542e+000  2.411746e+001  6.831470e+001
      vertex -4.203945e+000  2.717677e+001  6.799474e+001
      vertex -4.500000e+000  2.712932e+001  6.960000e+001
    endloop
  endfacet
  facet normal  9.895309e-001  0.000000e+000  1.443211e-001
    outer loop
      vertex -4.312542e+000  2.411746e+001  6.831470e+001
      vertex -4.500000e+000  2.712932e+001  6.960000e+001
      vertex -4.500000e+000  2.408319e+001  6.960000e+001
    endloop
  endfacet
  facet normal  4.888363e-001 -2.169741e-002  8.721057e-001
    outer loop
      vertex -3.037404e+000  2.733174e+001  6.627973e+001
      vertex -1.555425e+000  2.445057e+001  6.537737e+001
      vertex -1.234464e+000  2.747228e+001  6.527264e+001
    endloop
  endfacet
  facet normal  1.215801e-001  2.147957e-002  9.923491e-001
    outer loop
      vertex -1.234464e+000  2.747228e+001  6.527264e+001
      vertex -1.555425e+000  2.445057e+001  6.537737e+001
      vertex  4.858746e-001  2.449518e+001  6.512630e+001
    endloop
  endfacet
  facet normal  4.696751e-002 -2.194588e-002  9.986553e-001
    outer loop
      vertex -1.234464e+000  2.747228e+001  6.527264e+001
      vertex  4.858746e-001  2.449518e+001  6.512630e+001
      vertex  8.243293e-001  2.748764e+001  6.517615e+001
    endloop
  endfacet
  facet normal -3.328452e-001  2.194344e-002  9.427261e-001
    outer loop
      vertex  8.243293e-001  2.748764e+001  6.517615e+001
      vertex  4.858746e-001  2.449518e+001  6.512630e+001
      vertex  2.440079e+000  2.437819e+001  6.581899e+001
    endloop
  endfacet
  facet normal -4.059651e-001 -2.206835e-002  9.136221e-001
    outer loop
      vertex  8.243293e-001  2.748764e+001  6.517615e+001
      vertex  2.440079e+000  2.437819e+001  6.581899e+001
      vertex  2.721368e+000  2.736502e+001  6.601613e+001
    endloop
  endfacet
  facet normal -7.192934e-001  2.191138e-002  6.943609e-001
    outer loop
      vertex  2.721368e+000  2.736502e+001  6.601613e+001
      vertex  2.440079e+000  2.437819e+001  6.581899e+001
      vertex  3.873777e+000  2.419181e+001  6.731005e+001
    endloop
  endfacet
  facet normal -7.722395e-001 -2.153600e-002  6.349664e-001
    outer loop
      vertex  2.721368e+000  2.736502e+001  6.601613e+001
      vertex  3.873777e+000  2.419181e+001  6.731005e+001
      vertex  4.035511e+000  2.720229e+001  6.760886e+001
    endloop
  endfacet
  facet normal -9.639605e-001  2.550287e-002  2.648204e-001
    outer loop
      vertex  4.035511e+000  2.720229e+001  6.760886e+001
      vertex  3.873777e+000  2.419181e+001  6.731005e+001
      vertex  4.500000e+000  2.408319e+001  6.960000e+001
    endloop
  endfacet
  facet normal -9.738532e-001  0.000000e+000  2.271782e-001
    outer loop
      vertex  4.035511e+000  2.720229e+001  6.760886e+001
      vertex  4.500000e+000  2.408319e+001  6.960000e+001
      vertex  4.500000e+000  2.712932e+001  6.960000e+001
    endloop
  endfacet
  facet normal -5.502508e-001  2.160339e-002 -8.347200e-001
    outer loop
      vertex  1.555425e+000  2.445057e+001  1.438226e+002
      vertex  3.037404e+000  2.733174e+001  1.429203e+002
      vertex  3.278742e+000  2.427962e+001  1.426822e+002
    endloop
  endfacet
  facet normal -8.275676e-001 -2.168042e-002 -5.609473e-001
    outer loop
      vertex  3.278742e+000  2.427962e+001  1.426822e+002
      vertex  3.037404e+000  2.733174e+001  1.429203e+002
      vertex  4.203945e+000  2.717677e+001  1.412053e+002
    endloop
  endfacet
  facet normal -8.657396e-001  2.156466e-002 -5.000299e-001
    outer loop
      vertex  3.278742e+000  2.427962e+001  1.426822e+002
      vertex  4.203945e+000  2.717677e+001  1.412053e+002
      vertex  4.312542e+000  2.411746e+001  1.408853e+002
    endloop
  endfacet
  facet normal -9.833734e-001 -1.598870e-002 -1.808898e-001
    outer loop
      vertex  4.312542e+000  2.411746e+001  1.408853e+002
      vertex  4.203945e+000  2.717677e+001  1.412053e+002
      vertex  4.500000e+000  2.712932e+001  1.396000e+002
    endloop
  endfacet
  facet normal -9.895309e-001  -0.000000e+000 -1.443211e-001
    outer loop
      vertex  4.312542e+000  2.411746e+001  1.408853e+002
      vertex  4.500000e+000  2.712932e+001  1.396000e+002
      vertex  4.500000e+000  2.408319e+001  1.396000e+002
    endloop
  endfacet
  facet normal -4.888362e-001 -2.169519e-002 -8.721057e-001
    outer loop
      vertex  3.037404e+000  2.733174e+001  1.429203e+002
      vertex  1.555425e+000  2.445057e+001  1.438226e+002
      vertex  1.234464e+000  2.747228e+001  1.439274e+002
    endloop
  endfacet
  facet normal -1.215837e-001  2.148168e-002 -9.923487e-001
    outer loop
      vertex  1.234464e+000  2.747228e+001  1.439274e+002
      vertex  1.555425e+000  2.445057e+001  1.438226e+002
      vertex -4.858746e-001  2.449518e+001  1.440737e+002
    endloop
  endfacet
  facet normal -4.696383e-002 -2.194801e-002 -9.986554e-001
    outer loop
      vertex  1.234464e+000  2.747228e+001  1.439274e+002
      vertex -4.858746e-001  2.449518e+001  1.440737e+002
      vertex -8.243293e-001  2.748764e+001  1.440238e+002
    endloop
  endfacet
  facet normal  3.328454e-001  2.194105e-002 -9.427261e-001
    outer loop
      vertex -8.243293e-001  2.748764e+001  1.440238e+002
      vertex -4.858746e-001  2.449518e+001  1.440737e+002
      vertex -2.440079e+000  2.437819e+001  1.433810e+002
    endloop
  endfacet
  facet normal  4.059651e-001 -2.207066e-002 -9.136220e-001
    outer loop
      vertex -8.243293e-001  2.748764e+001  1.440238e+002
      vertex -2.440079e+000  2.437819e+001  1.433810e+002
      vertex -2.721368e+000  2.736502e+001  1.431839e+002
    endloop
  endfacet
  facet normal  7.192935e-001  2.190963e-002 -6.943607e-001
    outer loop
      vertex -2.721368e+000  2.736502e+001  1.431839e+002
      vertex -2.440079e+000  2.437819e+001  1.433810e+002
      vertex -3.873777e+000  2.419181e+001  1.418900e+002
    endloop
  endfacet
  facet normal  7.722395e-001 -2.153760e-002 -6.349663e-001
    outer loop
      vertex -2.721368e+000  2.736502e+001  1.431839e+002
      vertex -3.873777e+000  2.419181e+001  1.418900e+002
      vertex -4.035511e+000  2.720229e+001  1.415911e+002
    endloop
  endfacet
  facet normal  9.639605e-001  2.550220e-002 -2.648204e-001
    outer loop
      vertex -4.035511e+000  2.720229e+001  1.415911e+002
      vertex -3.873777e+000  2.419181e+001  1.418900e+002
      vertex -4.500000e+000  2.408319e+001  1.396000e+002
    endloop
  endfacet
  facet normal  9.738530e-001  0.000000e+000 -2.271790e-001
    outer loop
      vertex -4.035511e+000  2.720229e+001  1.415911e+002
      vertex -4.500000e+000  2.408319e+001  1.396000e+002
      vertex -4.500000e+000  2.712932e+001  1.396000e+002
    endloop
  endfacet
  facet normal  5.502559e-001  2.160271e-002  8.347166e-001
    outer loop
      vertex -1.555425e+000  2.445057e+001  1.353774e+002
      vertex -3.037404e+000  2.733174e+001  1.362797e+002
      vertex -3.278742e+000  2.427962e+001  1.365178e+002
    endloop
  endfacet
  facet normal  8.275652e-001 -2.167996e-002  5.609508e-001
    outer loop
      vertex -3.278742e+000  2.427962e+001  1.365178e+002
      vertex -3.037404e+000  2.733174e+001  1.362797e+002
      vertex -4.203945e+000  2.717677e+001  1.379947e+002
    endloop
  endfacet
  facet normal  8.657395e-001  2.156717e-002  5.000300e-001
    outer loop
      vertex -3.278742e+000  2.427962e+001  1.365178e+002
      vertex -4.203945e+000  2.717677e+001  1.379947e+002
      vertex -4.312542e+000  2.411746e+001  1.383147e+002
    endloop
  endfacet
  facet normal  9.833736e-001 -1.598798e-002  1.808881e-001
    outer loop
      vertex -4.312542e+000  2.411746e+001  1.383147e+002
      vertex -4.203945e+000  2.717677e+001  1.379947e+002
      vertex -4.500000e+000  2.712932e+001  1.396000e+002
    endloop
  endfacet
  facet normal  9.895309e-001  0.000000e+000  1.443211e-001
    outer loop
      vertex -4.312542e+000  2.411746e+001  1.383147e+002
      vertex -4.500000e+000  2.712932e+001  1.396000e+002
      vertex -4.500000e+000  2.408319e+001  1.396000e+002
    endloop
  endfacet
  facet normal  4.888419e-001 -2.169590e-002  8.721026e-001
    outer loop
      vertex -3.037404e+000  2.733174e+001  1.362797e+002
      vertex -1.555425e+000  2.445057e+001  1.353774e+002
      vertex -1.234464e+000  2.747228e+001  1.352726e+002
    endloop
  endfacet
  facet normal  1.215764e-001  2.148248e-002  9.923496e-001
    outer loop
      vertex -1.234464e+000  2.747228e+001  1.352726e+002
      vertex -1.555425e+000  2.445057e+001  1.353774e+002
      vertex  4.858746e-001  2.449518e+001  1.351263e+002
    endloop
  endfacet
  facet normal  4.696380e-002 -2.194292e-002  9.986556e-001
    outer loop
      vertex -1.234464e+000  2.747228e+001  1.352726e+002
      vertex  4.858746e-001  2.449518e+001  1.351263e+002
      vertex  8.243293e-001  2.748764e+001  1.351761e+002
    endloop
  endfacet
  facet normal -3.328451e-001  2.194583e-002  9.427261e-001
    outer loop
      vertex  8.243293e-001  2.748764e+001  1.351761e+002
      vertex  4.858746e-001  2.449518e+001  1.351263e+002
      vertex  2.440079e+000  2.437819e+001  1.358190e+002
    endloop
  endfacet
  facet normal -4.059649e-001 -2.206603e-002  9.136222e-001
    outer loop
      vertex  8.243293e-001  2.748764e+001  1.351761e+002
      vertex  2.440079e+000  2.437819e+001  1.358190e+002
      vertex  2.721368e+000  2.736502e+001  1.360161e+002
    endloop
  endfacet
  facet normal -7.192932e-001  2.191314e-002  6.943609e-001
    outer loop
      vertex  2.721368e+000  2.736502e+001  1.360161e+002
      vertex  2.440079e+000  2.437819e+001  1.358190e+002
      vertex  3.873777e+000  2.419181e+001  1.373101e+002
    endloop
  endfacet
  facet normal -7.722395e-001 -2.153441e-002  6.349666e-001
    outer loop
      vertex  2.721368e+000  2.736502e+001  1.360161e+002
      vertex  3.873777e+000  2.419181e+001  1.373101e+002
      vertex  4.035511e+000  2.720229e+001  1.376089e+002
    endloop
  endfacet
  facet normal -9.639604e-001  2.550353e-002  2.648204e-001
    outer loop
      vertex  4.035511e+000  2.720229e+001  1.376089e+002
      vertex  3.873777e+000  2.419181e+001  1.373101e+002
      vertex  4.500000e+000  2.408319e+001  1.396000e+002
    endloop
  endfacet
  facet normal -9.738534e-001  0.000000e+000  2.271774e-001
    outer loop
      vertex  4.035511e+000  2.720229e+001  1.376089e+002
      vertex  4.500000e+000  2.408319e+001  1.396000e+002
      vertex  4.500000e+000  2.712932e+001  1.396000e+002
    endloop
  endfacet
  facet normal -9.880778e-001  1.539343e-001 -2.565354e-003
    outer loop
      vertex -2.681052e+001  6.119326e+000  1.396000e+002
      vertex -2.734841e+001  2.883457e+000  1.526084e+002
      vertex -2.694210e+001  5.511173e+000  1.537897e+002
    endloop
  endfacet
  facet normal -9.686856e-001  2.482853e-001  1.658233e-003
    outer loop
      vertex -2.681052e+001  6.119326e+000  1.396000e+002
      vertex -2.694210e+001  5.511173e+000  1.537897e+002
      vertex -2.624700e+001  8.206406e+000  1.562942e+002
    endloop
  endfacet
  facet normal -9.986210e-001  5.249862e-002  0.000000e+000
    outer loop
      vertex -2.750000e+001  3.367779e-015  0.000000e+000
      vertex -2.750000e+001  3.367779e-015  1.522000e+002
      vertex -2.734841e+001  2.883457e+000  1.526084e+002
    endloop
  endfacet
  facet normal -9.877138e-001  1.562616e-001 -1.971382e-003
    outer loop
      vertex -2.750000e+001  3.367779e-015  0.000000e+000
      vertex -2.734841e+001  2.883457e+000  1.526084e+002
      vertex -2.681052e+001  6.119326e+000  1.396000e+002
    endloop
  endfacet
  facet normal -9.937121e-001  1.119644e-001  0.000000e+000
    outer loop
      vertex -2.750000e+001  3.367779e-015  0.000000e+000
      vertex -2.681052e+001  6.119326e+000  1.396000e+002
      vertex -2.681052e+001  6.119326e+000  1.046000e+002
    endloop
  endfacet
  facet normal -9.937122e-001  1.119644e-001  0.000000e+000
    outer loop
      vertex -2.750000e+001  3.367779e-015  0.000000e+000
      vertex -2.681052e+001  6.119326e+000  1.046000e+002
      vertex -2.681052e+001  6.119326e+000  6.960000e+001
    endloop
  endfacet
  facet normal -9.937122e-001  1.119644e-001  0.000000e+000
    outer loop
      vertex -2.750000e+001  3.367779e-015  0.000000e+000
      vertex -2.681052e+001  6.119326e+000  6.960000e+001
      vertex -2.681052e+001  6.119326e+000  0.000000e+000
    endloop
  endfacet
  facet normal  9.937122e-001  1.119644e-001  -0.000000e+000
    outer loop
      vertex  2.750000e+001  0.000000e+000  0.000000e+000
      vertex  2.681052e+001  6.119326e+000  0.000000e+000
      vertex  2.681052e+001  6.119326e+000  6.960000e+001
    endloop
  endfacet
  facet normal  9.937122e-001  1.119644e-001  -0.000000e+000
    outer loop
      vertex  2.750000e+001  0.000000e+000  0.000000e+000
      vertex  2.681052e+001  6.119326e+000  6.960000e+001
      vertex  2.681052e+001  6.119326e+000  1.046000e+002
    endloop
  endfacet
  facet normal  9.937121e-001  1.119644e-001  -0.000000e+000
    outer loop
      vertex  2.750000e+001  0.000000e+000  0.000000e+000
      vertex  2.681052e+001  6.119326e+000  1.046000e+002
      vertex  2.681052e+001  6.119326e+000  1.396000e+002
    endloop
  endfacet
  facet normal  9.937122e-001  1.119644e-001  -0.000000e+000
    outer loop
      vertex  2.750000e+001  0.000000e+000  0.000000e+000
      vertex  2.681052e+001  6.119326e+000  1.396000e+002
      vertex  2.681052e+001  6.119326e+000  1.746000e+002
    endloop
  endfacet
  facet normal  9.937122e-001  1.119644e-001  0.000000e+000
    outer loop
      vertex  2.750000e+001  0.000000e+000  0.000000e+000
      vertex  2.681052e+001  6.119326e+000  1.746000e+002
      vertex  2.750000e+001  0.000000e+000  2.000000e+002
    endloop
  endfacet
  facet normal -1.119644e-001  9.937122e-001  0.000000e+000
    outer loop
      vertex  1.683889e-015  2.750000e+001  0.000000e+000
      vertex -6.119326e+000  2.681052e+001  0.000000e+000
      vertex -6.119326e+000  2.681052e+001  6.960000e+001
    endloop
  endfacet
  facet normal -1.931603e-001  9.811403e-001 -7.263395e-003
    outer loop
      vertex  1.683889e-015  2.750000e+001  0.000000e+000
      vertex -6.119326e+000  2.681052e+001  6.960000e+001
      vertex -4.500000e+000  2.712932e+001  6.960000e+001
    endloop
  endfacet
  facet normal -1.983069e-001  9.801105e-001 -7.601634e-003
    outer loop
      vertex  1.683889e-015  2.750000e+001  0.000000e+000
      vertex -4.500000e+000  2.712932e+001  6.960000e+001
      vertex -4.203945e+000  2.717677e+001  6.799474e+001
    endloop
  endfacet
  facet normal -1.371339e-001  9.905453e-001 -3.769857e-003
    outer loop
      vertex  1.683889e-015  2.750000e+001  0.000000e+000
      vertex -4.203945e+000  2.717677e+001  6.799474e+001
      vertex -3.037404e+000  2.733174e+001  6.627973e+001
    endloop
  endfacet
  facet normal -7.829916e-002  9.969293e-001 -1.057429e-003
    outer loop
      vertex  1.683889e-015  2.750000e+001  0.000000e+000
      vertex -3.037404e+000  2.733174e+001  6.627973e+001
      vertex -1.234464e+000  2.747228e+001  6.527264e+001
    endloop
  endfacet
  facet normal -7.448966e-003  9.999722e-001  2.838119e-004
    outer loop
      vertex  1.683889e-015  2.750000e+001  0.000000e+000
      vertex -1.234464e+000  2.747228e+001  6.527264e+001
      vertex  8.243293e-001  2.748764e+001  6.517615e+001
    endloop
  endfacet
  facet normal  6.478363e-002  9.978991e-001 -6.301582e-004
    outer loop
      vertex  1.683889e-015  2.750000e+001  0.000000e+000
      vertex  8.243293e-001  2.748764e+001  6.517615e+001
      vertex  2.721368e+000  2.736502e+001  6.601613e+001
    endloop
  endfacet
  facet normal  1.266997e-001  9.919360e-001 -3.194704e-003
    outer loop
      vertex  1.683889e-015  2.750000e+001  0.000000e+000
      vertex  2.721368e+000  2.736502e+001  6.601613e+001
      vertex  4.035511e+000  2.720229e+001  6.760886e+001
    endloop
  endfacet
  facet normal  1.826250e-001  9.831607e-001 -6.571474e-003
    outer loop
      vertex  1.683889e-015  2.750000e+001  0.000000e+000
      vertex  4.035511e+000  2.720229e+001  6.760886e+001
      vertex  4.500000e+000  2.712932e+001  6.960000e+001
    endloop
  endfacet
  facet normal  1.931603e-001  9.811403e-001 -7.263395e-003
    outer loop
      vertex  1.683889e-015  2.750000e+001  0.000000e+000
      vertex  4.500000e+000  2.712932e+001  6.960000e+001
      vertex  6.119326e+000  2.681052e+001  6.960000e+001
    endloop
  endfacet
  facet normal  1.119644e-001  9.937122e-001  0.000000e+000
    outer loop
      vertex  1.683889e-015  2.750000e+001  0.000000e+000
      vertex  6.119326e+000  2.681052e+001  6.960000e+001
      vertex  6.119326e+000  2.681052e+001  0.000000e+000
    endloop
  endfacet
  facet normal -9.438413e-001  3.302645e-001 -9.429296e-003
    outer loop
      vertex -2.477664e+001  1.193180e+001  1.396000e+002
      vertex -2.681052e+001  6.119326e+000  1.396000e+002
      vertex -2.624700e+001  8.206406e+000  1.562942e+002
    endloop
  endfacet
  facet normal -9.432454e-001  3.319748e-001 -8.995149e-003
    outer loop
      vertex -2.477664e+001  1.193180e+001  1.396000e+002
      vertex -2.624700e+001  8.206406e+000  1.562942e+002
      vertex -2.588563e+001  9.283552e+000  1.581533e+002
    endloop
  endfacet
  facet normal -9.325184e-001  3.610982e-001 -4.196969e-003
    outer loop
      vertex -2.477664e+001  1.193180e+001  1.396000e+002
      vertex -2.588563e+001  9.283552e+000  1.581533e+002
      vertex -2.564644e+001  9.925220e+000  1.602173e+002
    endloop
  endfacet
  facet normal -9.244546e-001  3.812875e-001 -1.891843e-003
    outer loop
      vertex -2.477664e+001  1.193180e+001  1.396000e+002
      vertex -2.564644e+001  9.925220e+000  1.602173e+002
      vertex -2.558063e+001  1.009363e+001  1.620000e+002
    endloop
  endfacet
  facet normal -9.161964e-001  4.007295e-001  0.000000e+000
    outer loop
      vertex -2.477664e+001  1.193180e+001  1.396000e+002
      vertex -2.558063e+001  1.009363e+001  1.620000e+002
      vertex -2.477664e+001  1.193180e+001  1.746000e+002
    endloop
  endfacet
  facet normal -9.438429e-001  3.302650e-001  9.254568e-003
    outer loop
      vertex -2.681052e+001  6.119326e+000  2.000000e+002
      vertex -2.477664e+001  1.193180e+001  2.000000e+002
      vertex -2.644886e+001  7.530465e+000  1.865256e+002
    endloop
  endfacet
  facet normal -9.699932e-001  2.431312e-001 -5.726321e-004
    outer loop
      vertex -2.681052e+001  6.119326e+000  2.000000e+002
      vertex -2.644886e+001  7.530465e+000  1.865256e+002
      vertex -2.686818e+001  5.860969e+000  1.879786e+002
    endloop
  endfacet
  facet normal -9.839954e-001  1.781914e-001  8.901825e-004
    outer loop
      vertex -2.681052e+001  6.119326e+000  2.000000e+002
      vertex -2.686818e+001  5.860969e+000  1.879786e+002
      vertex -2.722097e+001  3.907532e+000  1.890358e+002
    endloop
  endfacet
  facet normal -9.941015e-001  1.073317e-001  1.556300e-002
    outer loop
      vertex -2.681052e+001  6.119326e+000  2.000000e+002
      vertex -2.722097e+001  3.907532e+000  1.890358e+002
      vertex -2.744424e+001  1.750357e+000  1.896515e+002
    endloop
  endfacet
  facet normal -9.983003e-001  3.571007e-002  4.605769e-002
    outer loop
      vertex -2.681052e+001  6.119326e+000  2.000000e+002
      vertex -2.744424e+001  1.750357e+000  1.896515e+002
      vertex -2.750000e+001  3.367779e-015  1.898000e+002
    endloop
  endfacet
  facet normal -9.937122e-001  1.119644e-001  0.000000e+000
    outer loop
      vertex -2.681052e+001  6.119326e+000  2.000000e+002
      vertex -2.750000e+001  3.367779e-015  1.898000e+002
      vertex -2.750000e+001  3.367779e-015  2.000000e+002
    endloop
  endfacet
  facet normal -9.161963e-001  4.007295e-001  0.000000e+000
    outer loop
      vertex -2.477664e+001  1.193180e+001  2.000000e+002
      vertex -2.477664e+001  1.193180e+001  1.746000e+002
      vertex -2.558063e+001  1.009363e+001  1.620000e+002
    endloop
  endfacet
  facet normal -9.161966e-001  4.007292e-001  2.123140e-008
    outer loop
      vertex -2.477664e+001  1.193180e+001  2.000000e+002
      vertex -2.558063e+001  1.009363e+001  1.620000e+002
      vertex -2.558063e+001  1.009363e+001  1.800000e+002
    endloop
  endfacet
  facet normal -9.268875e-001  3.753289e-001  2.764299e-003
    outer loop
      vertex -2.477664e+001  1.193180e+001  2.000000e+002
      vertex -2.558063e+001  1.009363e+001  1.800000e+002
      vertex -2.574308e+001  9.671812e+000  1.828035e+002
    endloop
  endfacet
  facet normal -9.367016e-001  3.500657e-001  6.635955e-003
    outer loop
      vertex -2.477664e+001  1.193180e+001  2.000000e+002
      vertex -2.574308e+001  9.671812e+000  1.828035e+002
      vertex -2.604264e+001  8.833511e+000  1.847416e+002
    endloop
  endfacet
  facet normal -9.487291e-001  3.157529e-001  1.460127e-002
    outer loop
      vertex -2.477664e+001  1.193180e+001  2.000000e+002
      vertex -2.604264e+001  8.833511e+000  1.847416e+002
      vertex -2.644886e+001  7.530465e+000  1.865256e+002
    endloop
  endfacet
  facet normal  1.119644e-001  9.937122e-001  0.000000e+000
    outer loop
      vertex  1.683889e-015  2.750000e+001  2.000000e+002
      vertex  6.119326e+000  2.681052e+001  2.000000e+002
      vertex  6.119326e+000  2.681052e+001  1.746000e+002
    endloop
  endfacet
  facet normal  1.931271e-001  9.809720e-001  1.989943e-002
    outer loop
      vertex  1.683889e-015  2.750000e+001  2.000000e+002
      vertex  6.119326e+000  2.681052e+001  1.746000e+002
      vertex  4.500000e+000  2.712932e+001  1.746000e+002
    endloop
  endfacet
  facet normal  8.892952e-001  4.315972e-001  1.512537e-001
    outer loop
      vertex  1.683889e-015  2.750000e+001  2.000000e+002
      vertex  4.500000e+000  2.712932e+001  1.746000e+002
      vertex  4.203945e+000  2.717677e+001  1.762053e+002
    endloop
  endfacet
  facet normal  1.507276e-001  9.884872e-001  1.320220e-002
    outer loop
      vertex  1.683889e-015  2.750000e+001  2.000000e+002
      vertex  4.203945e+000  2.717677e+001  1.762053e+002
      vertex  3.037404e+000  2.733174e+001  1.779203e+002
    endloop
  endfacet
  facet normal  7.957155e-002  9.968235e-001  3.350072e-003
    outer loop
      vertex  1.683889e-015  2.750000e+001  2.000000e+002
      vertex  3.037404e+000  2.733174e+001  1.779203e+002
      vertex  1.234464e+000  2.747228e+001  1.789274e+002
    endloop
  endfacet
  facet normal  7.420992e-003  9.999720e-001 -8.807482e-004
    outer loop
      vertex  1.683889e-015  2.750000e+001  2.000000e+002
      vertex  1.234464e+000  2.747228e+001  1.789274e+002
      vertex -8.243293e-001  2.748764e+001  1.790238e+002
    endloop
  endfacet
  facet normal -6.537933e-002  9.978585e-001  1.981433e-003
    outer loop
      vertex  1.683889e-015  2.750000e+001  2.000000e+002
      vertex -8.243293e-001  2.748764e+001  1.790238e+002
      vertex -2.721368e+000  2.736502e+001  1.781839e+002
    endloop
  endfacet
  facet normal -1.357697e-001  9.906815e-001  1.080641e-002
    outer loop
      vertex  1.683889e-015  2.750000e+001  2.000000e+002
      vertex -2.721368e+000  2.736502e+001  1.781839e+002
      vertex -4.035511e+000  2.720229e+001  1.765911e+002
    endloop
  endfacet
  facet normal -3.653167e-001  9.294766e-001  5.115698e-002
    outer loop
      vertex  1.683889e-015  2.750000e+001  2.000000e+002
      vertex -4.035511e+000  2.720229e+001  1.765911e+002
      vertex -4.500000e+000  2.712932e+001  1.746000e+002
    endloop
  endfacet
  facet normal -1.931271e-001  9.809720e-001  1.989944e-002
    outer loop
      vertex  1.683889e-015  2.750000e+001  2.000000e+002
      vertex -4.500000e+000  2.712932e+001  1.746000e+002
      vertex -6.119326e+000  2.681052e+001  1.746000e+002
    endloop
  endfacet
  facet normal -1.119644e-001  9.937122e-001  0.000000e+000
    outer loop
      vertex  1.683889e-015  2.750000e+001  2.000000e+002
      vertex -6.119326e+000  2.681052e+001  1.746000e+002
      vertex -6.119326e+000  2.681052e+001  2.000000e+002
    endloop
  endfacet
  facet normal -9.438832e-001  3.302791e-001  0.000000e+000
    outer loop
      vertex -2.681052e+001  6.119326e+000  0.000000e+000
      vertex -2.681052e+001  6.119326e+000  6.960000e+001
      vertex -2.477664e+001  1.193180e+001  0.000000e+000
    endloop
  endfacet
  facet normal -9.438832e-001  3.302791e-001  0.000000e+000
    outer loop
      vertex -2.477664e+001  1.193180e+001  0.000000e+000
      vertex -2.681052e+001  6.119326e+000  6.960000e+001
      vertex -2.477664e+001  1.193180e+001  6.960000e+001
    endloop
  endfacet
  facet normal -8.467242e-001  5.320320e-001  0.000000e+000
    outer loop
      vertex -2.477664e+001  1.193180e+001  0.000000e+000
      vertex -2.477664e+001  1.193180e+001  6.960000e+001
      vertex -2.150037e+001  1.714597e+001  0.000000e+000
    endloop
  endfacet
  facet normal -8.467242e-001  5.320320e-001  0.000000e+000
    outer loop
      vertex -2.150037e+001  1.714597e+001  0.000000e+000
      vertex -2.477664e+001  1.193180e+001  6.960000e+001
      vertex -2.150037e+001  1.714597e+001  6.960000e+001
    endloop
  endfacet
  facet normal -7.071068e-001  7.071068e-001  0.000000e+000
    outer loop
      vertex -2.150037e+001  1.714597e+001  0.000000e+000
      vertex -2.150037e+001  1.714597e+001  6.960000e+001
      vertex -1.714597e+001  2.150037e+001  0.000000e+000
    endloop
  endfacet
  facet normal -7.071068e-001  7.071068e-001  0.000000e+000
    outer loop
      vertex -1.714597e+001  2.150037e+001  0.000000e+000
      vertex -2.150037e+001  1.714597e+001  6.960000e+001
      vertex -1.714597e+001  2.150037e+001  6.960000e+001
    endloop
  endfacet
  facet normal -5.320320e-001  8.467242e-001  0.000000e+000
    outer loop
      vertex -1.714597e+001  2.150037e+001  0.000000e+000
      vertex -1.714597e+001  2.150037e+001  6.960000e+001
      vertex -1.193180e+001  2.477664e+001  0.000000e+000
    endloop
  endfacet
  facet normal -5.320320e-001  8.467242e-001  0.000000e+000
    outer loop
      vertex -1.193180e+001  2.477664e+001  0.000000e+000
      vertex -1.714597e+001  2.150037e+001  6.960000e+001
      vertex -1.193180e+001  2.477664e+001  6.960000e+001
    endloop
  endfacet
  facet normal -3.302791e-001  9.438832e-001  0.000000e+000
    outer loop
      vertex -1.193180e+001  2.477664e+001  0.000000e+000
      vertex -1.193180e+001  2.477664e+001  6.960000e+001
      vertex -6.119326e+000  2.681052e+001  0.000000e+000
    endloop
  endfacet
  facet normal -3.302791e-001  9.438832e-001  0.000000e+000
    outer loop
      vertex -6.119326e+000  2.681052e+001  0.000000e+000
      vertex -1.193180e+001  2.477664e+001  6.960000e+001
      vertex -6.119326e+000  2.681052e+001  6.960000e+001
    endloop
  endfacet
  facet normal  3.302791e-001  9.438832e-001  0.000000e+000
    outer loop
      vertex  6.119326e+000  2.681052e+001  0.000000e+000
      vertex  6.119326e+000  2.681052e+001  6.960000e+001
      vertex  1.193180e+001  2.477664e+001  0.000000e+000
    endloop
  endfacet
  facet normal  3.302791e-001  9.438832e-001  -0.000000e+000
    outer loop
      vertex  1.193180e+001  2.477664e+001  0.000000e+000
      vertex  6.119326e+000  2.681052e+001  6.960000e+001
      vertex  1.193180e+001  2.477664e+001  6.960000e+001
    endloop
  endfacet
  facet normal  5.320320e-001  8.467242e-001  0.000000e+000
    outer loop
      vertex  1.193180e+001  2.477664e+001  0.000000e+000
      vertex  1.193180e+001  2.477664e+001  6.960000e+001
      vertex  1.714597e+001  2.150037e+001  0.000000e+000
    endloop
  endfacet
  facet normal  5.320320e-001  8.467242e-001  -0.000000e+000
    outer loop
      vertex  1.714597e+001  2.150037e+001  0.000000e+000
      vertex  1.193180e+001  2.477664e+001  6.960000e+001
      vertex  1.714597e+001  2.150037e+001  6.960000e+001
    endloop
  endfacet
  facet normal  7.071068e-001  7.071068e-001  0.000000e+000
    outer loop
      vertex  1.714597e+001  2.150037e+001  0.000000e+000
      vertex  1.714597e+001  2.150037e+001  6.960000e+001
      vertex  2.150037e+001  1.714597e+001  0.000000e+000
    endloop
  endfacet
  facet normal  7.071068e-001  7.071068e-001  -0.000000e+000
    outer loop
      vertex  2.150037e+001  1.714597e+001  0.000000e+000
      vertex  1.714597e+001  2.150037e+001  6.960000e+001
      vertex  2.150037e+001  1.714597e+001  6.960000e+001
    endloop
  endfacet
  facet normal  8.467242e-001  5.320320e-001  0.000000e+000
    outer loop
      vertex  2.150037e+001  1.714597e+001  0.000000e+000
      vertex  2.150037e+001  1.714597e+001  6.960000e+001
      vertex  2.477664e+001  1.193180e+001  0.000000e+000
    endloop
  endfacet
  facet normal  8.467242e-001  5.320320e-001  -0.000000e+000
    outer loop
      vertex  2.477664e+001  1.193180e+001  0.000000e+000
      vertex  2.150037e+001  1.714597e+001  6.960000e+001
      vertex  2.477664e+001  1.193180e+001  6.960000e+001
    endloop
  endfacet
  facet normal  9.438832e-001  3.302791e-001  0.000000e+000
    outer loop
      vertex  2.477664e+001  1.193180e+001  0.000000e+000
      vertex  2.477664e+001  1.193180e+001  6.960000e+001
      vertex  2.681052e+001  6.119326e+000  0.000000e+000
    endloop
  endfacet
  facet normal  9.438832e-001  3.302791e-001  -0.000000e+000
    outer loop
      vertex  2.681052e+001  6.119326e+000  0.000000e+000
      vertex  2.477664e+001  1.193180e+001  6.960000e+001
      vertex  2.681052e+001  6.119326e+000  6.960000e+001
    endloop
  endfacet
  facet normal -9.438833e-001  3.302792e-001  0.000000e+000
    outer loop
      vertex -2.681052e+001  6.119326e+000  6.960000e+001
      vertex -2.681052e+001  6.119326e+000  1.046000e+002
      vertex -2.477664e+001  1.193180e+001  6.960000e+001
    endloop
  endfacet
  facet normal -9.438833e-001  3.302792e-001  0.000000e+000
    outer loop
      vertex -2.477664e+001  1.193180e+001  6.960000e+001
      vertex -2.681052e+001  6.119326e+000  1.046000e+002
      vertex -2.477664e+001  1.193180e+001  1.046000e+002
    endloop
  endfacet
  facet normal -8.467242e-001  5.320320e-001  0.000000e+000
    outer loop
      vertex -2.477664e+001  1.193180e+001  6.960000e+001
      vertex -2.477664e+001  1.193180e+001  1.046000e+002
      vertex -2.150037e+001  1.714597e+001  6.960000e+001
    endloop
  endfacet
  facet normal -8.467242e-001  5.320320e-001  0.000000e+000
    outer loop
      vertex -2.150037e+001  1.714597e+001  6.960000e+001
      vertex -2.477664e+001  1.193180e+001  1.046000e+002
      vertex -2.150037e+001  1.714597e+001  1.046000e+002
    endloop
  endfacet
  facet normal -7.071068e-001  7.071068e-001  0.000000e+000
    outer loop
      vertex -2.150037e+001  1.714597e+001  6.960000e+001
      vertex -2.150037e+001  1.714597e+001  1.046000e+002
      vertex -1.714597e+001  2.150037e+001  6.960000e+001
    endloop
  endfacet
  facet normal -7.071068e-001  7.071068e-001  0.000000e+000
    outer loop
      vertex -1.714597e+001  2.150037e+001  6.960000e+001
      vertex -2.150037e+001  1.714597e+001  1.046000e+002
      vertex -1.714597e+001  2.150037e+001  1.046000e+002
    endloop
  endfacet
  facet normal -5.320320e-001  8.467242e-001  0.000000e+000
    outer loop
      vertex -1.714597e+001  2.150037e+001  6.960000e+001
      vertex -1.714597e+001  2.150037e+001  1.046000e+002
      vertex -1.193180e+001  2.477664e+001  6.960000e+001
    endloop
  endfacet
  facet normal -5.320320e-001  8.467242e-001  0.000000e+000
    outer loop
      vertex -1.193180e+001  2.477664e+001  6.960000e+001
      vertex -1.714597e+001  2.150037e+001  1.046000e+002
      vertex -1.193180e+001  2.477664e+001  1.046000e+002
    endloop
  endfacet
  facet normal -3.302792e-001  9.438833e-001  0.000000e+000
    outer loop
      vertex -1.193180e+001  2.477664e+001  6.960000e+001
      vertex -1.193180e+001  2.477664e+001  1.046000e+002
      vertex -6.119326e+000  2.681052e+001  6.960000e+001
    endloop
  endfacet
  facet normal -3.302792e-001  9.438833e-001  0.000000e+000
    outer loop
      vertex -6.119326e+000  2.681052e+001  6.960000e+001
      vertex -1.193180e+001  2.477664e+001  1.046000e+002
      vertex -6.119326e+000  2.681052e+001  1.046000e+002
    endloop
  endfacet
  facet normal -1.931653e-001  9.811662e-001  0.000000e+000
    outer loop
      vertex -6.119326e+000  2.681052e+001  6.960000e+001
      vertex -6.119326e+000  2.681052e+001  1.046000e+002
      vertex -4.500000e+000  2.712932e+001  6.960000e+001
    endloop
  endfacet
  facet normal -1.931653e-001  9.811662e-001  0.000000e+000
    outer loop
      vertex -4.500000e+000  2.712932e+001  6.960000e+001
      vertex -6.119326e+000  2.681052e+001  1.046000e+002
      vertex -4.500000e+000  2.712932e+001  1.046000e+002
    endloop
  endfacet
  facet normal -1.551968e-001  9.878836e-001  0.000000e+000
    outer loop
      vertex -4.500000e+000  2.712932e+001  6.960000e+001
      vertex -4.500000e+000  2.712932e+001  1.046000e+002
      vertex -4.035511e+000  2.720229e+001  7.159114e+001
    endloop
  endfacet
  facet normal -1.585103e-001  9.873574e-001 -4.779055e-005
    outer loop
      vertex -4.035511e+000  2.720229e+001  7.159114e+001
      vertex -4.500000e+000  2.712932e+001  1.046000e+002
      vertex -4.203945e+000  2.717677e+001  1.029947e+002
    endloop
  endfacet
  facet normal -1.230625e-001  9.923989e-001  1.464311e-004
    outer loop
      vertex -4.035511e+000  2.720229e+001  7.159114e+001
      vertex -4.203945e+000  2.717677e+001  1.029947e+002
      vertex -2.721368e+000  2.736502e+001  7.318388e+001
    endloop
  endfacet
  facet normal -1.321420e-001  9.912307e-001 -3.124930e-004
    outer loop
      vertex -2.721368e+000  2.736502e+001  7.318388e+001
      vertex -4.203945e+000  2.717677e+001  1.029947e+002
      vertex -3.037404e+000  2.733174e+001  1.012797e+002
    endloop
  endfacet
  facet normal -6.470593e-002  9.979042e-001  4.539653e-004
    outer loop
      vertex -2.721368e+000  2.736502e+001  7.318388e+001
      vertex -3.037404e+000  2.733174e+001  1.012797e+002
      vertex -8.243293e-001  2.748764e+001  7.402386e+001
    endloop
  endfacet
  facet normal -7.806535e-002  9.969481e-001 -6.362386e-004
    outer loop
      vertex -8.243293e-001  2.748764e+001  7.402386e+001
      vertex -3.037404e+000  2.733174e+001  1.012797e+002
      vertex -1.234464e+000  2.747228e+001  1.002726e+002
    endloop
  endfacet
  facet normal  7.495184e-003  9.999716e-001  7.024057e-004
    outer loop
      vertex -8.243293e-001  2.748764e+001  7.402386e+001
      vertex -1.234464e+000  2.747228e+001  1.002726e+002
      vertex  1.234464e+000  2.747228e+001  7.392737e+001
    endloop
  endfacet
  facet normal -7.495184e-003  9.999716e-001 -7.024057e-004
    outer loop
      vertex  1.234464e+000  2.747228e+001  7.392737e+001
      vertex -1.234464e+000  2.747228e+001  1.002726e+002
      vertex  8.243293e-001  2.748764e+001  1.001761e+002
    endloop
  endfacet
  facet normal  7.806535e-002  9.969481e-001  6.362386e-004
    outer loop
      vertex  1.234464e+000  2.747228e+001  7.392737e+001
      vertex  8.243293e-001  2.748764e+001  1.001761e+002
      vertex  3.037404e+000  2.733174e+001  7.292027e+001
    endloop
  endfacet
  facet normal  6.470594e-002  9.979043e-001 -4.539652e-004
    outer loop
      vertex  3.037404e+000  2.733174e+001  7.292027e+001
      vertex  8.243293e-001  2.748764e+001  1.001761e+002
      vertex  2.721368e+000  2.736502e+001  1.010161e+002
    endloop
  endfacet
  facet normal  1.321420e-001  9.912307e-001  3.124929e-004
    outer loop
      vertex  3.037404e+000  2.733174e+001  7.292027e+001
      vertex  2.721368e+000  2.736502e+001  1.010161e+002
      vertex  4.203945e+000  2.717677e+001  7.120525e+001
    endloop
  endfacet
  facet normal  1.230626e-001  9.923989e-001 -1.464312e-004
    outer loop
      vertex  4.203945e+000  2.717677e+001  7.120525e+001
      vertex  2.721368e+000  2.736502e+001  1.010161e+002
      vertex  4.035511e+000  2.720229e+001  1.026089e+002
    endloop
  endfacet
  facet normal  1.585103e-001  9.873574e-001  4.779055e-005
    outer loop
      vertex  4.203945e+000  2.717677e+001  7.120525e+001
      vertex  4.035511e+000  2.720229e+001  1.026089e+002
      vertex  4.500000e+000  2.712932e+001  6.960000e+001
    endloop
  endfacet
  facet normal  1.551968e-001  9.878836e-001  -0.000000e+000
    outer loop
      vertex  4.500000e+000  2.712932e+001  6.960000e+001
      vertex  4.035511e+000  2.720229e+001  1.026089e+002
      vertex  4.500000e+000  2.712932e+001  1.046000e+002
    endloop
  endfacet
  facet normal  1.931653e-001  9.811662e-001  0.000000e+000
    outer loop
      vertex  4.500000e+000  2.712932e+001  6.960000e+001
      vertex  4.500000e+000  2.712932e+001  1.046000e+002
      vertex  6.119326e+000  2.681052e+001  6.960000e+001
    endloop
  endfacet
  facet normal  1.931653e-001  9.811662e-001  -0.000000e+000
    outer loop
      vertex  6.119326e+000  2.681052e+001  6.960000e+001
      vertex  4.500000e+000  2.712932e+001  1.046000e+002
      vertex  6.119326e+000  2.681052e+001  1.046000e+002
    endloop
  endfacet
  facet normal  3.302792e-001  9.438833e-001  0.000000e+000
    outer loop
      vertex  6.119326e+000  2.681052e+001  6.960000e+001
      vertex  6.119326e+000  2.681052e+001  1.046000e+002
      vertex  1.193180e+001  2.477664e+001  6.960000e+001
    endloop
  endfacet
  facet normal  3.302792e-001  9.438833e-001  -0.000000e+000
    outer loop
      vertex  1.193180e+001  2.477664e+001  6.960000e+001
      vertex  6.119326e+000  2.681052e+001  1.046000e+002
      vertex  1.193180e+001  2.477664e+001  1.046000e+002
    endloop
  endfacet
  facet normal  5.320320e-001  8.467242e-001  0.000000e+000
    outer loop
      vertex  1.193180e+001  2.477664e+001  6.960000e+001
      vertex  1.193180e+001  2.477664e+001  1.046000e+002
      vertex  1.714597e+001  2.150037e+001  6.960000e+001
    endloop
  endfacet
  facet normal  5.320320e-001  8.467242e-001  -0.000000e+000
    outer loop
      vertex  1.714597e+001  2.150037e+001  6.960000e+001
      vertex  1.193180e+001  2.477664e+001  1.046000e+002
      vertex  1.714597e+001  2.150037e+001  1.046000e+002
    endloop
  endfacet
  facet normal  7.071068e-001  7.071068e-001  0.000000e+000
    outer loop
      vertex  1.714597e+001  2.150037e+001  6.960000e+001
      vertex  1.714597e+001  2.150037e+001  1.046000e+002
      vertex  2.150037e+001  1.714597e+001  6.960000e+001
    endloop
  endfacet
  facet normal  7.071068e-001  7.071068e-001  -0.000000e+000
    outer loop
      vertex  2.150037e+001  1.714597e+001  6.960000e+001
      vertex  1.714597e+001  2.150037e+001  1.046000e+002
      vertex  2.150037e+001  1.714597e+001  1.046000e+002
    endloop
  endfacet
  facet normal  8.467242e-001  5.320320e-001  0.000000e+000
    outer loop
      vertex  2.150037e+001  1.714597e+001  6.960000e+001
      vertex  2.150037e+001  1.714597e+001  1.046000e+002
      vertex  2.477664e+001  1.193180e+001  6.960000e+001
    endloop
  endfacet
  facet normal  8.467242e-001  5.320320e-001  -0.000000e+000
    outer loop
      vertex  2.477664e+001  1.193180e+001  6.960000e+001
      vertex  2.150037e+001  1.714597e+001  1.046000e+002
      vertex  2.477664e+001  1.193180e+001  1.046000e+002
    endloop
  endfacet
  facet normal  9.438833e-001  3.302792e-001  0.000000e+000
    outer loop
      vertex  2.477664e+001  1.193180e+001  6.960000e+001
      vertex  2.477664e+001  1.193180e+001  1.046000e+002
      vertex  2.681052e+001  6.119326e+000  6.960000e+001
    endloop
  endfacet
  facet normal  9.438833e-001  3.302792e-001  -0.000000e+000
    outer loop
      vertex  2.681052e+001  6.119326e+000  6.960000e+001
      vertex  2.477664e+001  1.193180e+001  1.046000e+002
      vertex  2.681052e+001  6.119326e+000  1.046000e+002
    endloop
  endfacet
  facet normal -9.438832e-001  3.302792e-001  0.000000e+000
    outer loop
      vertex -2.681052e+001  6.119326e+000  1.046000e+002
      vertex -2.681052e+001  6.119326e+000  1.396000e+002
      vertex -2.477664e+001  1.193180e+001  1.046000e+002
    endloop
  endfacet
  facet normal -9.438832e-001  3.302792e-001  0.000000e+000
    outer loop
      vertex -2.477664e+001  1.193180e+001  1.046000e+002
      vertex -2.681052e+001  6.119326e+000  1.396000e+002
      vertex -2.477664e+001  1.193180e+001  1.396000e+002
    endloop
  endfacet
  facet normal -8.467242e-001  5.320320e-001  0.000000e+000
    outer loop
      vertex -2.477664e+001  1.193180e+001  1.046000e+002
      vertex -2.477664e+001  1.193180e+001  1.396000e+002
      vertex -2.150037e+001  1.714597e+001  1.046000e+002
    endloop
  endfacet
  facet normal -8.467242e-001  5.320320e-001  0.000000e+000
    outer loop
      vertex -2.150037e+001  1.714597e+001  1.046000e+002
      vertex -2.477664e+001  1.193180e+001  1.396000e+002
      vertex -2.150037e+001  1.714597e+001  1.396000e+002
    endloop
  endfacet
  facet normal -7.071068e-001  7.071068e-001  0.000000e+000
    outer loop
      vertex -2.150037e+001  1.714597e+001  1.046000e+002
      vertex -2.150037e+001  1.714597e+001  1.396000e+002
      vertex -1.714597e+001  2.150037e+001  1.046000e+002
    endloop
  endfacet
  facet normal -7.071068e-001  7.071068e-001  0.000000e+000
    outer loop
      vertex -1.714597e+001  2.150037e+001  1.046000e+002
      vertex -2.150037e+001  1.714597e+001  1.396000e+002
      vertex -1.714597e+001  2.150037e+001  1.396000e+002
    endloop
  endfacet
  facet normal -5.320320e-001  8.467242e-001  0.000000e+000
    outer loop
      vertex -1.714597e+001  2.150037e+001  1.046000e+002
      vertex -1.714597e+001  2.150037e+001  1.396000e+002
      vertex -1.193180e+001  2.477664e+001  1.046000e+002
    endloop
  endfacet
  facet normal -5.320320e-001  8.467242e-001  0.000000e+000
    outer loop
      vertex -1.193180e+001  2.477664e+001  1.046000e+002
      vertex -1.714597e+001  2.150037e+001  1.396000e+002
      vertex -1.193180e+001  2.477664e+001  1.396000e+002
    endloop
  endfacet
  facet normal -3.302792e-001  9.438832e-001  0.000000e+000
    outer loop
      vertex -1.193180e+001  2.477664e+001  1.046000e+002
      vertex -1.193180e+001  2.477664e+001  1.396000e+002
      vertex -6.119326e+000  2.681052e+001  1.046000e+002
    endloop
  endfacet
  facet normal -3.302792e-001  9.438832e-001  0.000000e+000
    outer loop
      vertex -6.119326e+000  2.681052e+001  1.046000e+002
      vertex -1.193180e+001  2.477664e+001  1.396000e+002
      vertex -6.119326e+000  2.681052e+001  1.396000e+002
    endloop
  endfacet
  facet normal -1.931654e-001  9.811662e-001  0.000000e+000
    outer loop
      vertex -6.119326e+000  2.681052e+001  1.046000e+002
      vertex -6.119326e+000  2.681052e+001  1.396000e+002
      vertex -4.500000e+000  2.712932e+001  1.046000e+002
    endloop
  endfacet
  facet normal -1.931654e-001  9.811662e-001  0.000000e+000
    outer loop
      vertex -4.500000e+000  2.712932e+001  1.046000e+002
      vertex -6.119326e+000  2.681052e+001  1.396000e+002
      vertex -4.500000e+000  2.712932e+001  1.396000e+002
    endloop
  endfacet
  facet normal -1.551968e-001  9.878836e-001  0.000000e+000
    outer loop
      vertex -4.500000e+000  2.712932e+001  1.046000e+002
      vertex -4.500000e+000  2.712932e+001  1.396000e+002
      vertex -4.035511e+000  2.720229e+001  1.065911e+002
    endloop
  endfacet
  facet normal -1.585103e-001  9.873573e-001 -4.779057e-005
    outer loop
      vertex -4.035511e+000  2.720229e+001  1.065911e+002
      vertex -4.500000e+000  2.712932e+001  1.396000e+002
      vertex -4.203945e+000  2.717677e+001  1.379947e+002
    endloop
  endfacet
  facet normal -1.230626e-001  9.923989e-001  1.464312e-004
    outer loop
      vertex -4.035511e+000  2.720229e+001  1.065911e+002
      vertex -4.203945e+000  2.717677e+001  1.379947e+002
      vertex -2.721368e+000  2.736502e+001  1.081839e+002
    endloop
  endfacet
  facet normal -1.321420e-001  9.912307e-001 -3.124928e-004
    outer loop
      vertex -2.721368e+000  2.736502e+001  1.081839e+002
      vertex -4.203945e+000  2.717677e+001  1.379947e+002
      vertex -3.037404e+000  2.733174e+001  1.362797e+002
    endloop
  endfacet
  facet normal -6.470594e-002  9.979043e-001  4.539652e-004
    outer loop
      vertex -2.721368e+000  2.736502e+001  1.081839e+002
      vertex -3.037404e+000  2.733174e+001  1.362797e+002
      vertex -8.243293e-001  2.748764e+001  1.090239e+002
    endloop
  endfacet
  facet normal -7.806535e-002  9.969480e-001 -6.362389e-004
    outer loop
      vertex -8.243293e-001  2.748764e+001  1.090239e+002
      vertex -3.037404e+000  2.733174e+001  1.362797e+002
      vertex -1.234464e+000  2.747228e+001  1.352726e+002
    endloop
  endfacet
  facet normal  7.495184e-003  9.999717e-001  7.024059e-004
    outer loop
      vertex -8.243293e-001  2.748764e+001  1.090239e+002
      vertex -1.234464e+000  2.747228e+001  1.352726e+002
      vertex  1.234464e+000  2.747228e+001  1.089274e+002
    endloop
  endfacet
  facet normal -7.495182e-003  9.999716e-001 -7.024057e-004
    outer loop
      vertex  1.234464e+000  2.747228e+001  1.089274e+002
      vertex -1.234464e+000  2.747228e+001  1.352726e+002
      vertex  8.243293e-001  2.748764e+001  1.351761e+002
    endloop
  endfacet
  facet normal  7.806535e-002  9.969481e-001  6.362386e-004
    outer loop
      vertex  1.234464e+000  2.747228e+001  1.089274e+002
      vertex  8.243293e-001  2.748764e+001  1.351761e+002
      vertex  3.037404e+000  2.733174e+001  1.079203e+002
    endloop
  endfacet
  facet normal  6.470594e-002  9.979043e-001 -4.539652e-004
    outer loop
      vertex  3.037404e+000  2.733174e+001  1.079203e+002
      vertex  8.243293e-001  2.748764e+001  1.351761e+002
      vertex  2.721368e+000  2.736502e+001  1.360161e+002
    endloop
  endfacet
  facet normal  1.321420e-001  9.912307e-001  3.124929e-004
    outer loop
      vertex  3.037404e+000  2.733174e+001  1.079203e+002
      vertex  2.721368e+000  2.736502e+001  1.360161e+002
      vertex  4.203945e+000  2.717677e+001  1.062053e+002
    endloop
  endfacet
  facet normal  1.230626e-001  9.923989e-001 -1.464312e-004
    outer loop
      vertex  4.203945e+000  2.717677e+001  1.062053e+002
      vertex  2.721368e+000  2.736502e+001  1.360161e+002
      vertex  4.035511e+000  2.720229e+001  1.376089e+002
    endloop
  endfacet
  facet normal  1.585103e-001  9.873574e-001  4.779055e-005
    outer loop
      vertex  4.203945e+000  2.717677e+001  1.062053e+002
      vertex  4.035511e+000  2.720229e+001  1.376089e+002
      vertex  4.500000e+000  2.712932e+001  1.046000e+002
    endloop
  endfacet
  facet normal  1.551968e-001  9.878836e-001  -0.000000e+000
    outer loop
      vertex  4.500000e+000  2.712932e+001  1.046000e+002
      vertex  4.035511e+000  2.720229e+001  1.376089e+002
      vertex  4.500000e+000  2.712932e+001  1.396000e+002
    endloop
  endfacet
  facet normal  1.931654e-001  9.811662e-001  0.000000e+000
    outer loop
      vertex  4.500000e+000  2.712932e+001  1.046000e+002
      vertex  4.500000e+000  2.712932e+001  1.396000e+002
      vertex  6.119326e+000  2.681052e+001  1.046000e+002
    endloop
  endfacet
  facet normal  1.931654e-001  9.811662e-001  -0.000000e+000
    outer loop
      vertex  6.119326e+000  2.681052e+001  1.046000e+002
      vertex  4.500000e+000  2.712932e+001  1.396000e+002
      vertex  6.119326e+000  2.681052e+001  1.396000e+002
    endloop
  endfacet
  facet normal  3.302792e-001  9.438832e-001  0.000000e+000
    outer loop
      vertex  6.119326e+000  2.681052e+001  1.046000e+002
      vertex  6.119326e+000  2.681052e+001  1.396000e+002
      vertex  1.193180e+001  2.477664e+001  1.046000e+002
    endloop
  endfacet
  facet normal  3.302792e-001  9.438832e-001  -0.000000e+000
    outer loop
      vertex  1.193180e+001  2.477664e+001  1.046000e+002
      vertex  6.119326e+000  2.681052e+001  1.396000e+002
      vertex  1.193180e+001  2.477664e+001  1.396000e+002
    endloop
  endfacet
  facet normal  5.320320e-001  8.467242e-001  0.000000e+000
    outer loop
      vertex  1.193180e+001  2.477664e+001  1.046000e+002
      vertex  1.193180e+001  2.477664e+001  1.396000e+002
      vertex  1.714597e+001  2.150037e+001  1.046000e+002
    endloop
  endfacet
  facet normal  5.320320e-001  8.467242e-001  -0.000000e+000
    outer loop
      vertex  1.714597e+001  2.150037e+001  1.046000e+002
      vertex  1.193180e+001  2.477664e+001  1.396000e+002
      vertex  1.714597e+001  2.150037e+001  1.396000e+002
    endloop
  endfacet
  facet normal  7.071068e-001  7.071068e-001  0.000000e+000
    outer loop
      vertex  1.714597e+001  2.150037e+001  1.046000e+002
      vertex  1.714597e+001  2.150037e+001  1.396000e+002
      vertex  2.150037e+001  1.714597e+001  1.046000e+002
    endloop
  endfacet
  facet normal  7.071068e-001  7.071068e-001  -0.000000e+000
    outer loop
      vertex  2.150037e+001  1.714597e+001  1.046000e+002
      vertex  1.714597e+001  2.150037e+001  1.396000e+002
      vertex  2.150037e+001  1.714597e+001  1.396000e+002
    endloop
  endfacet
  facet normal  8.467242e-001  5.320320e-001  0.000000e+000
    outer loop
      vertex  2.150037e+001  1.714597e+001  1.046000e+002
      vertex  2.150037e+001  1.714597e+001  1.396000e+002
      vertex  2.477664e+001  1.193180e+001  1.046000e+002
    endloop
  endfacet
  facet normal  8.467242e-001  5.320320e-001  -0.000000e+000
    outer loop
      vertex  2.477664e+001  1.193180e+001  1.046000e+002
      vertex  2.150037e+001  1.714597e+001  1.396000e+002
      vertex  2.477664e+001  1.193180e+001  1.396000e+002
    endloop
  endfacet
  facet normal  9.438832e-001  3.302792e-001  0.000000e+000
    outer loop
      vertex  2.477664e+001  1.193180e+001  1.046000e+002
      vertex  2.477664e+001  1.193180e+001  1.396000e+002
      vertex  2.681052e+001  6.119326e+000  1.046000e+002
    endloop
  endfacet
  facet normal  9.438832e-001  3.302792e-001  -0.000000e+000
    outer loop
      vertex  2.681052e+001  6.119326e+000  1.046000e+002
      vertex  2.477664e+001  1.193180e+001  1.396000e+002
      vertex  2.681052e+001  6.119326e+000  1.396000e+002
    endloop
  endfacet
  facet normal -8.467242e-001  5.320320e-001  0.000000e+000
    outer loop
      vertex -2.477664e+001  1.193180e+001  1.396000e+002
      vertex -2.477664e+001  1.193180e+001  1.746000e+002
      vertex -2.150037e+001  1.714597e+001  1.396000e+002
    endloop
  endfacet
  facet normal -8.467242e-001  5.320320e-001  0.000000e+000
    outer loop
      vertex -2.150037e+001  1.714597e+001  1.396000e+002
      vertex -2.477664e+001  1.193180e+001  1.746000e+002
      vertex -2.150037e+001  1.714597e+001  1.746000e+002
    endloop
  endfacet
  facet normal -7.071068e-001  7.071068e-001  0.000000e+000
    outer loop
      vertex -2.150037e+001  1.714597e+001  1.396000e+002
      vertex -2.150037e+001  1.714597e+001  1.746000e+002
      vertex -1.714597e+001  2.150037e+001  1.396000e+002
    endloop
  endfacet
  facet normal -7.071068e-001  7.071068e-001  0.000000e+000
    outer loop
      vertex -1.714597e+001  2.150037e+001  1.396000e+002
      vertex -2.150037e+001  1.714597e+001  1.746000e+002
      vertex -1.714597e+001  2.150037e+001  1.746000e+002
    endloop
  endfacet
  facet normal -5.320320e-001  8.467242e-001  0.000000e+000
    outer loop
      vertex -1.714597e+001  2.150037e+001  1.396000e+002
      vertex -1.714597e+001  2.150037e+001  1.746000e+002
      vertex -1.193180e+001  2.477664e+001  1.396000e+002
    endloop
  endfacet
  facet normal -5.320320e-001  8.467242e-001  0.000000e+000
    outer loop
      vertex -1.193180e+001  2.477664e+001  1.396000e+002
      vertex -1.714597e+001  2.150037e+001  1.746000e+002
      vertex -1.193180e+001  2.477664e+001  1.746000e+002
    endloop
  endfacet
  facet normal -3.302792e-001  9.438833e-001  0.000000e+000
    outer loop
      vertex -1.193180e+001  2.477664e+001  1.396000e+002
      vertex -1.193180e+001  2.477664e+001  1.746000e+002
      vertex -6.119326e+000  2.681052e+001  1.396000e+002
    endloop
  endfacet
  facet normal -3.302792e-001  9.438833e-001  0.000000e+000
    outer loop
      vertex -6.119326e+000  2.681052e+001  1.396000e+002
      vertex -1.193180e+001  2.477664e+001  1.746000e+002
      vertex -6.119326e+000  2.681052e+001  1.746000e+002
    endloop
  endfacet
  facet normal -1.931653e-001  9.811662e-001  0.000000e+000
    outer loop
      vertex -6.119326e+000  2.681052e+001  1.396000e+002
      vertex -6.119326e+000  2.681052e+001  1.746000e+002
      vertex -4.500000e+000  2.712932e+001  1.396000e+002
    endloop
  endfacet
  facet normal -1.931653e-001  9.811662e-001  0.000000e+000
    outer loop
      vertex -4.500000e+000  2.712932e+001  1.396000e+002
      vertex -6.119326e+000  2.681052e+001  1.746000e+002
      vertex -4.500000e+000  2.712932e+001  1.746000e+002
    endloop
  endfacet
  facet normal -1.551968e-001  9.878836e-001  0.000000e+000
    outer loop
      vertex -4.500000e+000  2.712932e+001  1.396000e+002
      vertex -4.500000e+000  2.712932e+001  1.746000e+002
      vertex -4.035511e+000  2.720229e+001  1.415911e+002
    endloop
  endfacet
  facet normal -1.585103e-001  9.873573e-001 -4.779057e-005
    outer loop
      vertex -4.035511e+000  2.720229e+001  1.415911e+002
      vertex -4.500000e+000  2.712932e+001  1.746000e+002
      vertex -4.203945e+000  2.717677e+001  1.729947e+002
    endloop
  endfacet
  facet normal -1.230625e-001  9.923989e-001  1.464312e-004
    outer loop
      vertex -4.035511e+000  2.720229e+001  1.415911e+002
      vertex -4.203945e+000  2.717677e+001  1.729947e+002
      vertex -2.721368e+000  2.736502e+001  1.431839e+002
    endloop
  endfacet
  facet normal -1.321420e-001  9.912307e-001 -3.124927e-004
    outer loop
      vertex -2.721368e+000  2.736502e+001  1.431839e+002
      vertex -4.203945e+000  2.717677e+001  1.729947e+002
      vertex -3.037404e+000  2.733174e+001  1.712797e+002
    endloop
  endfacet
  facet normal -6.470593e-002  9.979042e-001  4.539651e-004
    outer loop
      vertex -2.721368e+000  2.736502e+001  1.431839e+002
      vertex -3.037404e+000  2.733174e+001  1.712797e+002
      vertex -8.243293e-001  2.748764e+001  1.440238e+002
    endloop
  endfacet
  facet normal -7.806536e-002  9.969481e-001 -6.362387e-004
    outer loop
      vertex -8.243293e-001  2.748764e+001  1.440238e+002
      vertex -3.037404e+000  2.733174e+001  1.712797e+002
      vertex -1.234464e+000  2.747228e+001  1.702726e+002
    endloop
  endfacet
  facet normal  7.495182e-003  9.999716e-001  7.024057e-004
    outer loop
      vertex -8.243293e-001  2.748764e+001  1.440238e+002
      vertex -1.234464e+000  2.747228e+001  1.702726e+002
      vertex  1.234464e+000  2.747228e+001  1.439274e+002
    endloop
  endfacet
  facet normal -7.495182e-003  9.999716e-001 -7.024057e-004
    outer loop
      vertex  1.234464e+000  2.747228e+001  1.439274e+002
      vertex -1.234464e+000  2.747228e+001  1.702726e+002
      vertex  8.243293e-001  2.748764e+001  1.701761e+002
    endloop
  endfacet
  facet normal  7.806535e-002  9.969481e-001  6.362386e-004
    outer loop
      vertex  1.234464e+000  2.747228e+001  1.439274e+002
      vertex  8.243293e-001  2.748764e+001  1.701761e+002
      vertex  3.037404e+000  2.733174e+001  1.429203e+002
    endloop
  endfacet
  facet normal  6.470593e-002  9.979042e-001 -4.539653e-004
    outer loop
      vertex  3.037404e+000  2.733174e+001  1.429203e+002
      vertex  8.243293e-001  2.748764e+001  1.701761e+002
      vertex  2.721368e+000  2.736502e+001  1.710161e+002
    endloop
  endfacet
  facet normal  1.321420e-001  9.912307e-001  3.124930e-004
    outer loop
      vertex  3.037404e+000  2.733174e+001  1.429203e+002
      vertex  2.721368e+000  2.736502e+001  1.710161e+002
      vertex  4.203945e+000  2.717677e+001  1.412053e+002
    endloop
  endfacet
  facet normal  1.230625e-001  9.923989e-001 -1.464312e-004
    outer loop
      vertex  4.203945e+000  2.717677e+001  1.412053e+002
      vertex  2.721368e+000  2.736502e+001  1.710161e+002
      vertex  4.035511e+000  2.720229e+001  1.726089e+002
    endloop
  endfacet
  facet normal  1.585103e-001  9.873573e-001  4.779055e-005
    outer loop
      vertex  4.203945e+000  2.717677e+001  1.412053e+002
      vertex  4.035511e+000  2.720229e+001  1.726089e+002
      vertex  4.500000e+000  2.712932e+001  1.396000e+002
    endloop
  endfacet
  facet normal  1.551968e-001  9.878836e-001  -0.000000e+000
    outer loop
      vertex  4.500000e+000  2.712932e+001  1.396000e+002
      vertex  4.035511e+000  2.720229e+001  1.726089e+002
      vertex  4.500000e+000  2.712932e+001  1.746000e+002
    endloop
  endfacet
  facet normal  1.931653e-001  9.811662e-001  0.000000e+000
    outer loop
      vertex  4.500000e+000  2.712932e+001  1.396000e+002
      vertex  4.500000e+000  2.712932e+001  1.746000e+002
      vertex  6.119326e+000  2.681052e+001  1.396000e+002
    endloop
  endfacet
  facet normal  1.931653e-001  9.811662e-001  -0.000000e+000
    outer loop
      vertex  6.119326e+000  2.681052e+001  1.396000e+002
      vertex  4.500000e+000  2.712932e+001  1.746000e+002
      vertex  6.119326e+000  2.681052e+001  1.746000e+002
    endloop
  endfacet
  facet normal  3.302792e-001  9.438833e-001  0.000000e+000
    outer loop
      vertex  6.119326e+000  2.681052e+001  1.396000e+002
      vertex  6.119326e+000  2.681052e+001  1.746000e+002
      vertex  1.193180e+001  2.477664e+001  1.396000e+002
    endloop
  endfacet
  facet normal  3.302792e-001  9.438833e-001  -0.000000e+000
    outer loop
      vertex  1.193180e+001  2.477664e+001  1.396000e+002
      vertex  6.119326e+000  2.681052e+001  1.746000e+002
      vertex  1.193180e+001  2.477664e+001  1.746000e+002
    endloop
  endfacet
  facet normal  5.320320e-001  8.467242e-001  0.000000e+000
    outer loop
      vertex  1.193180e+001  2.477664e+001  1.396000e+002
      vertex  1.193180e+001  2.477664e+001  1.746000e+002
      vertex  1.714597e+001  2.150037e+001  1.396000e+002
    endloop
  endfacet
  facet normal  5.320320e-001  8.467242e-001  -0.000000e+000
    outer loop
      vertex  1.714597e+001  2.150037e+001  1.396000e+002
      vertex  1.193180e+001  2.477664e+001  1.746000e+002
      vertex  1.714597e+001  2.150037e+001  1.746000e+002
    endloop
  endfacet
  facet normal  7.071068e-001  7.071068e-001  0.000000e+000
    outer loop
      vertex  1.714597e+001  2.150037e+001  1.396000e+002
      vertex  1.714597e+001  2.150037e+001  1.746000e+002
      vertex  2.150037e+001  1.714597e+001  1.396000e+002
    endloop
  endfacet
  facet normal  7.071068e-001  7.071068e-001  -0.000000e+000
    outer loop
      vertex  2.150037e+001  1.714597e+001  1.396000e+002
      vertex  1.714597e+001  2.150037e+001  1.746000e+002
      vertex  2.150037e+001  1.714597e+001  1.746000e+002
    endloop
  endfacet
  facet normal  8.467242e-001  5.320320e-001  0.000000e+000
    outer loop
      vertex  2.150037e+001  1.714597e+001  1.396000e+002
      vertex  2.150037e+001  1.714597e+001  1.746000e+002
      vertex  2.477664e+001  1.193180e+001  1.396000e+002
    endloop
  endfacet
  facet normal  8.467242e-001  5.320320e-001  -0.000000e+000
    outer loop
      vertex  2.477664e+001  1.193180e+001  1.396000e+002
      vertex  2.150037e+001  1.714597e+001  1.746000e+002
      vertex  2.477664e+001  1.193180e+001  1.746000e+002
    endloop
  endfacet
  facet normal  9.438833e-001  3.302792e-001  0.000000e+000
    outer loop
      vertex  2.477664e+001  1.193180e+001  1.396000e+002
      vertex  2.477664e+001  1.193180e+001  1.746000e+002
      vertex  2.681052e+001  6.119326e+000  1.396000e+002
    endloop
  endfacet
  facet normal  9.438833e-001  3.302792e-001  -0.000000e+000
    outer loop
      vertex  2.681052e+001  6.119326e+000  1.396000e+002
      vertex  2.477664e+001  1.193180e+001  1.746000e+002
      vertex  2.681052e+001  6.119326e+000  1.746000e+002
    endloop
  endfacet
  facet normal -8.467243e-001  5.320321e-001  0.000000e+000
    outer loop
      vertex -2.477664e+001  1.193180e+001  1.746000e+002
      vertex -2.477664e+001  1.193180e+001  2.000000e+002
      vertex -2.150037e+001  1.714597e+001  1.746000e+002
    endloop
  endfacet
  facet normal -8.467243e-001  5.320321e-001  0.000000e+000
    outer loop
      vertex -2.150037e+001  1.714597e+001  1.746000e+002
      vertex -2.477664e+001  1.193180e+001  2.000000e+002
      vertex -2.150037e+001  1.714597e+001  2.000000e+002
    endloop
  endfacet
  facet normal -7.071068e-001  7.071068e-001  0.000000e+000
    outer loop
      vertex -2.150037e+001  1.714597e+001  1.746000e+002
      vertex -2.150037e+001  1.714597e+001  2.000000e+002
      vertex -1.714597e+001  2.150037e+001  1.746000e+002
    endloop
  endfacet
  facet normal -7.071068e-001  7.071068e-001  0.000000e+000
    outer loop
      vertex -1.714597e+001  2.150037e+001  1.746000e+002
      vertex -2.150037e+001  1.714597e+001  2.000000e+002
      vertex -1.714597e+001  2.150037e+001  2.000000e+002
    endloop
  endfacet
  facet normal -5.320321e-001  8.467243e-001  0.000000e+000
    outer loop
      vertex -1.714597e+001  2.150037e+001  1.746000e+002
      vertex -1.714597e+001  2.150037e+001  2.000000e+002
      vertex -1.193180e+001  2.477664e+001  1.746000e+002
    endloop
  endfacet
  facet normal -5.320321e-001  8.467243e-001  0.000000e+000
    outer loop
      vertex -1.193180e+001  2.477664e+001  1.746000e+002
      vertex -1.714597e+001  2.150037e+001  2.000000e+002
      vertex -1.193180e+001  2.477664e+001  2.000000e+002
    endloop
  endfacet
  facet normal -3.302792e-001  9.438832e-001  0.000000e+000
    outer loop
      vertex -1.193180e+001  2.477664e+001  1.746000e+002
      vertex -1.193180e+001  2.477664e+001  2.000000e+002
      vertex -6.119326e+000  2.681052e+001  1.746000e+002
    endloop
  endfacet
  facet normal -3.302792e-001  9.438832e-001  0.000000e+000
    outer loop
      vertex -6.119326e+000  2.681052e+001  1.746000e+002
      vertex -1.193180e+001  2.477664e+001  2.000000e+002
      vertex -6.119326e+000  2.681052e+001  2.000000e+002
    endloop
  endfacet
  facet normal  3.302792e-001  9.438832e-001  0.000000e+000
    outer loop
      vertex  6.119326e+000  2.681052e+001  1.746000e+002
      vertex  6.119326e+000  2.681052e+001  2.000000e+002
      vertex  1.193180e+001  2.477664e+001  1.746000e+002
    endloop
  endfacet
  facet normal  3.302792e-001  9.438832e-001  -0.000000e+000
    outer loop
      vertex  1.193180e+001  2.477664e+001  1.746000e+002
      vertex  6.119326e+000  2.681052e+001  2.000000e+002
      vertex  1.193180e+001  2.477664e+001  2.000000e+002
    endloop
  endfacet
  facet normal  5.320321e-001  8.467243e-001  0.000000e+000
    outer loop
      vertex  1.193180e+001  2.477664e+001  1.746000e+002
      vertex  1.193180e+001  2.477664e+001  2.000000e+002
      vertex  1.714597e+001  2.150037e+001  1.746000e+002
    endloop
  endfacet
  facet normal  5.320321e-001  8.467243e-001  -0.000000e+000
    outer loop
      vertex  1.714597e+001  2.150037e+001  1.746000e+002
      vertex  1.193180e+001  2.477664e+001  2.000000e+002
      vertex  1.714597e+001  2.150037e+001  2.000000e+002
    endloop
  endfacet
  facet normal  7.071068e-001  7.071068e-001  0.000000e+000
    outer loop
      vertex  1.714597e+001  2.150037e+001  1.746000e+002
      vertex  1.714597e+001  2.150037e+001  2.000000e+002
      vertex  2.150037e+001  1.714597e+001  1.746000e+002
    endloop
  endfacet
  facet normal  7.071068e-001  7.071068e-001  -0.000000e+000
    outer loop
      vertex  2.150037e+001  1.714597e+001  1.746000e+002
      vertex  1.714597e+001  2.150037e+001  2.000000e+002
      vertex  2.150037e+001  1.714597e+001  2.000000e+002
    endloop
  endfacet
  facet normal  8.467243e-001  5.320321e-001  0.000000e+000
    outer loop
      vertex  2.150037e+001  1.714597e+001  1.746000e+002
      vertex  2.150037e+001  1.714597e+001  2.000000e+002
      vertex  2.477664e+001  1.193180e+001  1.746000e+002
    endloop
  endfacet
  facet normal  8.467243e-001  5.320321e-001  -0.000000e+000
    outer loop
      vertex  2.477664e+001  1.193180e+001  1.746000e+002
      vertex  2.150037e+001  1.714597e+001  2.000000e+002
      vertex  2.477664e+001  1.193180e+001  2.000000e+002
    endloop
  endfacet
  facet normal  9.438832e-001  3.302792e-001  0.000000e+000
    outer loop
      vertex  2.477664e+001  1.193180e+001  1.746000e+002
      vertex  2.477664e+001  1.193180e+001  2.000000e+002
      vertex  2.681052e+001  6.119326e+000  1.746000e+002
    endloop
  endfacet
  facet normal  9.438832e-001  3.302792e-001  -0.000000e+000
    outer loop
      vertex  2.681052e+001  6.119326e+000  1.746000e+002
      vertex  2.477664e+001  1.193180e+001  2.000000e+002
      vertex  2.681052e+001  6.119326e+000  2.000000e+002
    endloop
  endfacet
  facet normal  9.937122e-001  1.119644e-001  0.000000e+000
    outer loop
      vertex  2.681052e+001  6.119326e+000  1.746000e+002
      vertex  2.681052e+001  6.119326e+000  2.000000e+002
      vertex  2.750000e+001  0.000000e+000  2.000000e+002
    endloop
  endfacet
  facet normal  0.000000e+000 -1.000000e+000  -0.000000e+000
    outer loop
      vertex -2.332488e+001  9.000000e+000  1.620000e+002
      vertex -2.332488e+001  9.000000e+000  1.800000e+002
      vertex -2.483647e+001  9.000000e+000  1.620000e+002
    endloop
  endfacet
  facet normal  0.000000e+000 -1.000000e+000  0.000000e+000
    outer loop
      vertex -2.483647e+001  9.000000e+000  1.620000e+002
      vertex -2.332488e+001  9.000000e+000  1.800000e+002
      vertex -2.483647e+001  9.000000e+000  1.800000e+002
    endloop
  endfacet
  facet normal -9.989379e-002  6.705478e-001  7.351101e-001
    outer loop
      vertex -2.574685e+001 -6.493160e+000  1.557679e+002
      vertex -2.401654e+001 -7.306413e+000  1.567449e+002
      vertex -2.473249e+001 -4.893591e+000  1.544467e+002
    endloop
  endfacet
  facet normal  2.973721e-002  7.934888e-001  6.078579e-001
    outer loop
      vertex -2.536675e+001 -7.651582e+000  1.572615e+002
      vertex -2.401654e+001 -7.306413e+000  1.567449e+002
      vertex -2.574685e+001 -6.493160e+000  1.557679e+002
    endloop
  endfacet
  facet normal  3.018526e-003 -9.574367e-001  2.886274e-001
    outer loop
      vertex -2.513259e+001  8.277691e+000  1.584673e+002
      vertex -2.363314e+001  8.294056e+000  1.585059e+002
      vertex -2.490036e+001  8.849835e+000  1.603628e+002
    endloop
  endfacet
  facet normal -1.225077e-001 -9.706575e-001  2.069198e-001
    outer loop
      vertex -2.490036e+001  8.849835e+000  1.603628e+002
      vertex -2.363314e+001  8.294056e+000  1.585059e+002
      vertex -2.332488e+001  9.000000e+000  1.620000e+002
    endloop
  endfacet
  facet normal  0.000000e+000 -9.958200e-001  9.133744e-002
    outer loop
      vertex -2.490036e+001  8.849835e+000  1.603628e+002
      vertex -2.332488e+001  9.000000e+000  1.620000e+002
      vertex -2.483647e+001  9.000000e+000  1.620000e+002
    endloop
  endfacet
  facet normal -3.714557e-002 -5.663188e-001  8.233488e-001
    outer loop
      vertex -2.486612e+001  4.284576e+000  1.540853e+002
      vertex -2.445337e+001  5.960382e+000  1.552566e+002
      vertex -2.615833e+001  4.914044e+000  1.544600e+002
    endloop
  endfacet
  facet normal  1.684524e-001 -7.560265e-001  6.324933e-001
    outer loop
      vertex -2.615833e+001  4.914044e+000  1.544600e+002
      vertex -2.445337e+001  5.960382e+000  1.552566e+002
      vertex -2.401130e+001  7.320906e+000  1.567651e+002
    endloop
  endfacet
  facet normal -7.928012e-004 -6.913100e-001  7.225579e-001
    outer loop
      vertex -2.615833e+001  4.914044e+000  1.544600e+002
      vertex -2.401130e+001  7.320906e+000  1.567651e+002
      vertex -2.548345e+001  7.317252e+000  1.567600e+002
    endloop
  endfacet
  facet normal  4.729225e-004 -8.729160e-001  4.878704e-001
    outer loop
      vertex -2.548345e+001  7.317252e+000  1.567600e+002
      vertex -2.401130e+001  7.320906e+000  1.567651e+002
      vertex -2.363314e+001  8.294056e+000  1.585059e+002
    endloop
  endfacet
  facet normal -3.126153e-003 -8.712830e-001  4.907710e-001
    outer loop
      vertex -2.548345e+001  7.317252e+000  1.567600e+002
      vertex -2.363314e+001  8.294056e+000  1.585059e+002
      vertex -2.513259e+001  8.277691e+000  1.584673e+002
    endloop
  endfacet
  facet normal  1.026944e-001  5.939556e-001  7.979165e-001
    outer loop
      vertex -2.574685e+001 -6.493160e+000  1.557679e+002
      vertex -2.473249e+001 -4.893591e+000  1.544467e+002
      vertex -2.637926e+001 -3.789273e+000  1.538366e+002
    endloop
  endfacet
  facet normal -3.282598e-002  4.453626e-001  8.947483e-001
    outer loop
      vertex -2.637926e+001 -3.789273e+000  1.538366e+002
      vertex -2.473249e+001 -4.893591e+000  1.544467e+002
      vertex -2.506325e+001 -3.171133e+000  1.535772e+002
    endloop
  endfacet
  facet normal  3.409004e-002  3.241517e-001  9.453906e-001
    outer loop
      vertex -2.637926e+001 -3.789273e+000  1.538366e+002
      vertex -2.506325e+001 -3.171133e+000  1.535772e+002
      vertex -2.661592e+001 -1.944371e+000  1.532125e+002
    endloop
  endfacet
  facet normal -9.487245e-002  1.714006e-001  9.806227e-001
    outer loop
      vertex -2.661592e+001 -1.944371e+000  1.532125e+002
      vertex -2.506325e+001 -3.171133e+000  1.535772e+002
      vertex -2.530000e+001  1.403998e-007  1.530000e+002
    endloop
  endfacet
  facet normal -1.090587e-008  1.086630e-001  9.940786e-001
    outer loop
      vertex -2.661592e+001 -1.944371e+000  1.532125e+002
      vertex -2.530000e+001  1.403998e-007  1.530000e+002
      vertex -2.670000e+001 -1.101935e-010  1.530000e+002
    endloop
  endfacet
  facet normal  9.837146e-009 -9.801453e-002  9.951850e-001
    outer loop
      vertex -2.670000e+001 -1.101935e-010  1.530000e+002
      vertex -2.530000e+001  1.403998e-007  1.530000e+002
      vertex -2.522766e+001  1.755813e+000  1.531729e+002
    endloop
  endfacet
  facet normal  5.988090e-002 -1.474469e-001  9.872556e-001
    outer loop
      vertex -2.670000e+001 -1.101935e-010  1.530000e+002
      vertex -2.522766e+001  1.755813e+000  1.531729e+002
      vertex -2.655281e+001  2.571060e+000  1.533751e+002
    endloop
  endfacet
  facet normal -6.009329e-002 -3.311563e-001  9.416605e-001
    outer loop
      vertex -2.655281e+001  2.571060e+000  1.533751e+002
      vertex -2.522766e+001  1.755813e+000  1.531729e+002
      vertex -2.486612e+001  4.284576e+000  1.540853e+002
    endloop
  endfacet
  facet normal  5.370867e-002 -4.270081e-001  9.026514e-001
    outer loop
      vertex -2.655281e+001  2.571060e+000  1.533751e+002
      vertex -2.486612e+001  4.284576e+000  1.540853e+002
      vertex -2.615833e+001  4.914044e+000  1.544600e+002
    endloop
  endfacet
  facet normal  0.000000e+000  9.960471e-001  8.882754e-002
    outer loop
      vertex -2.332488e+001 -9.000000e+000  1.620000e+002
      vertex -2.338926e+001 -8.857974e+000  1.604074e+002
      vertex -2.483647e+001 -9.000000e+000  1.620000e+002
    endloop
  endfacet
  facet normal  1.906695e-001  9.472148e-001  2.577385e-001
    outer loop
      vertex -2.483647e+001 -9.000000e+000  1.620000e+002
      vertex -2.338926e+001 -8.857974e+000  1.604074e+002
      vertex -2.363707e+001 -8.284601e+000  1.584836e+002
    endloop
  endfacet
  facet normal -7.291857e-002  9.818846e-001  1.748869e-001
    outer loop
      vertex -2.483647e+001 -9.000000e+000  1.620000e+002
      vertex -2.363707e+001 -8.284601e+000  1.584836e+002
      vertex -2.505321e+001 -8.478204e+000  1.589801e+002
    endloop
  endfacet
  facet normal  4.920933e-002  8.750321e-001  4.815571e-001
    outer loop
      vertex -2.505321e+001 -8.478204e+000  1.589801e+002
      vertex -2.363707e+001 -8.284601e+000  1.584836e+002
      vertex -2.401654e+001 -7.306413e+000  1.567449e+002
    endloop
  endfacet
  facet normal -5.991270e-002  8.952391e-001  4.415399e-001
    outer loop
      vertex -2.505321e+001 -8.478204e+000  1.589801e+002
      vertex -2.401654e+001 -7.306413e+000  1.567449e+002
      vertex -2.536675e+001 -7.651582e+000  1.572615e+002
    endloop
  endfacet
  facet normal  0.000000e+000  1.000000e+000  -0.000000e+000
    outer loop
      vertex -2.332488e+001 -9.000000e+000  1.800000e+002
      vertex -2.332488e+001 -9.000000e+000  1.620000e+002
      vertex -2.483647e+001 -9.000000e+000  1.800000e+002
    endloop
  endfacet
  facet normal  0.000000e+000  1.000000e+000  0.000000e+000
    outer loop
      vertex -2.483647e+001 -9.000000e+000  1.800000e+002
      vertex -2.332488e+001 -9.000000e+000  1.620000e+002
      vertex -2.483647e+001 -9.000000e+000  1.620000e+002
    endloop
  endfacet
  facet normal  1.060222e-001  7.029084e-001 -7.033344e-001
    outer loop
      vertex -2.615833e+001 -4.914044e+000  1.875400e+002
      vertex -2.440692e+001 -6.118849e+000  1.866000e+002
      vertex -2.548345e+001 -7.317252e+000  1.852400e+002
    endloop
  endfacet
  facet normal -4.898993e-002  5.691833e-001 -8.207498e-001
    outer loop
      vertex -2.440692e+001 -6.118849e+000  1.866000e+002
      vertex -2.615833e+001 -4.914044e+000  1.875400e+002
      vertex -2.488411e+001 -4.195574e+000  1.879622e+002
    endloop
  endfacet
  facet normal  5.788169e-002  4.274865e-001 -9.021670e-001
    outer loop
      vertex -2.488411e+001 -4.195574e+000  1.879622e+002
      vertex -2.615833e+001 -4.914044e+000  1.875400e+002
      vertex -2.655281e+001 -2.571060e+000  1.886249e+002
    endloop
  endfacet
  facet normal -6.336442e-002  3.204709e-001 -9.451367e-001
    outer loop
      vertex -2.488411e+001 -4.195574e+000  1.879622e+002
      vertex -2.655281e+001 -2.571060e+000  1.886249e+002
      vertex -2.523537e+001 -1.659671e+000  1.888456e+002
    endloop
  endfacet
  facet normal  6.323871e-002  1.476051e-001 -9.870226e-001
    outer loop
      vertex -2.523537e+001 -1.659671e+000  1.888456e+002
      vertex -2.655281e+001 -2.571060e+000  1.886249e+002
      vertex -2.670000e+001 -2.913035e-008  1.890000e+002
    endloop
  endfacet
  facet normal  7.315698e-009  9.260548e-002 -9.957029e-001
    outer loop
      vertex -2.523537e+001 -1.659671e+000  1.888456e+002
      vertex -2.670000e+001 -2.913035e-008  1.890000e+002
      vertex -2.530000e+001 -1.397284e-007  1.890000e+002
    endloop
  endfacet
  facet normal -1.559833e-008 -1.974509e-001 -9.803128e-001
    outer loop
      vertex -2.530000e+001 -1.397284e-007  1.890000e+002
      vertex -2.670000e+001 -2.913035e-008  1.890000e+002
      vertex -2.642908e+001  3.484164e+000  1.882982e+002
    endloop
  endfacet
  facet normal  4.779829e-002 -1.823167e-001 -9.820774e-001
    outer loop
      vertex -2.530000e+001 -1.397284e-007  1.890000e+002
      vertex -2.642908e+001  3.484164e+000  1.882982e+002
      vertex -2.506325e+001  3.171133e+000  1.884228e+002
    endloop
  endfacet
  facet normal -3.061267e-002 -4.820651e-001 -8.756005e-001
    outer loop
      vertex -2.506325e+001  3.171133e+000  1.884228e+002
      vertex -2.642908e+001  3.484164e+000  1.882982e+002
      vertex -2.608656e+001  5.225940e+000  1.873273e+002
    endloop
  endfacet
  facet normal  3.653010e-002 -4.559167e-001 -8.892724e-001
    outer loop
      vertex -2.506325e+001  3.171133e+000  1.884228e+002
      vertex -2.608656e+001  5.225940e+000  1.873273e+002
      vertex -2.473249e+001  4.893591e+000  1.875533e+002
    endloop
  endfacet
  facet normal -3.728257e-002 -6.613543e-001 -7.491465e-001
    outer loop
      vertex -2.473249e+001  4.893591e+000  1.875533e+002
      vertex -2.608656e+001  5.225940e+000  1.873273e+002
      vertex -2.567943e+001  6.714538e+000  1.859929e+002
    endloop
  endfacet
  facet normal -8.588532e-002 -6.736704e-001 -7.340243e-001
    outer loop
      vertex -2.473249e+001  4.893591e+000  1.875533e+002
      vertex -2.567943e+001  6.714538e+000  1.859929e+002
      vertex -2.401654e+001  7.306413e+000  1.852551e+002
    endloop
  endfacet
  facet normal  3.788009e-002 -8.193966e-001 -5.719743e-001
    outer loop
      vertex -2.401654e+001  7.306413e+000  1.852551e+002
      vertex -2.567943e+001  6.714538e+000  1.859929e+002
      vertex -2.528504e+001  7.876411e+000  1.843546e+002
    endloop
  endfacet
  facet normal -3.749608e-002 -8.674044e-001 -4.961891e-001
    outer loop
      vertex -2.401654e+001  7.306413e+000  1.852551e+002
      vertex -2.528504e+001  7.876411e+000  1.843546e+002
      vertex -2.363707e+001  8.284601e+000  1.835164e+002
    endloop
  endfacet
  facet normal  3.436781e-002 -9.234490e-001 -3.821791e-001
    outer loop
      vertex -2.363707e+001  8.284601e+000  1.835164e+002
      vertex -2.528504e+001  7.876411e+000  1.843546e+002
      vertex -2.499419e+001  8.623881e+000  1.825746e+002
    endloop
  endfacet
  facet normal -3.789510e-002 -9.563093e-001 -2.898905e-001
    outer loop
      vertex -2.363707e+001  8.284601e+000  1.835164e+002
      vertex -2.499419e+001  8.623881e+000  1.825746e+002
      vertex -2.338926e+001  8.857974e+000  1.815926e+002
    endloop
  endfacet
  facet normal  5.798378e-002 -9.883343e-001 -1.408309e-001
    outer loop
      vertex -2.338926e+001  8.857974e+000  1.815926e+002
      vertex -2.499419e+001  8.623881e+000  1.825746e+002
      vertex -2.483647e+001  9.000000e+000  1.800000e+002
    endloop
  endfacet
  facet normal  0.000000e+000 -9.960471e-001 -8.882754e-002
    outer loop
      vertex -2.338926e+001  8.857974e+000  1.815926e+002
      vertex -2.483647e+001  9.000000e+000  1.800000e+002
      vertex -2.332488e+001  9.000000e+000  1.800000e+002
    endloop
  endfacet
  facet normal  2.603685e-002  9.578922e-001 -2.859449e-001
    outer loop
      vertex -2.513259e+001 -8.277691e+000  1.835327e+002
      vertex -2.356756e+001 -8.449979e+000  1.830980e+002
      vertex -2.490036e+001 -8.849835e+000  1.816372e+002
    endloop
  endfacet
  facet normal -9.502734e-002  9.788397e-001 -1.812257e-001
    outer loop
      vertex -2.490036e+001 -8.849835e+000  1.816372e+002
      vertex -2.356756e+001 -8.449979e+000  1.830980e+002
      vertex -2.332488e+001 -9.000000e+000  1.800000e+002
    endloop
  endfacet
  facet normal  0.000000e+000  9.958200e-001 -9.133744e-002
    outer loop
      vertex -2.490036e+001 -8.849835e+000  1.816372e+002
      vertex -2.332488e+001 -9.000000e+000  1.800000e+002
      vertex -2.483647e+001 -9.000000e+000  1.800000e+002
    endloop
  endfacet
  facet normal -3.654262e-002  7.639346e-001 -6.442581e-001
    outer loop
      vertex -2.440692e+001 -6.118849e+000  1.866000e+002
      vertex -2.390284e+001 -7.614389e+000  1.847980e+002
      vertex -2.548345e+001 -7.317252e+000  1.852400e+002
    endloop
  endfacet
  facet normal  4.815194e-002  9.001349e-001 -4.329416e-001
    outer loop
      vertex -2.548345e+001 -7.317252e+000  1.852400e+002
      vertex -2.390284e+001 -7.614389e+000  1.847980e+002
      vertex -2.356756e+001 -8.449979e+000  1.830980e+002
    endloop
  endfacet
  facet normal -4.242978e-002  8.670259e-001 -4.964532e-001
    outer loop
      vertex -2.548345e+001 -7.317252e+000  1.852400e+002
      vertex -2.356756e+001 -8.449979e+000  1.830980e+002
      vertex -2.513259e+001 -8.277691e+000  1.835327e+002
    endloop
  endfacet
  facet normal  2.890772e-001 -9.573058e-001  3.063172e-008
    outer loop
      vertex -2.332488e+001  9.000000e+000  1.800000e+002
      vertex -2.332488e+001  9.000000e+000  1.620000e+002
      vertex -2.288211e+001  9.133704e+000  1.800000e+002
    endloop
  endfacet
  facet normal  2.890783e-001 -9.573054e-001  0.000000e+000
    outer loop
      vertex -2.288211e+001  9.133704e+000  1.800000e+002
      vertex -2.332488e+001  9.000000e+000  1.620000e+002
      vertex -2.288211e+001  9.133704e+000  1.620000e+002
    endloop
  endfacet
  facet normal  7.705978e-001 -6.373217e-001  0.000000e+000
    outer loop
      vertex -2.288211e+001  9.133704e+000  1.800000e+002
      vertex -2.288211e+001  9.133704e+000  1.620000e+002
      vertex -2.258733e+001  9.490120e+000  1.800000e+002
    endloop
  endfacet
  facet normal  7.705969e-001 -6.373227e-001  3.376657e-008
    outer loop
      vertex -2.258733e+001  9.490120e+000  1.800000e+002
      vertex -2.288211e+001  9.133704e+000  1.620000e+002
      vertex -2.258733e+001  9.490119e+000  1.620000e+002
    endloop
  endfacet
  facet normal  6.952062e-001 -1.827960e-001 -6.951790e-001
    outer loop
      vertex -2.490000e+001  3.381347e-008  1.891072e+002
      vertex -2.451587e+001  3.182890e+000  1.886544e+002
      vertex -2.460718e+001  5.874399e-008  1.894000e+002
    endloop
  endfacet
  facet normal  9.110211e-001 -1.186492e-001 -3.949215e-001
    outer loop
      vertex -2.460718e+001  5.874399e-008  1.894000e+002
      vertex -2.451587e+001  3.182890e+000  1.886544e+002
      vertex -2.427074e+001  3.343816e+000  1.891715e+002
    endloop
  endfacet
  facet normal  9.596142e-001 -1.141225e-001 -2.571318e-001
    outer loop
      vertex -2.460718e+001  5.874399e-008  1.894000e+002
      vertex -2.427074e+001  3.343816e+000  1.891715e+002
      vertex -2.450000e+001  3.000385e-015  1.898000e+002
    endloop
  endfacet
  facet normal  2.540241e-001 -1.915188e-001 -9.480466e-001
    outer loop
      vertex -2.530000e+001 -1.397284e-007  1.890000e+002
      vertex -2.506325e+001  3.171133e+000  1.884228e+002
      vertex -2.490000e+001  3.381347e-008  1.891072e+002
    endloop
  endfacet
  facet normal  3.867636e-001 -1.754670e-001 -9.053316e-001
    outer loop
      vertex -2.490000e+001  3.381347e-008  1.891072e+002
      vertex -2.506325e+001  3.171133e+000  1.884228e+002
      vertex -2.451587e+001  3.182890e+000  1.886544e+002
    endloop
  endfacet
  facet normal  7.723126e-001 -6.346666e-001 -2.704677e-002
    outer loop
      vertex -2.264967e+001  9.340359e+000  1.817341e+002
      vertex -2.294331e+001  8.986681e+000  1.816488e+002
      vertex -2.258733e+001  9.490120e+000  1.800000e+002
    endloop
  endfacet
  facet normal  7.702910e-001 -6.370680e-001 -2.821649e-002
    outer loop
      vertex -2.258733e+001  9.490120e+000  1.800000e+002
      vertex -2.294331e+001  8.986681e+000  1.816488e+002
      vertex -2.288211e+001  9.133704e+000  1.800000e+002
    endloop
  endfacet
  facet normal  2.851915e-001 -9.555612e-001 -7.462287e-002
    outer loop
      vertex -2.294331e+001  8.986681e+000  1.816488e+002
      vertex -2.338926e+001  8.857974e+000  1.815926e+002
      vertex -2.288211e+001  9.133704e+000  1.800000e+002
    endloop
  endfacet
  facet normal  2.882955e-001 -9.547173e-001 -7.348830e-002
    outer loop
      vertex -2.288211e+001  9.133704e+000  1.800000e+002
      vertex -2.338926e+001  8.857974e+000  1.815926e+002
      vertex -2.332488e+001  9.000000e+000  1.800000e+002
    endloop
  endfacet
  facet normal  7.843409e-001 -6.141430e-001 -8.739454e-002
    outer loop
      vertex -2.288966e+001  8.735759e+000  1.838290e+002
      vertex -2.317850e+001  8.394168e+000  1.836372e+002
      vertex -2.264967e+001  9.340359e+000  1.817341e+002
    endloop
  endfacet
  facet normal  7.770029e-001 -6.225010e-001 -9.358909e-002
    outer loop
      vertex -2.264967e+001  9.340359e+000  1.817341e+002
      vertex -2.317850e+001  8.394168e+000  1.836372e+002
      vertex -2.294331e+001  8.986681e+000  1.816488e+002
    endloop
  endfacet
  facet normal  2.854108e-001 -9.272107e-001 -2.425302e-001
    outer loop
      vertex -2.317850e+001  8.394168e+000  1.836372e+002
      vertex -2.363707e+001  8.284601e+000  1.835164e+002
      vertex -2.294331e+001  8.986681e+000  1.816488e+002
    endloop
  endfacet
  facet normal  2.968673e-001 -9.249336e-001 -2.374185e-001
    outer loop
      vertex -2.294331e+001  8.986681e+000  1.816488e+002
      vertex -2.363707e+001  8.284601e+000  1.835164e+002
      vertex -2.338926e+001  8.857974e+000  1.815926e+002
    endloop
  endfacet
  facet normal  8.071198e-001 -5.699822e-001 -1.538758e-001
    outer loop
      vertex -2.325712e+001  7.704303e+000  1.857222e+002
      vertex -2.353725e+001  7.387214e+000  1.854274e+002
      vertex -2.288966e+001  8.735759e+000  1.838290e+002
    endloop
  endfacet
  facet normal  7.970902e-001 -5.803895e-001 -1.667195e-001
    outer loop
      vertex -2.288966e+001  8.735759e+000  1.838290e+002
      vertex -2.353725e+001  7.387214e+000  1.854274e+002
      vertex -2.317850e+001  8.394168e+000  1.836372e+002
    endloop
  endfacet
  facet normal  2.962785e-001 -8.565979e-001 -4.224441e-001
    outer loop
      vertex -2.353725e+001  7.387214e+000  1.854274e+002
      vertex -2.401654e+001  7.306413e+000  1.852551e+002
      vertex -2.317850e+001  8.394168e+000  1.836372e+002
    endloop
  endfacet
  facet normal  3.130863e-001 -8.552917e-001 -4.128598e-001
    outer loop
      vertex -2.317850e+001  8.394168e+000  1.836372e+002
      vertex -2.401654e+001  7.306413e+000  1.852551e+002
      vertex -2.363707e+001  8.284601e+000  1.835164e+002
    endloop
  endfacet
  facet normal  8.493298e-001 -4.692444e-001 -2.417616e-001
    outer loop
      vertex -2.395044e+001  5.160085e+000  1.882247e+002
      vertex -2.420868e+001  4.924371e+000  1.877750e+002
      vertex -2.325712e+001  7.704303e+000  1.857222e+002
    endloop
  endfacet
  facet normal  8.322445e-001 -4.842321e-001 -2.699781e-001
    outer loop
      vertex -2.325712e+001  7.704303e+000  1.857222e+002
      vertex -2.420868e+001  4.924371e+000  1.877750e+002
      vertex -2.353725e+001  7.387214e+000  1.854274e+002
    endloop
  endfacet
  facet normal  3.133050e-001 -6.985918e-001 -6.432802e-001
    outer loop
      vertex -2.420868e+001  4.924371e+000  1.877750e+002
      vertex -2.473249e+001  4.893591e+000  1.875533e+002
      vertex -2.353725e+001  7.387214e+000  1.854274e+002
    endloop
  endfacet
  facet normal  3.433185e-001 -6.991907e-001 -6.271083e-001
    outer loop
      vertex -2.353725e+001  7.387214e+000  1.854274e+002
      vertex -2.473249e+001  4.893591e+000  1.875533e+002
      vertex -2.401654e+001  7.306413e+000  1.852551e+002
    endloop
  endfacet
  facet normal  8.898796e-001 -3.242233e-001 -3.209262e-001
    outer loop
      vertex -2.427074e+001  3.343816e+000  1.891715e+002
      vertex -2.451587e+001  3.182890e+000  1.886544e+002
      vertex -2.395044e+001  5.160085e+000  1.882247e+002
    endloop
  endfacet
  facet normal  8.835015e-001 -3.257990e-001 -3.365709e-001
    outer loop
      vertex -2.395044e+001  5.160085e+000  1.882247e+002
      vertex -2.451587e+001  3.182890e+000  1.886544e+002
      vertex -2.420868e+001  4.924371e+000  1.877750e+002
    endloop
  endfacet
  facet normal  3.523246e-001 -4.706238e-001 -8.089380e-001
    outer loop
      vertex -2.451587e+001  3.182890e+000  1.886544e+002
      vertex -2.506325e+001  3.171133e+000  1.884228e+002
      vertex -2.420868e+001  4.924371e+000  1.877750e+002
    endloop
  endfacet
  facet normal  3.666032e-001 -4.744059e-001 -8.003380e-001
    outer loop
      vertex -2.420868e+001  4.924371e+000  1.877750e+002
      vertex -2.506325e+001  3.171133e+000  1.884228e+002
      vertex -2.473249e+001  4.893591e+000  1.875533e+002
    endloop
  endfacet
  facet normal  7.693980e-001  6.363277e-001 -5.580080e-002
    outer loop
      vertex -2.258733e+001 -9.490119e+000  1.800000e+002
      vertex -2.288211e+001 -9.133702e+000  1.800000e+002
      vertex -2.282234e+001 -8.910142e+000  1.833734e+002
    endloop
  endfacet
  facet normal  7.773703e-001  6.266080e-001 -5.529789e-002
    outer loop
      vertex -2.282234e+001 -8.910142e+000  1.833734e+002
      vertex -2.288211e+001 -9.133702e+000  1.800000e+002
      vertex -2.311259e+001 -8.564896e+000  1.832053e+002
    endloop
  endfacet
  facet normal  2.859141e-001  9.468405e-001 -1.474655e-001
    outer loop
      vertex -2.288211e+001 -9.133702e+000  1.800000e+002
      vertex -2.332488e+001 -9.000000e+000  1.800000e+002
      vertex -2.311259e+001 -8.564896e+000  1.832053e+002
    endloop
  endfacet
  facet normal  2.746985e-001  9.501995e-001 -1.471787e-001
    outer loop
      vertex -2.311259e+001 -8.564896e+000  1.832053e+002
      vertex -2.332488e+001 -9.000000e+000  1.800000e+002
      vertex -2.356756e+001 -8.449979e+000  1.830980e+002
    endloop
  endfacet
  facet normal  7.030728e-001  1.068459e-001 -7.030453e-001
    outer loop
      vertex -2.490000e+001  3.381347e-008  1.891072e+002
      vertex -2.460718e+001  5.874399e-008  1.894000e+002
      vertex -2.467481e+001 -1.663417e+000  1.890796e+002
    endloop
  endfacet
  facet normal  9.658707e-001  1.058463e-002 -2.588082e-001
    outer loop
      vertex -2.467481e+001 -1.663417e+000  1.890796e+002
      vertex -2.460718e+001  5.874399e-008  1.894000e+002
      vertex -2.450000e+001  3.000385e-015  1.898000e+002
    endloop
  endfacet
  facet normal  9.204227e-001  6.985561e-002 -3.846326e-001
    outer loop
      vertex -2.467481e+001 -1.663417e+000  1.890796e+002
      vertex -2.450000e+001  3.000385e-015  1.898000e+002
      vertex -2.443742e+001 -1.750053e+000  1.896319e+002
    endloop
  endfacet
  facet normal  2.575326e-001  9.941927e-002 -9.611413e-001
    outer loop
      vertex -2.530000e+001 -1.397284e-007  1.890000e+002
      vertex -2.490000e+001  3.381347e-008  1.891072e+002
      vertex -2.523537e+001 -1.659671e+000  1.888456e+002
    endloop
  endfacet
  facet normal  3.846372e-001  6.734756e-002 -9.206076e-001
    outer loop
      vertex -2.523537e+001 -1.659671e+000  1.888456e+002
      vertex -2.490000e+001  3.381347e-008  1.891072e+002
      vertex -2.467481e+001 -1.663417e+000  1.890796e+002
    endloop
  endfacet
  facet normal  8.976641e-001  2.457767e-001 -3.657773e-001
    outer loop
      vertex -2.409726e+001 -4.424055e+000  1.886700e+002
      vertex -2.434975e+001 -4.217147e+000  1.881893e+002
      vertex -2.443742e+001 -1.750053e+000  1.896319e+002
    endloop
  endfacet
  facet normal  9.053465e-001  2.378762e-001 -3.517991e-001
    outer loop
      vertex -2.443742e+001 -1.750053e+000  1.896319e+002
      vertex -2.434975e+001 -4.217147e+000  1.881893e+002
      vertex -2.467481e+001 -1.663417e+000  1.890796e+002
    endloop
  endfacet
  facet normal  3.786559e-001  3.472679e-001 -8.579188e-001
    outer loop
      vertex -2.434975e+001 -4.217147e+000  1.881893e+002
      vertex -2.488411e+001 -4.195574e+000  1.879622e+002
      vertex -2.467481e+001 -1.663417e+000  1.890796e+002
    endloop
  endfacet
  facet normal  3.626248e-001  3.509757e-001 -8.633187e-001
    outer loop
      vertex -2.467481e+001 -1.663417e+000  1.890796e+002
      vertex -2.488411e+001 -4.195574e+000  1.879622e+002
      vertex -2.523537e+001 -1.659671e+000  1.888456e+002
    endloop
  endfacet
  facet normal  8.588369e-001  4.151644e-001 -3.000625e-001
    outer loop
      vertex -2.363516e+001 -6.452066e+000  1.871866e+002
      vertex -2.390434e+001 -6.171347e+000  1.868046e+002
      vertex -2.409726e+001 -4.424055e+000  1.886700e+002
    endloop
  endfacet
  facet normal  8.708267e-001  4.004896e-001 -2.850768e-001
    outer loop
      vertex -2.409726e+001 -4.424055e+000  1.886700e+002
      vertex -2.390434e+001 -6.171347e+000  1.868046e+002
      vertex -2.434975e+001 -4.217147e+000  1.881893e+002
    endloop
  endfacet
  facet normal  3.560044e-001  5.929458e-001 -7.222715e-001
    outer loop
      vertex -2.390434e+001 -6.171347e+000  1.868046e+002
      vertex -2.440692e+001 -6.118849e+000  1.866000e+002
      vertex -2.434975e+001 -4.217147e+000  1.881893e+002
    endloop
  endfacet
  facet normal  3.336853e-001  5.986025e-001 -7.282370e-001
    outer loop
      vertex -2.434975e+001 -4.217147e+000  1.881893e+002
      vertex -2.440692e+001 -6.118849e+000  1.866000e+002
      vertex -2.488411e+001 -4.195574e+000  1.879622e+002
    endloop
  endfacet
  facet normal  8.185828e-001  5.297156e-001 -2.220891e-001
    outer loop
      vertex -2.314702e+001 -8.029051e+000  1.852245e+002
      vertex -2.342994e+001 -7.703715e+000  1.849577e+002
      vertex -2.363516e+001 -6.452066e+000  1.871866e+002
    endloop
  endfacet
  facet normal  8.328455e-001  5.118222e-001 -2.107281e-001
    outer loop
      vertex -2.363516e+001 -6.452066e+000  1.871866e+002
      vertex -2.342994e+001 -7.703715e+000  1.849577e+002
      vertex -2.390434e+001 -6.171347e+000  1.868046e+002
    endloop
  endfacet
  facet normal  3.306988e-001  7.662964e-001 -5.508432e-001
    outer loop
      vertex -2.342994e+001 -7.703715e+000  1.849577e+002
      vertex -2.390284e+001 -7.614389e+000  1.847980e+002
      vertex -2.390434e+001 -6.171347e+000  1.868046e+002
    endloop
  endfacet
  facet normal  3.069018e-001  7.727867e-001 -5.555286e-001
    outer loop
      vertex -2.390434e+001 -6.171347e+000  1.868046e+002
      vertex -2.390284e+001 -7.614389e+000  1.847980e+002
      vertex -2.440692e+001 -6.118849e+000  1.866000e+002
    endloop
  endfacet
  facet normal  7.909238e-001  5.946522e-001 -1.443200e-001
    outer loop
      vertex -2.282234e+001 -8.910142e+000  1.833734e+002
      vertex -2.311259e+001 -8.564896e+000  1.832053e+002
      vertex -2.314702e+001 -8.029051e+000  1.852245e+002
    endloop
  endfacet
  facet normal  8.013048e-001  5.814880e-001 -1.406496e-001
    outer loop
      vertex -2.314702e+001 -8.029051e+000  1.852245e+002
      vertex -2.311259e+001 -8.564896e+000  1.832053e+002
      vertex -2.342994e+001 -7.703715e+000  1.849577e+002
    endloop
  endfacet
  facet normal  3.090081e-001  8.745179e-001 -3.738080e-001
    outer loop
      vertex -2.311259e+001 -8.564896e+000  1.832053e+002
      vertex -2.356756e+001 -8.449979e+000  1.830980e+002
      vertex -2.342994e+001 -7.703715e+000  1.849577e+002
    endloop
  endfacet
  facet normal  2.926653e-001  8.797443e-001 -3.746959e-001
    outer loop
      vertex -2.342994e+001 -7.703715e+000  1.849577e+002
      vertex -2.356756e+001 -8.449979e+000  1.830980e+002
      vertex -2.390284e+001 -7.614389e+000  1.847980e+002
    endloop
  endfacet
  facet normal  2.890772e-001  9.573058e-001 -3.063172e-008
    outer loop
      vertex -2.332488e+001 -9.000000e+000  1.620000e+002
      vertex -2.332488e+001 -9.000000e+000  1.800000e+002
      vertex -2.288211e+001 -9.133704e+000  1.620000e+002
    endloop
  endfacet
  facet normal  2.890745e-001  9.573065e-001 -1.014398e-007
    outer loop
      vertex -2.288211e+001 -9.133704e+000  1.620000e+002
      vertex -2.332488e+001 -9.000000e+000  1.800000e+002
      vertex -2.288211e+001 -9.133702e+000  1.800000e+002
    endloop
  endfacet
  facet normal  7.705978e-001  6.373217e-001 -6.753304e-008
    outer loop
      vertex -2.288211e+001 -9.133704e+000  1.620000e+002
      vertex -2.288211e+001 -9.133702e+000  1.800000e+002
      vertex -2.258733e+001 -9.490120e+000  1.620000e+002
    endloop
  endfacet
  facet normal  7.705987e-001  6.373208e-001 -3.376647e-008
    outer loop
      vertex -2.258733e+001 -9.490120e+000  1.620000e+002
      vertex -2.288211e+001 -9.133702e+000  1.800000e+002
      vertex -2.258733e+001 -9.490119e+000  1.800000e+002
    endloop
  endfacet
  facet normal  6.952062e-001  1.827960e-001  6.951790e-001
    outer loop
      vertex -2.490000e+001 -4.267101e-008  1.528928e+002
      vertex -2.451587e+001 -3.182890e+000  1.533456e+002
      vertex -2.460718e+001 -6.544813e-008  1.526000e+002
    endloop
  endfacet
  facet normal  9.110211e-001  1.186492e-001  3.949215e-001
    outer loop
      vertex -2.460718e+001 -6.544813e-008  1.526000e+002
      vertex -2.451587e+001 -3.182890e+000  1.533456e+002
      vertex -2.427074e+001 -3.343816e+000  1.528285e+002
    endloop
  endfacet
  facet normal  9.596142e-001  1.141225e-001  2.571318e-001
    outer loop
      vertex -2.460718e+001 -6.544813e-008  1.526000e+002
      vertex -2.427074e+001 -3.343816e+000  1.528285e+002
      vertex -2.450000e+001  3.000385e-015  1.522000e+002
    endloop
  endfacet
  facet normal  3.858016e-001  1.930064e-001  9.021673e-001
    outer loop
      vertex -2.506325e+001 -3.171133e+000  1.535772e+002
      vertex -2.451587e+001 -3.182890e+000  1.533456e+002
      vertex -2.530000e+001  1.403998e-007  1.530000e+002
    endloop
  endfacet
  facet normal  2.552111e-001  1.662972e-001  9.524770e-001
    outer loop
      vertex -2.530000e+001  1.403998e-007  1.530000e+002
      vertex -2.451587e+001 -3.182890e+000  1.533456e+002
      vertex -2.490000e+001 -4.267101e-008  1.528928e+002
    endloop
  endfacet
  facet normal  7.723126e-001  6.346666e-001  2.704677e-002
    outer loop
      vertex -2.264967e+001 -9.340359e+000  1.602659e+002
      vertex -2.294331e+001 -8.986681e+000  1.603512e+002
      vertex -2.258733e+001 -9.490120e+000  1.620000e+002
    endloop
  endfacet
  facet normal  7.702910e-001  6.370680e-001  2.821649e-002
    outer loop
      vertex -2.258733e+001 -9.490120e+000  1.620000e+002
      vertex -2.294331e+001 -8.986681e+000  1.603512e+002
      vertex -2.288211e+001 -9.133704e+000  1.620000e+002
    endloop
  endfacet
  facet normal  2.851915e-001  9.555612e-001  7.462287e-002
    outer loop
      vertex -2.294331e+001 -8.986681e+000  1.603512e+002
      vertex -2.338926e+001 -8.857974e+000  1.604074e+002
      vertex -2.288211e+001 -9.133704e+000  1.620000e+002
    endloop
  endfacet
  facet normal  2.882955e-001  9.547173e-001  7.348830e-002
    outer loop
      vertex -2.288211e+001 -9.133704e+000  1.620000e+002
      vertex -2.338926e+001 -8.857974e+000  1.604074e+002
      vertex -2.332488e+001 -9.000000e+000  1.620000e+002
    endloop
  endfacet
  facet normal  7.843409e-001  6.141430e-001  8.739454e-002
    outer loop
      vertex -2.288966e+001 -8.735759e+000  1.581710e+002
      vertex -2.317850e+001 -8.394168e+000  1.583628e+002
      vertex -2.264967e+001 -9.340359e+000  1.602659e+002
    endloop
  endfacet
  facet normal  7.770029e-001  6.225010e-001  9.358909e-002
    outer loop
      vertex -2.264967e+001 -9.340359e+000  1.602659e+002
      vertex -2.317850e+001 -8.394168e+000  1.583628e+002
      vertex -2.294331e+001 -8.986681e+000  1.603512e+002
    endloop
  endfacet
  facet normal  2.854108e-001  9.272107e-001  2.425302e-001
    outer loop
      vertex -2.317850e+001 -8.394168e+000  1.583628e+002
      vertex -2.363707e+001 -8.284601e+000  1.584836e+002
      vertex -2.294331e+001 -8.986681e+000  1.603512e+002
    endloop
  endfacet
  facet normal  2.968673e-001  9.249336e-001  2.374185e-001
    outer loop
      vertex -2.294331e+001 -8.986681e+000  1.603512e+002
      vertex -2.363707e+001 -8.284601e+000  1.584836e+002
      vertex -2.338926e+001 -8.857974e+000  1.604074e+002
    endloop
  endfacet
  facet normal  8.071198e-001  5.699822e-001  1.538758e-001
    outer loop
      vertex -2.325712e+001 -7.704303e+000  1.562778e+002
      vertex -2.353725e+001 -7.387214e+000  1.565726e+002
      vertex -2.288966e+001 -8.735759e+000  1.581710e+002
    endloop
  endfacet
  facet normal  7.970902e-001  5.803895e-001  1.667195e-001
    outer loop
      vertex -2.288966e+001 -8.735759e+000  1.581710e+002
      vertex -2.353725e+001 -7.387214e+000  1.565726e+002
      vertex -2.317850e+001 -8.394168e+000  1.583628e+002
    endloop
  endfacet
  facet normal  2.962785e-001  8.565979e-001  4.224441e-001
    outer loop
      vertex -2.353725e+001 -7.387214e+000  1.565726e+002
      vertex -2.401654e+001 -7.306413e+000  1.567449e+002
      vertex -2.317850e+001 -8.394168e+000  1.583628e+002
    endloop
  endfacet
  facet normal  3.130863e-001  8.552917e-001  4.128598e-001
    outer loop
      vertex -2.317850e+001 -8.394168e+000  1.583628e+002
      vertex -2.401654e+001 -7.306413e+000  1.567449e+002
      vertex -2.363707e+001 -8.284601e+000  1.584836e+002
    endloop
  endfacet
  facet normal  8.493298e-001  4.692444e-001  2.417616e-001
    outer loop
      vertex -2.395044e+001 -5.160085e+000  1.537753e+002
      vertex -2.420868e+001 -4.924371e+000  1.542250e+002
      vertex -2.325712e+001 -7.704303e+000  1.562778e+002
    endloop
  endfacet
  facet normal  8.322445e-001  4.842321e-001  2.699781e-001
    outer loop
      vertex -2.325712e+001 -7.704303e+000  1.562778e+002
      vertex -2.420868e+001 -4.924371e+000  1.542250e+002
      vertex -2.353725e+001 -7.387214e+000  1.565726e+002
    endloop
  endfacet
  facet normal  3.133050e-001  6.985918e-001  6.432802e-001
    outer loop
      vertex -2.420868e+001 -4.924371e+000  1.542250e+002
      vertex -2.473249e+001 -4.893591e+000  1.544467e+002
      vertex -2.353725e+001 -7.387214e+000  1.565726e+002
    endloop
  endfacet
  facet normal  3.433185e-001  6.991907e-001  6.271083e-001
    outer loop
      vertex -2.353725e+001 -7.387214e+000  1.565726e+002
      vertex -2.473249e+001 -4.893591e+000  1.544467e+002
      vertex -2.401654e+001 -7.306413e+000  1.567449e+002
    endloop
  endfacet
  facet normal  8.898796e-001  3.242233e-001  3.209262e-001
    outer loop
      vertex -2.427074e+001 -3.343816e+000  1.528285e+002
      vertex -2.451587e+001 -3.182890e+000  1.533456e+002
      vertex -2.395044e+001 -5.160085e+000  1.537753e+002
    endloop
  endfacet
  facet normal  8.835015e-001  3.257990e-001  3.365709e-001
    outer loop
      vertex -2.395044e+001 -5.160085e+000  1.537753e+002
      vertex -2.451587e+001 -3.182890e+000  1.533456e+002
      vertex -2.420868e+001 -4.924371e+000  1.542250e+002
    endloop
  endfacet
  facet normal  3.523246e-001  4.706238e-001  8.089380e-001
    outer loop
      vertex -2.451587e+001 -3.182890e+000  1.533456e+002
      vertex -2.506325e+001 -3.171133e+000  1.535772e+002
      vertex -2.420868e+001 -4.924371e+000  1.542250e+002
    endloop
  endfacet
  facet normal  3.666032e-001  4.744059e-001  8.003380e-001
    outer loop
      vertex -2.420868e+001 -4.924371e+000  1.542250e+002
      vertex -2.506325e+001 -3.171133e+000  1.535772e+002
      vertex -2.473249e+001 -4.893591e+000  1.544467e+002
    endloop
  endfacet
  facet normal  5.142022e-001 -8.483576e-001  1.260372e-001
    outer loop
      vertex -2.363314e+001  8.294056e+000  1.585059e+002
      vertex -2.294153e+001  8.990994e+000  1.603754e+002
      vertex -2.332488e+001  9.000000e+000  1.620000e+002
    endloop
  endfacet
  facet normal  2.883002e-001 -9.547288e-001  7.332152e-002
    outer loop
      vertex -2.294153e+001  8.990994e+000  1.603754e+002
      vertex -2.288211e+001  9.133704e+000  1.620000e+002
      vertex -2.332488e+001  9.000000e+000  1.620000e+002
    endloop
  endfacet
  facet normal  2.853424e-001 -9.278064e-001  2.403225e-001
    outer loop
      vertex -2.317477e+001  8.403925e+000  1.583858e+002
      vertex -2.294153e+001  8.990994e+000  1.603754e+002
      vertex -2.363314e+001  8.294056e+000  1.585059e+002
    endloop
  endfacet
  facet normal  7.841260e-001 -6.145303e-001  8.659584e-002
    outer loop
      vertex -2.288585e+001  8.745729e+000  1.581953e+002
      vertex -2.264786e+001  9.344753e+000  1.602913e+002
      vertex -2.317477e+001  8.403925e+000  1.583858e+002
    endloop
  endfacet
  facet normal  7.768369e-001 -6.228392e-001  9.271394e-002
    outer loop
      vertex -2.317477e+001  8.403925e+000  1.583858e+002
      vertex -2.264786e+001  9.344753e+000  1.602913e+002
      vertex -2.294153e+001  8.990994e+000  1.603754e+002
    endloop
  endfacet
  facet normal  7.722614e-001 -6.347458e-001  2.664518e-002
    outer loop
      vertex -2.264786e+001  9.344753e+000  1.602913e+002
      vertex -2.258733e+001  9.490119e+000  1.620000e+002
      vertex -2.294153e+001  8.990994e+000  1.603754e+002
    endloop
  endfacet
  facet normal  7.702994e-001 -6.370766e-001  2.778902e-002
    outer loop
      vertex -2.294153e+001  8.990994e+000  1.603754e+002
      vertex -2.258733e+001  9.490119e+000  1.620000e+002
      vertex -2.288211e+001  9.133704e+000  1.620000e+002
    endloop
  endfacet
  facet normal  7.027331e-001 -1.112244e-001  7.027056e-001
    outer loop
      vertex -2.490000e+001 -4.267101e-008  1.528928e+002
      vertex -2.460718e+001 -6.544813e-008  1.526000e+002
      vertex -2.466770e+001  1.759894e+000  1.529391e+002
    endloop
  endfacet
  facet normal  9.657910e-001 -1.664756e-002  2.587868e-001
    outer loop
      vertex -2.466770e+001  1.759894e+000  1.529391e+002
      vertex -2.460718e+001 -6.544813e-008  1.526000e+002
      vertex -2.450000e+001  3.000385e-015  1.522000e+002
    endloop
  endfacet
  facet normal  9.200069e-001 -7.395562e-002  3.848607e-001
    outer loop
      vertex -2.466770e+001  1.759894e+000  1.529391e+002
      vertex -2.450000e+001  3.000385e-015  1.522000e+002
      vertex -2.442994e+001  1.851431e+000  1.523883e+002
    endloop
  endfacet
  facet normal  2.583573e-001 -5.944129e-002  9.642190e-001
    outer loop
      vertex -2.490000e+001 -4.267101e-008  1.528928e+002
      vertex -2.466770e+001  1.759894e+000  1.529391e+002
      vertex -2.530000e+001  1.403998e-007  1.530000e+002
    endloop
  endfacet
  facet normal  3.838565e-001 -1.061562e-001  9.172705e-001
    outer loop
      vertex -2.530000e+001  1.403998e-007  1.530000e+002
      vertex -2.466770e+001  1.759894e+000  1.529391e+002
      vertex -2.522766e+001  1.755813e+000  1.531729e+002
    endloop
  endfacet
  facet normal  8.963276e-001 -2.532803e-001  3.639312e-001
    outer loop
      vertex -2.407984e+001  4.517904e+000  1.533818e+002
      vertex -2.433304e+001  4.307203e+000  1.538587e+002
      vertex -2.442994e+001  1.851431e+000  1.523883e+002
    endloop
  endfacet
  facet normal  9.042746e-001 -2.450345e-001  3.496362e-001
    outer loop
      vertex -2.442994e+001  1.851431e+000  1.523883e+002
      vertex -2.433304e+001  4.307203e+000  1.538587e+002
      vertex -2.466770e+001  1.759894e+000  1.529391e+002
    endloop
  endfacet
  facet normal  3.780409e-001 -3.579221e-001  8.538014e-001
    outer loop
      vertex -2.433304e+001  4.307203e+000  1.538587e+002
      vertex -2.486612e+001  4.284576e+000  1.540853e+002
      vertex -2.466770e+001  1.759894e+000  1.529391e+002
    endloop
  endfacet
  facet normal  3.615222e-001 -3.617314e-001  8.593324e-001
    outer loop
      vertex -2.466770e+001  1.759894e+000  1.529391e+002
      vertex -2.486612e+001  4.284576e+000  1.540853e+002
      vertex -2.522766e+001  1.755813e+000  1.531729e+002
    endloop
  endfacet
  facet normal  8.610395e-001 -4.109553e-001  2.995440e-001
    outer loop
      vertex -2.368014e+001  6.284966e+000  1.546572e+002
      vertex -2.394787e+001  6.009655e+000  1.550490e+002
      vertex -2.407984e+001  4.517904e+000  1.533818e+002
    endloop
  endfacet
  facet normal  8.714736e-001 -3.977618e-001  2.869135e-001
    outer loop
      vertex -2.407984e+001  4.517904e+000  1.533818e+002
      vertex -2.394787e+001  6.009655e+000  1.550490e+002
      vertex -2.433304e+001  4.307203e+000  1.538587e+002
    endloop
  endfacet
  facet normal  3.555539e-001 -5.882519e-001  7.263203e-001
    outer loop
      vertex -2.394787e+001  6.009655e+000  1.550490e+002
      vertex -2.445337e+001  5.960382e+000  1.552566e+002
      vertex -2.433304e+001  4.307203e+000  1.538587e+002
    endloop
  endfacet
  facet normal  3.359298e-001 -5.937692e-001  7.311562e-001
    outer loop
      vertex -2.433304e+001  4.307203e+000  1.538587e+002
      vertex -2.445337e+001  5.960382e+000  1.552566e+002
      vertex -2.486612e+001  4.284576e+000  1.540853e+002
    endloop
  endfacet
  facet normal  8.258520e-001 -5.134168e-001  2.331774e-001
    outer loop
      vertex -2.325205e+001  7.719585e+000  1.562998e+002
      vertex -2.353232e+001  7.402097e+000  1.565933e+002
      vertex -2.368014e+001  6.284966e+000  1.546572e+002
    endloop
  endfacet
  facet normal  8.382324e-001 -4.975875e-001  2.230990e-001
    outer loop
      vertex -2.368014e+001  6.284966e+000  1.546572e+002
      vertex -2.353232e+001  7.402097e+000  1.565933e+002
      vertex -2.394787e+001  6.009655e+000  1.550490e+002
    endloop
  endfacet
  facet normal  3.339501e-001 -7.429761e-001  5.800551e-001
    outer loop
      vertex -2.353232e+001  7.402097e+000  1.565933e+002
      vertex -2.401130e+001  7.320906e+000  1.567651e+002
      vertex -2.394787e+001  6.009655e+000  1.550490e+002
    endloop
  endfacet
  facet normal  3.127813e-001 -7.491072e-001  5.839575e-001
    outer loop
      vertex -2.394787e+001  6.009655e+000  1.550490e+002
      vertex -2.401130e+001  7.320906e+000  1.567651e+002
      vertex -2.445337e+001  5.960382e+000  1.552566e+002
    endloop
  endfacet
  facet normal  7.962706e-001 -5.829215e-001  1.617264e-001
    outer loop
      vertex -2.288585e+001  8.745729e+000  1.581953e+002
      vertex -2.317477e+001  8.403925e+000  1.583858e+002
      vertex -2.325205e+001  7.719585e+000  1.562998e+002
    endloop
  endfacet
  facet normal  8.077704e-001 -5.683392e-001  1.565166e-001
    outer loop
      vertex -2.325205e+001  7.719585e+000  1.562998e+002
      vertex -2.317477e+001  8.403925e+000  1.583858e+002
      vertex -2.353232e+001  7.402097e+000  1.565933e+002
    endloop
  endfacet
  facet normal  3.134230e-001 -8.541892e-001  4.148818e-001
    outer loop
      vertex -2.317477e+001  8.403925e+000  1.583858e+002
      vertex -2.363314e+001  8.294056e+000  1.585059e+002
      vertex -2.353232e+001  7.402097e+000  1.565933e+002
    endloop
  endfacet
  facet normal  2.951348e-001 -8.598658e-001  4.165651e-001
    outer loop
      vertex -2.353232e+001  7.402097e+000  1.565933e+002
      vertex -2.363314e+001  8.294056e+000  1.585059e+002
      vertex -2.401130e+001  7.320906e+000  1.567651e+002
    endloop
  endfacet
  facet normal -9.986798e-001  5.136739e-002  2.721542e-009
    outer loop
      vertex -2.558063e+001  1.009363e+001  1.800000e+002
      vertex -2.558063e+001  1.009363e+001  1.620000e+002
      vertex -2.560683e+001  9.584268e+000  1.800000e+002
    endloop
  endfacet
  facet normal -9.986798e-001  5.136729e-002  0.000000e+000
    outer loop
      vertex -2.560683e+001  9.584268e+000  1.800000e+002
      vertex -2.558063e+001  1.009363e+001  1.620000e+002
      vertex -2.560683e+001  9.584268e+000  1.620000e+002
    endloop
  endfacet
  facet normal -8.267521e-001 -5.625663e-001  0.000000e+000
    outer loop
      vertex -2.560683e+001  9.584268e+000  1.800000e+002
      vertex -2.560683e+001  9.584268e+000  1.620000e+002
      vertex -2.531990e+001  9.162590e+000  1.800000e+002
    endloop
  endfacet
  facet normal -8.267521e-001 -5.625663e-001  -0.000000e+000
    outer loop
      vertex -2.531990e+001  9.162590e+000  1.800000e+002
      vertex -2.560683e+001  9.584268e+000  1.620000e+002
      vertex -2.531990e+001  9.162590e+000  1.620000e+002
    endloop
  endfacet
  facet normal -3.187789e-001 -9.478291e-001  0.000000e+000
    outer loop
      vertex -2.531990e+001  9.162590e+000  1.800000e+002
      vertex -2.531990e+001  9.162590e+000  1.620000e+002
      vertex -2.483647e+001  9.000000e+000  1.800000e+002
    endloop
  endfacet
  facet normal -3.187789e-001 -9.478291e-001  -0.000000e+000
    outer loop
      vertex -2.483647e+001  9.000000e+000  1.800000e+002
      vertex -2.531990e+001  9.162590e+000  1.620000e+002
      vertex -2.483647e+001  9.000000e+000  1.620000e+002
    endloop
  endfacet
  facet normal -9.981685e-001  5.134098e-002  3.199925e-002
    outer loop
      vertex -2.558063e+001  1.009363e+001  1.620000e+002
      vertex -2.564644e+001  9.925220e+000  1.602173e+002
      vertex -2.560683e+001  9.584268e+000  1.620000e+002
    endloop
  endfacet
  facet normal -9.925226e-001 -1.220542e-001 -1.288602e-003
    outer loop
      vertex -2.560683e+001  9.584268e+000  1.620000e+002
      vertex -2.564644e+001  9.925220e+000  1.602173e+002
      vertex -2.555720e+001  9.198130e+000  1.603454e+002
    endloop
  endfacet
  facet normal -8.221041e-001 -5.594036e-001  1.058886e-001
    outer loop
      vertex -2.560683e+001  9.584268e+000  1.620000e+002
      vertex -2.555720e+001  9.198130e+000  1.603454e+002
      vertex -2.531990e+001  9.162590e+000  1.620000e+002
    endloop
  endfacet
  facet normal -4.682262e-001 -8.780664e-001  9.881143e-002
    outer loop
      vertex -2.490036e+001  8.849835e+000  1.603628e+002
      vertex -2.483647e+001  9.000000e+000  1.620000e+002
      vertex -2.555720e+001  9.198130e+000  1.603454e+002
    endloop
  endfacet
  facet normal -3.186764e-001 -9.475244e-001  2.535167e-002
    outer loop
      vertex -2.555720e+001  9.198130e+000  1.603454e+002
      vertex -2.483647e+001  9.000000e+000  1.620000e+002
      vertex -2.531990e+001  9.162590e+000  1.620000e+002
    endloop
  endfacet
  facet normal -9.265271e-001 -4.571018e-003  3.762005e-001
    outer loop
      vertex -2.734841e+001  2.883457e+000  1.526084e+002
      vertex -2.750000e+001  3.367779e-015  1.522000e+002
      vertex -2.712400e+001  2.695699e+000  1.531588e+002
    endloop
  endfacet
  facet normal -9.650489e-001  4.263711e-002  2.585781e-001
    outer loop
      vertex -2.712400e+001  2.695699e+000  1.531588e+002
      vertex -2.750000e+001  3.367779e-015  1.522000e+002
      vertex -2.739282e+001  5.829565e-010  1.526000e+002
    endloop
  endfacet
  facet normal -7.050657e-001 -7.584076e-002  7.050748e-001
    outer loop
      vertex -2.712400e+001  2.695699e+000  1.531588e+002
      vertex -2.739282e+001  5.829565e-010  1.526000e+002
      vertex -2.710000e+001  7.386809e-010  1.528928e+002
    endloop
  endfacet
  facet normal -2.575908e-001 -9.714206e-002  9.613585e-001
    outer loop
      vertex -2.710000e+001  7.386809e-010  1.528928e+002
      vertex -2.670000e+001 -1.101935e-010  1.530000e+002
      vertex -2.712400e+001  2.695699e+000  1.531588e+002
    endloop
  endfacet
  facet normal -3.733084e-001 -1.129543e-001  9.208052e-001
    outer loop
      vertex -2.712400e+001  2.695699e+000  1.531588e+002
      vertex -2.670000e+001 -1.101935e-010  1.530000e+002
      vertex -2.655281e+001  2.571060e+000  1.533751e+002
    endloop
  endfacet
  facet normal -9.348151e-001 -1.497395e-002  3.548190e-001
    outer loop
      vertex -2.694210e+001  5.511173e+000  1.537897e+002
      vertex -2.734841e+001  2.883457e+000  1.526084e+002
      vertex -2.674560e+001  5.143685e+000  1.542919e+002
    endloop
  endfacet
  facet normal -9.288775e-001 -2.739763e-002  3.693722e-001
    outer loop
      vertex -2.674560e+001  5.143685e+000  1.542919e+002
      vertex -2.734841e+001  2.883457e+000  1.526084e+002
      vertex -2.712400e+001  2.695699e+000  1.531588e+002
    endloop
  endfacet
  facet normal -3.791353e-001 -3.398012e-001  8.606925e-001
    outer loop
      vertex -2.674560e+001  5.143685e+000  1.542919e+002
      vertex -2.712400e+001  2.695699e+000  1.531588e+002
      vertex -2.615833e+001  4.914044e+000  1.544600e+002
    endloop
  endfacet
  facet normal -3.964013e-001 -3.299624e-001  8.567326e-001
    outer loop
      vertex -2.615833e+001  4.914044e+000  1.544600e+002
      vertex -2.712400e+001  2.695699e+000  1.531588e+002
      vertex -2.655281e+001  2.571060e+000  1.533751e+002
    endloop
  endfacet
  facet normal -9.519410e-001 -3.701030e-002  3.040370e-001
    outer loop
      vertex -2.624700e+001  8.206406e+000  1.562942e+002
      vertex -2.694210e+001  5.511173e+000  1.537897e+002
      vertex -2.610384e+001  7.633172e+000  1.566727e+002
    endloop
  endfacet
  facet normal -9.444525e-001 -6.467389e-002  3.222216e-001
    outer loop
      vertex -2.610384e+001  7.633172e+000  1.566727e+002
      vertex -2.694210e+001  5.511173e+000  1.537897e+002
      vertex -2.674560e+001  5.143685e+000  1.542919e+002
    endloop
  endfacet
  facet normal -3.954162e-001 -5.795286e-001  7.125958e-001
    outer loop
      vertex -2.610384e+001  7.633172e+000  1.566727e+002
      vertex -2.674560e+001  5.143685e+000  1.542919e+002
      vertex -2.548345e+001  7.317252e+000  1.567600e+002
    endloop
  endfacet
  facet normal -4.230677e-001 -5.616728e-001  7.110114e-001
    outer loop
      vertex -2.548345e+001  7.317252e+000  1.567600e+002
      vertex -2.674560e+001  5.143685e+000  1.542919e+002
      vertex -2.615833e+001  4.914044e+000  1.544600e+002
    endloop
  endfacet
  facet normal -9.707111e-001 -7.065924e-002  2.296243e-001
    outer loop
      vertex -2.588563e+001  9.283552e+000  1.581533e+002
      vertex -2.624700e+001  8.206406e+000  1.562942e+002
      vertex -2.577384e+001  8.616887e+000  1.584207e+002
    endloop
  endfacet
  facet normal -9.685607e-001 -8.834960e-002  2.325606e-001
    outer loop
      vertex -2.577384e+001  8.616887e+000  1.584207e+002
      vertex -2.624700e+001  8.206406e+000  1.562942e+002
      vertex -2.610384e+001  7.633172e+000  1.566727e+002
    endloop
  endfacet
  facet normal -4.324264e-001 -7.484528e-001  5.028177e-001
    outer loop
      vertex -2.577384e+001  8.616887e+000  1.584207e+002
      vertex -2.610384e+001  7.633172e+000  1.566727e+002
      vertex -2.513259e+001  8.277691e+000  1.584673e+002
    endloop
  endfacet
  facet normal -4.467988e-001 -7.373683e-001  5.066150e-001
    outer loop
      vertex -2.513259e+001  8.277691e+000  1.584673e+002
      vertex -2.610384e+001  7.633172e+000  1.566727e+002
      vertex -2.548345e+001  7.317252e+000  1.567600e+002
    endloop
  endfacet
  facet normal -9.849755e-001 -9.555127e-002  1.438514e-001
    outer loop
      vertex -2.564644e+001  9.925220e+000  1.602173e+002
      vertex -2.588563e+001  9.283552e+000  1.581533e+002
      vertex -2.555720e+001  9.198130e+000  1.603454e+002
    endloop
  endfacet
  facet normal -9.838339e-001 -1.075202e-001  1.432140e-001
    outer loop
      vertex -2.555720e+001  9.198130e+000  1.603454e+002
      vertex -2.588563e+001  9.283552e+000  1.581533e+002
      vertex -2.577384e+001  8.616887e+000  1.584207e+002
    endloop
  endfacet
  facet normal -4.525681e-001 -8.382758e-001  3.040986e-001
    outer loop
      vertex -2.555720e+001  9.198130e+000  1.603454e+002
      vertex -2.577384e+001  8.616887e+000  1.584207e+002
      vertex -2.490036e+001  8.849835e+000  1.603628e+002
    endloop
  endfacet
  facet normal -4.622615e-001 -8.316590e-001  3.076647e-001
    outer loop
      vertex -2.490036e+001  8.849835e+000  1.603628e+002
      vertex -2.577384e+001  8.616887e+000  1.584207e+002
      vertex -2.513259e+001  8.277691e+000  1.584673e+002
    endloop
  endfacet
  facet normal -9.658701e-001 -1.088881e-002  2.587981e-001
    outer loop
      vertex -2.750000e+001  3.367779e-015  1.522000e+002
      vertex -2.741341e+001 -2.180638e+000  1.524314e+002
      vertex -2.739282e+001  5.829565e-010  1.526000e+002
    endloop
  endfacet
  facet normal -9.230079e-001 -2.098854e-002  3.842081e-001
    outer loop
      vertex -2.739282e+001  5.829565e-010  1.526000e+002
      vertex -2.741341e+001 -2.180638e+000  1.524314e+002
      vertex -2.718472e+001 -2.039171e+000  1.529885e+002
    endloop
  endfacet
  facet normal -7.057222e-001  6.244728e-002  7.057313e-001
    outer loop
      vertex -2.739282e+001  5.829565e-010  1.526000e+002
      vertex -2.718472e+001 -2.039171e+000  1.529885e+002
      vertex -2.710000e+001  7.386809e-010  1.528928e+002
    endloop
  endfacet
  facet normal -3.772724e-001  8.449673e-002  9.222396e-001
    outer loop
      vertex -2.661592e+001 -1.944371e+000  1.532125e+002
      vertex -2.670000e+001 -1.101935e-010  1.530000e+002
      vertex -2.718472e+001 -2.039171e+000  1.529885e+002
    endloop
  endfacet
  facet normal -2.584087e-001  5.600530e-002  9.644110e-001
    outer loop
      vertex -2.718472e+001 -2.039171e+000  1.529885e+002
      vertex -2.670000e+001 -1.101935e-010  1.530000e+002
      vertex -2.710000e+001  7.386809e-010  1.528928e+002
    endloop
  endfacet
  facet normal -9.887956e-001  1.201988e-001  8.851778e-002
    outer loop
      vertex -2.580387e+001 -9.508430e+000  1.587116e+002
      vertex -2.558063e+001 -1.009363e+001  1.620000e+002
      vertex -2.569962e+001 -8.821060e+000  1.589428e+002
    endloop
  endfacet
  facet normal -9.985271e-001 -5.135934e-002  1.748523e-002
    outer loop
      vertex -2.569962e+001 -8.821060e+000  1.589428e+002
      vertex -2.558063e+001 -1.009363e+001  1.620000e+002
      vertex -2.560683e+001 -9.584266e+000  1.620000e+002
    endloop
  endfacet
  facet normal -8.156528e-001  5.550138e-001  1.633099e-001
    outer loop
      vertex -2.569962e+001 -8.821060e+000  1.589428e+002
      vertex -2.560683e+001 -9.584266e+000  1.620000e+002
      vertex -2.531990e+001 -9.162588e+000  1.620000e+002
    endloop
  endfacet
  facet normal -3.154549e-001  9.379569e-001  1.439621e-001
    outer loop
      vertex -2.531990e+001 -9.162588e+000  1.620000e+002
      vertex -2.483647e+001 -9.000000e+000  1.620000e+002
      vertex -2.569962e+001 -8.821060e+000  1.589428e+002
    endloop
  endfacet
  facet normal -4.688768e-001  8.641074e-001  1.829557e-001
    outer loop
      vertex -2.569962e+001 -8.821060e+000  1.589428e+002
      vertex -2.483647e+001 -9.000000e+000  1.620000e+002
      vertex -2.505321e+001 -8.478204e+000  1.589801e+002
    endloop
  endfacet
  facet normal -9.727148e-001  9.150346e-002  2.131975e-001
    outer loop
      vertex -2.612681e+001 -8.581369e+000  1.568403e+002
      vertex -2.580387e+001 -9.508430e+000  1.587116e+002
      vertex -2.599376e+001 -7.976582e+000  1.571878e+002
    endloop
  endfacet
  facet normal -9.760827e-001  8.006529e-002  2.021188e-001
    outer loop
      vertex -2.599376e+001 -7.976582e+000  1.571878e+002
      vertex -2.580387e+001 -9.508430e+000  1.587116e+002
      vertex -2.569962e+001 -8.821060e+000  1.589428e+002
    endloop
  endfacet
  facet normal -4.525008e-001  7.715782e-001  4.471132e-001
    outer loop
      vertex -2.599376e+001 -7.976582e+000  1.571878e+002
      vertex -2.569962e+001 -8.821060e+000  1.589428e+002
      vertex -2.536675e+001 -7.651582e+000  1.572615e+002
    endloop
  endfacet
  facet normal -4.379230e-001  7.763529e-001  4.533206e-001
    outer loop
      vertex -2.536675e+001 -7.651582e+000  1.572615e+002
      vertex -2.569962e+001 -8.821060e+000  1.589428e+002
      vertex -2.505321e+001 -8.478204e+000  1.589801e+002
    endloop
  endfacet
  facet normal -9.562970e-001  6.787089e-002  2.844107e-001
    outer loop
      vertex -2.651829e+001 -7.282175e+000  1.552140e+002
      vertex -2.612681e+001 -8.581369e+000  1.568403e+002
      vertex -2.635335e+001 -6.783118e+000  1.556495e+002
    endloop
  endfacet
  facet normal -9.614632e-001  5.698948e-002  2.689618e-001
    outer loop
      vertex -2.635335e+001 -6.783118e+000  1.556495e+002
      vertex -2.612681e+001 -8.581369e+000  1.568403e+002
      vertex -2.599376e+001 -7.976582e+000  1.571878e+002
    endloop
  endfacet
  facet normal -4.349816e-001  6.593543e-001  6.132234e-001
    outer loop
      vertex -2.635335e+001 -6.783118e+000  1.556495e+002
      vertex -2.599376e+001 -7.976582e+000  1.571878e+002
      vertex -2.574685e+001 -6.493160e+000  1.557679e+002
    endloop
  endfacet
  facet normal -4.170348e-001  6.637331e-001  6.209190e-001
    outer loop
      vertex -2.574685e+001 -6.493160e+000  1.557679e+002
      vertex -2.599376e+001 -7.976582e+000  1.571878e+002
      vertex -2.536675e+001 -7.651582e+000  1.572615e+002
    endloop
  endfacet
  facet normal -9.351538e-001  4.298594e-002  3.516245e-001
    outer loop
      vertex -2.716965e+001 -4.249725e+000  1.531109e+002
      vertex -2.651829e+001 -7.282175e+000  1.552140e+002
      vertex -2.695727e+001 -3.970187e+000  1.536416e+002
    endloop
  endfacet
  facet normal -9.453168e-001  2.893608e-002  3.248674e-001
    outer loop
      vertex -2.695727e+001 -3.970187e+000  1.536416e+002
      vertex -2.651829e+001 -7.282175e+000  1.552140e+002
      vertex -2.635335e+001 -6.783118e+000  1.556495e+002
    endloop
  endfacet
  facet normal -4.106352e-001  4.696881e-001  7.815190e-001
    outer loop
      vertex -2.695727e+001 -3.970187e+000  1.536416e+002
      vertex -2.635335e+001 -6.783118e+000  1.556495e+002
      vertex -2.637926e+001 -3.789273e+000  1.538366e+002
    endloop
  endfacet
  facet normal -3.823084e-001  4.762053e-001  7.918768e-001
    outer loop
      vertex -2.637926e+001 -3.789273e+000  1.538366e+002
      vertex -2.635335e+001 -6.783118e+000  1.556495e+002
      vertex -2.574685e+001 -6.493160e+000  1.557679e+002
    endloop
  endfacet
  facet normal -9.262885e-001  1.453445e-002  3.765345e-001
    outer loop
      vertex -2.741341e+001 -2.180638e+000  1.524314e+002
      vertex -2.716965e+001 -4.249725e+000  1.531109e+002
      vertex -2.718472e+001 -2.039171e+000  1.529885e+002
    endloop
  endfacet
  facet normal -9.308168e-001  1.387719e-002  3.652226e-001
    outer loop
      vertex -2.718472e+001 -2.039171e+000  1.529885e+002
      vertex -2.716965e+001 -4.249725e+000  1.531109e+002
      vertex -2.695727e+001 -3.970187e+000  1.536416e+002
    endloop
  endfacet
  facet normal -3.907278e-001  2.532721e-001  8.849774e-001
    outer loop
      vertex -2.718472e+001 -2.039171e+000  1.529885e+002
      vertex -2.695727e+001 -3.970187e+000  1.536416e+002
      vertex -2.661592e+001 -1.944371e+000  1.532125e+002
    endloop
  endfacet
  facet normal -3.792913e-001  2.524457e-001  8.901738e-001
    outer loop
      vertex -2.661592e+001 -1.944371e+000  1.532125e+002
      vertex -2.695727e+001 -3.970187e+000  1.536416e+002
      vertex -2.637926e+001 -3.789273e+000  1.538366e+002
    endloop
  endfacet
  facet normal -9.986798e-001 -5.136719e-002 -2.721532e-009
    outer loop
      vertex -2.558063e+001 -1.009363e+001  1.620000e+002
      vertex -2.558063e+001 -1.009363e+001  1.800000e+002
      vertex -2.560683e+001 -9.584266e+000  1.620000e+002
    endloop
  endfacet
  facet normal -9.986798e-001 -5.136729e-002 -5.443074e-009
    outer loop
      vertex -2.560683e+001 -9.584266e+000  1.620000e+002
      vertex -2.558063e+001 -1.009363e+001  1.800000e+002
      vertex -2.560683e+001 -9.584268e+000  1.800000e+002
    endloop
  endfacet
  facet normal -8.267521e-001  5.625663e-001  5.961168e-008
    outer loop
      vertex -2.560683e+001 -9.584266e+000  1.620000e+002
      vertex -2.560683e+001 -9.584268e+000  1.800000e+002
      vertex -2.531990e+001 -9.162588e+000  1.620000e+002
    endloop
  endfacet
  facet normal -8.267521e-001  5.625663e-001  5.961168e-008
    outer loop
      vertex -2.531990e+001 -9.162588e+000  1.620000e+002
      vertex -2.560683e+001 -9.584268e+000  1.800000e+002
      vertex -2.531990e+001 -9.162590e+000  1.800000e+002
    endloop
  endfacet
  facet normal -3.187756e-001  9.478303e-001  1.004357e-007
    outer loop
      vertex -2.531990e+001 -9.162588e+000  1.620000e+002
      vertex -2.531990e+001 -9.162590e+000  1.800000e+002
      vertex -2.483647e+001 -9.000000e+000  1.620000e+002
    endloop
  endfacet
  facet normal -3.187789e-001  9.478291e-001  0.000000e+000
    outer loop
      vertex -2.483647e+001 -9.000000e+000  1.620000e+002
      vertex -2.531990e+001 -9.162590e+000  1.800000e+002
      vertex -2.483647e+001 -9.000000e+000  1.800000e+002
    endloop
  endfacet
  facet normal -9.981685e-001 -5.134098e-002 -3.199925e-002
    outer loop
      vertex -2.558063e+001 -1.009363e+001  1.800000e+002
      vertex -2.564644e+001 -9.925220e+000  1.817827e+002
      vertex -2.560683e+001 -9.584268e+000  1.800000e+002
    endloop
  endfacet
  facet normal -9.925226e-001  1.220542e-001  1.288602e-003
    outer loop
      vertex -2.560683e+001 -9.584268e+000  1.800000e+002
      vertex -2.564644e+001 -9.925220e+000  1.817827e+002
      vertex -2.555720e+001 -9.198130e+000  1.816546e+002
    endloop
  endfacet
  facet normal -8.221041e-001  5.594036e-001 -1.058886e-001
    outer loop
      vertex -2.560683e+001 -9.584268e+000  1.800000e+002
      vertex -2.555720e+001 -9.198130e+000  1.816546e+002
      vertex -2.531990e+001 -9.162590e+000  1.800000e+002
    endloop
  endfacet
  facet normal -4.682262e-001  8.780664e-001 -9.881143e-002
    outer loop
      vertex -2.490036e+001 -8.849835e+000  1.816372e+002
      vertex -2.483647e+001 -9.000000e+000  1.800000e+002
      vertex -2.555720e+001 -9.198130e+000  1.816546e+002
    endloop
  endfacet
  facet normal -3.186764e-001  9.475244e-001 -2.535167e-002
    outer loop
      vertex -2.555720e+001 -9.198130e+000  1.816546e+002
      vertex -2.483647e+001 -9.000000e+000  1.800000e+002
      vertex -2.531990e+001 -9.162590e+000  1.800000e+002
    endloop
  endfacet
  facet normal -9.265271e-001  4.571018e-003 -3.762005e-001
    outer loop
      vertex -2.734841e+001 -2.883457e+000  1.893916e+002
      vertex -2.750000e+001  3.367779e-015  1.898000e+002
      vertex -2.712400e+001 -2.695699e+000  1.888412e+002
    endloop
  endfacet
  facet normal -9.650466e-001 -4.263350e-002 -2.585873e-001
    outer loop
      vertex -2.712400e+001 -2.695699e+000  1.888412e+002
      vertex -2.750000e+001  3.367779e-015  1.898000e+002
      vertex -2.739282e+001 -5.033412e-008  1.894000e+002
    endloop
  endfacet
  facet normal -7.050841e-001  7.583912e-002 -7.050565e-001
    outer loop
      vertex -2.712400e+001 -2.695699e+000  1.888412e+002
      vertex -2.739282e+001 -5.033412e-008  1.894000e+002
      vertex -2.710000e+001 -7.381156e-008  1.891072e+002
    endloop
  endfacet
  facet normal -2.567817e-001  1.251005e-001 -9.583387e-001
    outer loop
      vertex -2.670000e+001 -2.913035e-008  1.890000e+002
      vertex -2.655281e+001 -2.571060e+000  1.886249e+002
      vertex -2.710000e+001 -7.381156e-008  1.891072e+002
    endloop
  endfacet
  facet normal -3.704908e-001  9.446339e-002 -9.240202e-001
    outer loop
      vertex -2.710000e+001 -7.381156e-008  1.891072e+002
      vertex -2.655281e+001 -2.571060e+000  1.886249e+002
      vertex -2.712400e+001 -2.695699e+000  1.888412e+002
    endloop
  endfacet
  facet normal -9.348151e-001  1.497395e-002 -3.548190e-001
    outer loop
      vertex -2.694210e+001 -5.511173e+000  1.882103e+002
      vertex -2.734841e+001 -2.883457e+000  1.893916e+002
      vertex -2.674560e+001 -5.143685e+000  1.877081e+002
    endloop
  endfacet
  facet normal -9.288775e-001  2.739763e-002 -3.693722e-001
    outer loop
      vertex -2.674560e+001 -5.143685e+000  1.877081e+002
      vertex -2.734841e+001 -2.883457e+000  1.893916e+002
      vertex -2.712400e+001 -2.695699e+000  1.888412e+002
    endloop
  endfacet
  facet normal -3.791353e-001  3.398012e-001 -8.606925e-001
    outer loop
      vertex -2.674560e+001 -5.143685e+000  1.877081e+002
      vertex -2.712400e+001 -2.695699e+000  1.888412e+002
      vertex -2.615833e+001 -4.914044e+000  1.875400e+002
    endloop
  endfacet
  facet normal -3.964013e-001  3.299624e-001 -8.567326e-001
    outer loop
      vertex -2.615833e+001 -4.914044e+000  1.875400e+002
      vertex -2.712400e+001 -2.695699e+000  1.888412e+002
      vertex -2.655281e+001 -2.571060e+000  1.886249e+002
    endloop
  endfacet
  facet normal -9.519410e-001  3.701030e-002 -3.040370e-001
    outer loop
      vertex -2.624700e+001 -8.206406e+000  1.857058e+002
      vertex -2.694210e+001 -5.511173e+000  1.882103e+002
      vertex -2.610384e+001 -7.633172e+000  1.853273e+002
    endloop
  endfacet
  facet normal -9.444525e-001  6.467389e-002 -3.222216e-001
    outer loop
      vertex -2.610384e+001 -7.633172e+000  1.853273e+002
      vertex -2.694210e+001 -5.511173e+000  1.882103e+002
      vertex -2.674560e+001 -5.143685e+000  1.877081e+002
    endloop
  endfacet
  facet normal -3.954162e-001  5.795286e-001 -7.125958e-001
    outer loop
      vertex -2.610384e+001 -7.633172e+000  1.853273e+002
      vertex -2.674560e+001 -5.143685e+000  1.877081e+002
      vertex -2.548345e+001 -7.317252e+000  1.852400e+002
    endloop
  endfacet
  facet normal -4.230677e-001  5.616728e-001 -7.110114e-001
    outer loop
      vertex -2.548345e+001 -7.317252e+000  1.852400e+002
      vertex -2.674560e+001 -5.143685e+000  1.877081e+002
      vertex -2.615833e+001 -4.914044e+000  1.875400e+002
    endloop
  endfacet
  facet normal -9.707111e-001  7.065924e-002 -2.296243e-001
    outer loop
      vertex -2.588563e+001 -9.283552e+000  1.838467e+002
      vertex -2.624700e+001 -8.206406e+000  1.857058e+002
      vertex -2.577384e+001 -8.616887e+000  1.835793e+002
    endloop
  endfacet
  facet normal -9.685607e-001  8.834960e-002 -2.325606e-001
    outer loop
      vertex -2.577384e+001 -8.616887e+000  1.835793e+002
      vertex -2.624700e+001 -8.206406e+000  1.857058e+002
      vertex -2.610384e+001 -7.633172e+000  1.853273e+002
    endloop
  endfacet
  facet normal -4.324264e-001  7.484528e-001 -5.028177e-001
    outer loop
      vertex -2.577384e+001 -8.616887e+000  1.835793e+002
      vertex -2.610384e+001 -7.633172e+000  1.853273e+002
      vertex -2.513259e+001 -8.277691e+000  1.835327e+002
    endloop
  endfacet
  facet normal -4.467988e-001  7.373683e-001 -5.066150e-001
    outer loop
      vertex -2.513259e+001 -8.277691e+000  1.835327e+002
      vertex -2.610384e+001 -7.633172e+000  1.853273e+002
      vertex -2.548345e+001 -7.317252e+000  1.852400e+002
    endloop
  endfacet
  facet normal -9.849755e-001  9.555127e-002 -1.438514e-001
    outer loop
      vertex -2.564644e+001 -9.925220e+000  1.817827e+002
      vertex -2.588563e+001 -9.283552e+000  1.838467e+002
      vertex -2.555720e+001 -9.198130e+000  1.816546e+002
    endloop
  endfacet
  facet normal -9.838339e-001  1.075202e-001 -1.432140e-001
    outer loop
      vertex -2.555720e+001 -9.198130e+000  1.816546e+002
      vertex -2.588563e+001 -9.283552e+000  1.838467e+002
      vertex -2.577384e+001 -8.616887e+000  1.835793e+002
    endloop
  endfacet
  facet normal -4.525681e-001  8.382758e-001 -3.040986e-001
    outer loop
      vertex -2.555720e+001 -9.198130e+000  1.816546e+002
      vertex -2.577384e+001 -8.616887e+000  1.835793e+002
      vertex -2.490036e+001 -8.849835e+000  1.816372e+002
    endloop
  endfacet
  facet normal -4.622615e-001  8.316590e-001 -3.076647e-001
    outer loop
      vertex -2.490036e+001 -8.849835e+000  1.816372e+002
      vertex -2.577384e+001 -8.616887e+000  1.835793e+002
      vertex -2.513259e+001 -8.277691e+000  1.835327e+002
    endloop
  endfacet
  facet normal -3.786013e-001 -2.247123e-001 -8.978671e-001
    outer loop
      vertex -2.642908e+001  3.484164e+000  1.882982e+002
      vertex -2.721354e+001  1.637001e+000  1.890913e+002
      vertex -2.700510e+001  3.651262e+000  1.884993e+002
    endloop
  endfacet
  facet normal -5.448144e-001 -1.246594e-001 -8.292391e-001
    outer loop
      vertex -2.642908e+001  3.484164e+000  1.882982e+002
      vertex -2.670000e+001 -2.913035e-008  1.890000e+002
      vertex -2.721354e+001  1.637001e+000  1.890913e+002
    endloop
  endfacet
  facet normal -2.587184e-001 -2.730468e-002 -9.655668e-001
    outer loop
      vertex -2.721354e+001  1.637001e+000  1.890913e+002
      vertex -2.670000e+001 -2.913035e-008  1.890000e+002
      vertex -2.710000e+001 -7.381156e-008  1.891072e+002
    endloop
  endfacet
  facet normal -7.060184e-001 -5.581259e-002 -7.059908e-001
    outer loop
      vertex -2.721354e+001  1.637001e+000  1.890913e+002
      vertex -2.710000e+001 -7.381156e-008  1.891072e+002
      vertex -2.739282e+001 -5.033412e-008  1.894000e+002
    endloop
  endfacet
  facet normal -9.292110e-001 -9.265894e-003 -3.694336e-001
    outer loop
      vertex -2.722097e+001  3.907532e+000  1.890358e+002
      vertex -2.700510e+001  3.651262e+000  1.884993e+002
      vertex -2.744424e+001  1.750357e+000  1.896515e+002
    endloop
  endfacet
  facet normal -9.256450e-001 -1.533225e-002 -3.780826e-001
    outer loop
      vertex -2.744424e+001  1.750357e+000  1.896515e+002
      vertex -2.700510e+001  3.651262e+000  1.884993e+002
      vertex -2.721354e+001  1.637001e+000  1.890913e+002
    endloop
  endfacet
  facet normal -9.248606e-001 -2.797224e-003 -3.802960e-001
    outer loop
      vertex -2.744424e+001  1.750357e+000  1.896515e+002
      vertex -2.721354e+001  1.637001e+000  1.890913e+002
      vertex -2.750000e+001  3.367779e-015  1.898000e+002
    endloop
  endfacet
  facet normal -9.643608e-001  5.688490e-002 -2.584035e-001
    outer loop
      vertex -2.750000e+001  3.367779e-015  1.898000e+002
      vertex -2.721354e+001  1.637001e+000  1.890913e+002
      vertex -2.739282e+001 -5.033412e-008  1.894000e+002
    endloop
  endfacet
  facet normal -9.902170e-001 -1.176173e-001 -7.507598e-002
    outer loop
      vertex -2.574308e+001  9.671812e+000  1.828035e+002
      vertex -2.558063e+001  1.009363e+001  1.800000e+002
      vertex -2.564454e+001  8.969089e+000  1.826047e+002
    endloop
  endfacet
  facet normal -9.986772e-001  5.136725e-002 -2.327371e-003
    outer loop
      vertex -2.564454e+001  8.969089e+000  1.826047e+002
      vertex -2.558063e+001  1.009363e+001  1.800000e+002
      vertex -2.560683e+001  9.584268e+000  1.800000e+002
    endloop
  endfacet
  facet normal -8.182147e-001 -5.567570e-001 -1.433404e-001
    outer loop
      vertex -2.564454e+001  8.969089e+000  1.826047e+002
      vertex -2.560683e+001  9.584268e+000  1.800000e+002
      vertex -2.531990e+001  9.162590e+000  1.800000e+002
    endloop
  endfacet
  facet normal -3.148732e-001 -9.362161e-001 -1.560588e-001
    outer loop
      vertex -2.483647e+001  9.000000e+000  1.800000e+002
      vertex -2.499419e+001  8.623881e+000  1.825746e+002
      vertex -2.531990e+001  9.162590e+000  1.800000e+002
    endloop
  endfacet
  facet normal -4.697119e-001 -8.741413e-001 -1.234822e-001
    outer loop
      vertex -2.531990e+001  9.162590e+000  1.800000e+002
      vertex -2.499419e+001  8.623881e+000  1.825746e+002
      vertex -2.564454e+001  8.969089e+000  1.826047e+002
    endloop
  endfacet
  facet normal -9.764695e-001 -9.671310e-002 -1.927535e-001
    outer loop
      vertex -2.604264e+001  8.833511e+000  1.847416e+002
      vertex -2.574308e+001  9.671812e+000  1.828035e+002
      vertex -2.591686e+001  8.206958e+000  1.844188e+002
    endloop
  endfacet
  facet normal -9.793857e-001 -8.558259e-002 -1.829738e-001
    outer loop
      vertex -2.591686e+001  8.206958e+000  1.844188e+002
      vertex -2.574308e+001  9.671812e+000  1.828035e+002
      vertex -2.564454e+001  8.969089e+000  1.826047e+002
    endloop
  endfacet
  facet normal -4.562217e-001 -7.938840e-001 -4.020074e-001
    outer loop
      vertex -2.591686e+001  8.206958e+000  1.844188e+002
      vertex -2.564454e+001  8.969089e+000  1.826047e+002
      vertex -2.528504e+001  7.876411e+000  1.843546e+002
    endloop
  endfacet
  facet normal -4.427629e-001 -7.985837e-001 -4.077072e-001
    outer loop
      vertex -2.528504e+001  7.876411e+000  1.843546e+002
      vertex -2.564454e+001  8.969089e+000  1.826047e+002
      vertex -2.499419e+001  8.623881e+000  1.825746e+002
    endloop
  endfacet
  facet normal -9.594443e-001 -7.349516e-002 -2.721488e-001
    outer loop
      vertex -2.644886e+001  7.530465e+000  1.865256e+002
      vertex -2.604264e+001  8.833511e+000  1.847416e+002
      vertex -2.628935e+001  7.011924e+000  1.861033e+002
    endloop
  endfacet
  facet normal -9.645205e-001 -6.132426e-002 -2.567873e-001
    outer loop
      vertex -2.628935e+001  7.011924e+000  1.861033e+002
      vertex -2.604264e+001  8.833511e+000  1.847416e+002
      vertex -2.591686e+001  8.206958e+000  1.844188e+002
    endloop
  endfacet
  facet normal -4.390205e-001 -6.841370e-001 -5.824239e-001
    outer loop
      vertex -2.628935e+001  7.011924e+000  1.861033e+002
      vertex -2.591686e+001  8.206958e+000  1.844188e+002
      vertex -2.567943e+001  6.714538e+000  1.859929e+002
    endloop
  endfacet
  facet normal -4.205806e-001 -6.892035e-001 -5.900089e-001
    outer loop
      vertex -2.567943e+001  6.714538e+000  1.859929e+002
      vertex -2.591686e+001  8.206958e+000  1.844188e+002
      vertex -2.528504e+001  7.876411e+000  1.843546e+002
    endloop
  endfacet
  facet normal -9.434514e-001 -4.846222e-002 -3.279495e-001
    outer loop
      vertex -2.686818e+001  5.860969e+000  1.879786e+002
      vertex -2.644886e+001  7.530465e+000  1.865256e+002
      vertex -2.667699e+001  5.468362e+000  1.874866e+002
    endloop
  endfacet
  facet normal -9.498330e-001 -3.950850e-002 -3.102519e-001
    outer loop
      vertex -2.667699e+001  5.468362e+000  1.874866e+002
      vertex -2.644886e+001  7.530465e+000  1.865256e+002
      vertex -2.628935e+001  7.011924e+000  1.861033e+002
    endloop
  endfacet
  facet normal -4.196443e-001 -5.450674e-001 -7.258101e-001
    outer loop
      vertex -2.667699e+001  5.468362e+000  1.874866e+002
      vertex -2.628935e+001  7.011924e+000  1.861033e+002
      vertex -2.608656e+001  5.225940e+000  1.873273e+002
    endloop
  endfacet
  facet normal -4.003527e-001 -5.485268e-001 -7.340544e-001
    outer loop
      vertex -2.608656e+001  5.225940e+000  1.873273e+002
      vertex -2.628935e+001  7.011924e+000  1.861033e+002
      vertex -2.567943e+001  6.714538e+000  1.859929e+002
    endloop
  endfacet
  facet normal -9.318554e-001 -2.750609e-002 -3.617855e-001
    outer loop
      vertex -2.722097e+001  3.907532e+000  1.890358e+002
      vertex -2.686818e+001  5.860969e+000  1.879786e+002
      vertex -2.700510e+001  3.651262e+000  1.884993e+002
    endloop
  endfacet
  facet normal -9.379979e-001 -2.337122e-002 -3.458521e-001
    outer loop
      vertex -2.700510e+001  3.651262e+000  1.884993e+002
      vertex -2.686818e+001  5.860969e+000  1.879786e+002
      vertex -2.667699e+001  5.468362e+000  1.874866e+002
    endloop
  endfacet
  facet normal -4.021828e-001 -3.892166e-001 -8.287094e-001
    outer loop
      vertex -2.700510e+001  3.651262e+000  1.884993e+002
      vertex -2.667699e+001  5.468362e+000  1.874866e+002
      vertex -2.642908e+001  3.484164e+000  1.882982e+002
    endloop
  endfacet
  facet normal -3.857830e-001 -3.901618e-001 -8.360295e-001
    outer loop
      vertex -2.642908e+001  3.484164e+000  1.882982e+002
      vertex -2.667699e+001  5.468362e+000  1.874866e+002
      vertex -2.608656e+001  5.225940e+000  1.873273e+002
    endloop
  endfacet
  facet normal  9.969172e-001 -7.845923e-002  0.000000e+000
    outer loop
      vertex  6.000000e+001 -6.798647e-014  2.020000e+002
      vertex  6.000000e+001 -6.798647e-014  2.060000e+002
      vertex  5.926130e+001 -9.386068e+000  2.020000e+002
    endloop
  endfacet
  facet normal  9.969172e-001 -7.845923e-002  0.000000e+000
    outer loop
      vertex  5.926130e+001 -9.386068e+000  2.020000e+002
      vertex  6.000000e+001 -6.798647e-014  2.060000e+002
      vertex  5.926130e+001 -9.386068e+000  2.060000e+002
    endloop
  endfacet
  facet normal  9.723700e-001 -2.334451e-001  0.000000e+000
    outer loop
      vertex  5.926130e+001 -9.386068e+000  2.020000e+002
      vertex  5.926130e+001 -9.386068e+000  2.060000e+002
      vertex  5.706339e+001 -1.854102e+001  2.020000e+002
    endloop
  endfacet
  facet normal  9.723700e-001 -2.334451e-001  0.000000e+000
    outer loop
      vertex  5.706339e+001 -1.854102e+001  2.020000e+002
      vertex  5.926130e+001 -9.386068e+000  2.060000e+002
      vertex  5.706339e+001 -1.854102e+001  2.060000e+002
    endloop
  endfacet
  facet normal  9.238795e-001 -3.826835e-001  0.000000e+000
    outer loop
      vertex  5.706339e+001 -1.854102e+001  2.020000e+002
      vertex  5.706339e+001 -1.854102e+001  2.060000e+002
      vertex  5.346039e+001 -2.723943e+001  2.020000e+002
    endloop
  endfacet
  facet normal  9.238795e-001 -3.826835e-001  0.000000e+000
    outer loop
      vertex  5.346039e+001 -2.723943e+001  2.020000e+002
      vertex  5.706339e+001 -1.854102e+001  2.060000e+002
      vertex  5.346039e+001 -2.723943e+001  2.060000e+002
    endloop
  endfacet
  facet normal  8.526402e-001 -5.224985e-001  0.000000e+000
    outer loop
      vertex  5.346039e+001 -2.723943e+001  2.020000e+002
      vertex  5.346039e+001 -2.723943e+001  2.060000e+002
      vertex  4.854102e+001 -3.526712e+001  2.020000e+002
    endloop
  endfacet
  facet normal  8.526402e-001 -5.224985e-001  0.000000e+000
    outer loop
      vertex  4.854102e+001 -3.526712e+001  2.020000e+002
      vertex  5.346039e+001 -2.723943e+001  2.060000e+002
      vertex  4.854102e+001 -3.526712e+001  2.060000e+002
    endloop
  endfacet
  facet normal  7.604060e-001 -6.494482e-001  0.000000e+000
    outer loop
      vertex  4.854102e+001 -3.526712e+001  2.020000e+002
      vertex  4.854102e+001 -3.526712e+001  2.060000e+002
      vertex  4.242641e+001 -4.242641e+001  2.020000e+002
    endloop
  endfacet
  facet normal  7.604060e-001 -6.494482e-001  0.000000e+000
    outer loop
      vertex  4.242641e+001 -4.242641e+001  2.020000e+002
      vertex  4.854102e+001 -3.526712e+001  2.060000e+002
      vertex  4.242641e+001 -4.242641e+001  2.060000e+002
    endloop
  endfacet
  facet normal  6.494482e-001 -7.604060e-001  0.000000e+000
    outer loop
      vertex  4.242641e+001 -4.242641e+001  2.020000e+002
      vertex  4.242641e+001 -4.242641e+001  2.060000e+002
      vertex  3.526712e+001 -4.854102e+001  2.020000e+002
    endloop
  endfacet
  facet normal  6.494482e-001 -7.604060e-001  0.000000e+000
    outer loop
      vertex  3.526712e+001 -4.854102e+001  2.020000e+002
      vertex  4.242641e+001 -4.242641e+001  2.060000e+002
      vertex  3.526712e+001 -4.854102e+001  2.060000e+002
    endloop
  endfacet
  facet normal  5.224985e-001 -8.526402e-001  0.000000e+000
    outer loop
      vertex  3.526712e+001 -4.854102e+001  2.020000e+002
      vertex  3.526712e+001 -4.854102e+001  2.060000e+002
      vertex  2.723943e+001 -5.346039e+001  2.020000e+002
    endloop
  endfacet
  facet normal  5.224985e-001 -8.526402e-001  0.000000e+000
    outer loop
      vertex  2.723943e+001 -5.346039e+001  2.020000e+002
      vertex  3.526712e+001 -4.854102e+001  2.060000e+002
      vertex  2.723943e+001 -5.346039e+001  2.060000e+002
    endloop
  endfacet
  facet normal  3.826835e-001 -9.238795e-001  0.000000e+000
    outer loop
      vertex  2.723943e+001 -5.346039e+001  2.020000e+002
      vertex  2.723943e+001 -5.346039e+001  2.060000e+002
      vertex  1.854102e+001 -5.706339e+001  2.020000e+002
    endloop
  endfacet
  facet normal  3.826835e-001 -9.238795e-001  0.000000e+000
    outer loop
      vertex  1.854102e+001 -5.706339e+001  2.020000e+002
      vertex  2.723943e+001 -5.346039e+001  2.060000e+002
      vertex  1.854102e+001 -5.706339e+001  2.060000e+002
    endloop
  endfacet
  facet normal  2.334451e-001 -9.723700e-001  0.000000e+000
    outer loop
      vertex  1.854102e+001 -5.706339e+001  2.020000e+002
      vertex  1.854102e+001 -5.706339e+001  2.060000e+002
      vertex  9.386068e+000 -5.926130e+001  2.020000e+002
    endloop
  endfacet
  facet normal  2.334451e-001 -9.723700e-001  0.000000e+000
    outer loop
      vertex  9.386068e+000 -5.926130e+001  2.020000e+002
      vertex  1.854102e+001 -5.706339e+001  2.060000e+002
      vertex  9.386068e+000 -5.926130e+001  2.060000e+002
    endloop
  endfacet
  facet normal  7.845923e-002 -9.969172e-001  0.000000e+000
    outer loop
      vertex  9.386068e+000 -5.926130e+001  2.020000e+002
      vertex  9.386068e+000 -5.926130e+001  2.060000e+002
      vertex -6.431253e-014 -6.000000e+001  2.020000e+002
    endloop
  endfacet
  facet normal  7.845923e-002 -9.969172e-001  0.000000e+000
    outer loop
      vertex -6.431253e-014 -6.000000e+001  2.020000e+002
      vertex  9.386068e+000 -5.926130e+001  2.060000e+002
      vertex -6.431253e-014 -6.000000e+001  2.060000e+002
    endloop
  endfacet
  facet normal -7.845923e-002 -9.969172e-001  -0.000000e+000
    outer loop
      vertex -6.431253e-014 -6.000000e+001  2.020000e+002
      vertex -6.431253e-014 -6.000000e+001  2.060000e+002
      vertex -9.386068e+000 -5.926130e+001  2.020000e+002
    endloop
  endfacet
  facet normal -7.845923e-002 -9.969172e-001  0.000000e+000
    outer loop
      vertex -9.386068e+000 -5.926130e+001  2.020000e+002
      vertex -6.431253e-014 -6.000000e+001  2.060000e+002
      vertex -9.386068e+000 -5.926130e+001  2.060000e+002
    endloop
  endfacet
  facet normal -2.334451e-001 -9.723700e-001  -0.000000e+000
    outer loop
      vertex -9.386068e+000 -5.926130e+001  2.020000e+002
      vertex -9.386068e+000 -5.926130e+001  2.060000e+002
      vertex -1.854102e+001 -5.706339e+001  2.020000e+002
    endloop
  endfacet
  facet normal -2.334451e-001 -9.723700e-001  0.000000e+000
    outer loop
      vertex -1.854102e+001 -5.706339e+001  2.020000e+002
      vertex -9.386068e+000 -5.926130e+001  2.060000e+002
      vertex -1.854102e+001 -5.706339e+001  2.060000e+002
    endloop
  endfacet
  facet normal -3.826835e-001 -9.238795e-001  -0.000000e+000
    outer loop
      vertex -1.854102e+001 -5.706339e+001  2.020000e+002
      vertex -1.854102e+001 -5.706339e+001  2.060000e+002
      vertex -2.723943e+001 -5.346039e+001  2.020000e+002
    endloop
  endfacet
  facet normal -3.826835e-001 -9.238795e-001  0.000000e+000
    outer loop
      vertex -2.723943e+001 -5.346039e+001  2.020000e+002
      vertex -1.854102e+001 -5.706339e+001  2.060000e+002
      vertex -2.723943e+001 -5.346039e+001  2.060000e+002
    endloop
  endfacet
  facet normal -5.224985e-001 -8.526402e-001  -0.000000e+000
    outer loop
      vertex -2.723943e+001 -5.346039e+001  2.020000e+002
      vertex -2.723943e+001 -5.346039e+001  2.060000e+002
      vertex -3.526712e+001 -4.854102e+001  2.020000e+002
    endloop
  endfacet
  facet normal -5.224985e-001 -8.526402e-001  0.000000e+000
    outer loop
      vertex -3.526712e+001 -4.854102e+001  2.020000e+002
      vertex -2.723943e+001 -5.346039e+001  2.060000e+002
      vertex -3.526712e+001 -4.854102e+001  2.060000e+002
    endloop
  endfacet
  facet normal -6.494482e-001 -7.604060e-001  -0.000000e+000
    outer loop
      vertex -3.526712e+001 -4.854102e+001  2.020000e+002
      vertex -3.526712e+001 -4.854102e+001  2.060000e+002
      vertex -4.242641e+001 -4.242641e+001  2.020000e+002
    endloop
  endfacet
  facet normal -6.494482e-001 -7.604060e-001  0.000000e+000
    outer loop
      vertex -4.242641e+001 -4.242641e+001  2.020000e+002
      vertex -3.526712e+001 -4.854102e+001  2.060000e+002
      vertex -4.242641e+001 -4.242641e+001  2.060000e+002
    endloop
  endfacet
  facet normal -7.604060e-001 -6.494482e-001  -0.000000e+000
    outer loop
      vertex -4.242641e+001 -4.242641e+001  2.020000e+002
      vertex -4.242641e+001 -4.242641e+001  2.060000e+002
      vertex -4.854102e+001 -3.526712e+001  2.020000e+002
    endloop
  endfacet
  facet normal -7.604060e-001 -6.494482e-001  0.000000e+000
    outer loop
      vertex -4.854102e+001 -3.526712e+001  2.020000e+002
      vertex -4.242641e+001 -4.242641e+001  2.060000e+002
      vertex -4.854102e+001 -3.526712e+001  2.060000e+002
    endloop
  endfacet
  facet normal -8.526402e-001 -5.224985e-001  -0.000000e+000
    outer loop
      vertex -4.854102e+001 -3.526712e+001  2.020000e+002
      vertex -4.854102e+001 -3.526712e+001  2.060000e+002
      vertex -5.346039e+001 -2.723943e+001  2.020000e+002
    endloop
  endfacet
  facet normal -8.526402e-001 -5.224985e-001  0.000000e+000
    outer loop
      vertex -5.346039e+001 -2.723943e+001  2.020000e+002
      vertex -4.854102e+001 -3.526712e+001  2.060000e+002
      vertex -5.346039e+001 -2.723943e+001  2.060000e+002
    endloop
  endfacet
  facet normal -9.238795e-001 -3.826835e-001  -0.000000e+000
    outer loop
      vertex -5.346039e+001 -2.723943e+001  2.020000e+002
      vertex -5.346039e+001 -2.723943e+001  2.060000e+002
      vertex -5.706339e+001 -1.854102e+001  2.020000e+002
    endloop
  endfacet
  facet normal -9.238795e-001 -3.826835e-001  0.000000e+000
    outer loop
      vertex -5.706339e+001 -1.854102e+001  2.020000e+002
      vertex -5.346039e+001 -2.723943e+001  2.060000e+002
      vertex -5.706339e+001 -1.854102e+001  2.060000e+002
    endloop
  endfacet
  facet normal -9.723700e-001 -2.334451e-001  -0.000000e+000
    outer loop
      vertex -5.706339e+001 -1.854102e+001  2.020000e+002
      vertex -5.706339e+001 -1.854102e+001  2.060000e+002
      vertex -5.926130e+001 -9.386068e+000  2.020000e+002
    endloop
  endfacet
  facet normal -9.723700e-001 -2.334451e-001  0.000000e+000
    outer loop
      vertex -5.926130e+001 -9.386068e+000  2.020000e+002
      vertex -5.706339e+001 -1.854102e+001  2.060000e+002
      vertex -5.926130e+001 -9.386068e+000  2.060000e+002
    endloop
  endfacet
  facet normal -9.969172e-001 -7.845923e-002  -0.000000e+000
    outer loop
      vertex -5.926130e+001 -9.386068e+000  2.020000e+002
      vertex -5.926130e+001 -9.386068e+000  2.060000e+002
      vertex -6.000000e+001  3.399323e-014  2.020000e+002
    endloop
  endfacet
  facet normal -9.969172e-001 -7.845923e-002  0.000000e+000
    outer loop
      vertex -6.000000e+001  3.399323e-014  2.020000e+002
      vertex -5.926130e+001 -9.386068e+000  2.060000e+002
      vertex -6.000000e+001  3.399323e-014  2.060000e+002
    endloop
  endfacet
  facet normal -9.969172e-001  7.845923e-002  0.000000e+000
    outer loop
      vertex -6.000000e+001  3.399323e-014  2.020000e+002
      vertex -6.000000e+001  3.399323e-014  2.060000e+002
      vertex -5.926130e+001  9.386068e+000  2.020000e+002
    endloop
  endfacet
  facet normal -9.969172e-001  7.845923e-002  0.000000e+000
    outer loop
      vertex -5.926130e+001  9.386068e+000  2.020000e+002
      vertex -6.000000e+001  3.399323e-014  2.060000e+002
      vertex -5.926130e+001  9.386068e+000  2.060000e+002
    endloop
  endfacet
  facet normal -9.723700e-001  2.334451e-001  0.000000e+000
    outer loop
      vertex -5.926130e+001  9.386068e+000  2.020000e+002
      vertex -5.926130e+001  9.386068e+000  2.060000e+002
      vertex -5.706339e+001  1.854102e+001  2.020000e+002
    endloop
  endfacet
  facet normal -9.723700e-001  2.334451e-001  0.000000e+000
    outer loop
      vertex -5.706339e+001  1.854102e+001  2.020000e+002
      vertex -5.926130e+001  9.386068e+000  2.060000e+002
      vertex -5.706339e+001  1.854102e+001  2.060000e+002
    endloop
  endfacet
  facet normal -9.238795e-001  3.826835e-001  0.000000e+000
    outer loop
      vertex -5.706339e+001  1.854102e+001  2.020000e+002
      vertex -5.706339e+001  1.854102e+001  2.060000e+002
      vertex -5.346039e+001  2.723943e+001  2.020000e+002
    endloop
  endfacet
  facet normal -9.238795e-001  3.826835e-001  0.000000e+000
    outer loop
      vertex -5.346039e+001  2.723943e+001  2.020000e+002
      vertex -5.706339e+001  1.854102e+001  2.060000e+002
      vertex -5.346039e+001  2.723943e+001  2.060000e+002
    endloop
  endfacet
  facet normal -8.526402e-001  5.224985e-001  0.000000e+000
    outer loop
      vertex -5.346039e+001  2.723943e+001  2.020000e+002
      vertex -5.346039e+001  2.723943e+001  2.060000e+002
      vertex -4.854102e+001  3.526712e+001  2.020000e+002
    endloop
  endfacet
  facet normal -8.526402e-001  5.224985e-001  0.000000e+000
    outer loop
      vertex -4.854102e+001  3.526712e+001  2.020000e+002
      vertex -5.346039e+001  2.723943e+001  2.060000e+002
      vertex -4.854102e+001  3.526712e+001  2.060000e+002
    endloop
  endfacet
  facet normal -7.604060e-001  6.494482e-001  0.000000e+000
    outer loop
      vertex -4.854102e+001  3.526712e+001  2.020000e+002
      vertex -4.854102e+001  3.526712e+001  2.060000e+002
      vertex -4.242641e+001  4.242641e+001  2.020000e+002
    endloop
  endfacet
  facet normal -7.604060e-001  6.494482e-001  0.000000e+000
    outer loop
      vertex -4.242641e+001  4.242641e+001  2.020000e+002
      vertex -4.854102e+001  3.526712e+001  2.060000e+002
      vertex -4.242641e+001  4.242641e+001  2.060000e+002
    endloop
  endfacet
  facet normal -6.494482e-001  7.604060e-001  0.000000e+000
    outer loop
      vertex -4.242641e+001  4.242641e+001  2.020000e+002
      vertex -4.242641e+001  4.242641e+001  2.060000e+002
      vertex -3.526712e+001  4.854102e+001  2.020000e+002
    endloop
  endfacet
  facet normal -6.494482e-001  7.604060e-001  0.000000e+000
    outer loop
      vertex -3.526712e+001  4.854102e+001  2.020000e+002
      vertex -4.242641e+001  4.242641e+001  2.060000e+002
      vertex -3.526712e+001  4.854102e+001  2.060000e+002
    endloop
  endfacet
  facet normal -5.224985e-001  8.526402e-001  0.000000e+000
    outer loop
      vertex -3.526712e+001  4.854102e+001  2.020000e+002
      vertex -3.526712e+001  4.854102e+001  2.060000e+002
      vertex -2.723943e+001  5.346039e+001  2.020000e+002
    endloop
  endfacet
  facet normal -5.224985e-001  8.526402e-001  0.000000e+000
    outer loop
      vertex -2.723943e+001  5.346039e+001  2.020000e+002
      vertex -3.526712e+001  4.854102e+001  2.060000e+002
      vertex -2.723943e+001  5.346039e+001  2.060000e+002
    endloop
  endfacet
  facet normal -3.826835e-001  9.238795e-001  0.000000e+000
    outer loop
      vertex -2.723943e+001  5.346039e+001  2.020000e+002
      vertex -2.723943e+001  5.346039e+001  2.060000e+002
      vertex -1.854102e+001  5.706339e+001  2.020000e+002
    endloop
  endfacet
  facet normal -3.826835e-001  9.238795e-001  0.000000e+000
    outer loop
      vertex -1.854102e+001  5.706339e+001  2.020000e+002
      vertex -2.723943e+001  5.346039e+001  2.060000e+002
      vertex -1.854102e+001  5.706339e+001  2.060000e+002
    endloop
  endfacet
  facet normal -2.334451e-001  9.723700e-001  0.000000e+000
    outer loop
      vertex -1.854102e+001  5.706339e+001  2.020000e+002
      vertex -1.854102e+001  5.706339e+001  2.060000e+002
      vertex -9.386068e+000  5.926130e+001  2.020000e+002
    endloop
  endfacet
  facet normal -2.334451e-001  9.723700e-001  0.000000e+000
    outer loop
      vertex -9.386068e+000  5.926130e+001  2.020000e+002
      vertex -1.854102e+001  5.706339e+001  2.060000e+002
      vertex -9.386068e+000  5.926130e+001  2.060000e+002
    endloop
  endfacet
  facet normal -7.845923e-002  9.969172e-001  0.000000e+000
    outer loop
      vertex -9.386068e+000  5.926130e+001  2.020000e+002
      vertex -9.386068e+000  5.926130e+001  2.060000e+002
      vertex  1.699662e-014  6.000000e+001  2.020000e+002
    endloop
  endfacet
  facet normal -7.845923e-002  9.969172e-001  0.000000e+000
    outer loop
      vertex  1.699662e-014  6.000000e+001  2.020000e+002
      vertex -9.386068e+000  5.926130e+001  2.060000e+002
      vertex  1.699662e-014  6.000000e+001  2.060000e+002
    endloop
  endfacet
  facet normal  7.845923e-002  9.969172e-001  0.000000e+000
    outer loop
      vertex  1.699662e-014  6.000000e+001  2.020000e+002
      vertex  1.699662e-014  6.000000e+001  2.060000e+002
      vertex  9.386068e+000  5.926130e+001  2.020000e+002
    endloop
  endfacet
  facet normal  7.845923e-002  9.969172e-001  -0.000000e+000
    outer loop
      vertex  9.386068e+000  5.926130e+001  2.020000e+002
      vertex  1.699662e-014  6.000000e+001  2.060000e+002
      vertex  9.386068e+000  5.926130e+001  2.060000e+002
    endloop
  endfacet
  facet normal  2.334451e-001  9.723700e-001  0.000000e+000
    outer loop
      vertex  9.386068e+000  5.926130e+001  2.020000e+002
      vertex  9.386068e+000  5.926130e+001  2.060000e+002
      vertex  1.854102e+001  5.706339e+001  2.020000e+002
    endloop
  endfacet
  facet normal  2.334451e-001  9.723700e-001  -0.000000e+000
    outer loop
      vertex  1.854102e+001  5.706339e+001  2.020000e+002
      vertex  9.386068e+000  5.926130e+001  2.060000e+002
      vertex  1.854102e+001  5.706339e+001  2.060000e+002
    endloop
  endfacet
  facet normal  3.826835e-001  9.238795e-001  0.000000e+000
    outer loop
      vertex  1.854102e+001  5.706339e+001  2.020000e+002
      vertex  1.854102e+001  5.706339e+001  2.060000e+002
      vertex  2.723943e+001  5.346039e+001  2.020000e+002
    endloop
  endfacet
  facet normal  3.826835e-001  9.238795e-001  -0.000000e+000
    outer loop
      vertex  2.723943e+001  5.346039e+001  2.020000e+002
      vertex  1.854102e+001  5.706339e+001  2.060000e+002
      vertex  2.723943e+001  5.346039e+001  2.060000e+002
    endloop
  endfacet
  facet normal  5.224985e-001  8.526402e-001  0.000000e+000
    outer loop
      vertex  2.723943e+001  5.346039e+001  2.020000e+002
      vertex  2.723943e+001  5.346039e+001  2.060000e+002
      vertex  3.526712e+001  4.854102e+001  2.020000e+002
    endloop
  endfacet
  facet normal  5.224985e-001  8.526402e-001  -0.000000e+000
    outer loop
      vertex  3.526712e+001  4.854102e+001  2.020000e+002
      vertex  2.723943e+001  5.346039e+001  2.060000e+002
      vertex  3.526712e+001  4.854102e+001  2.060000e+002
    endloop
  endfacet
  facet normal  6.494482e-001  7.604060e-001  0.000000e+000
    outer loop
      vertex  3.526712e+001  4.854102e+001  2.020000e+002
      vertex  3.526712e+001  4.854102e+001  2.060000e+002
      vertex  4.242641e+001  4.242641e+001  2.020000e+002
    endloop
  endfacet
  facet normal  6.494482e-001  7.604060e-001  -0.000000e+000
    outer loop
      vertex  4.242641e+001  4.242641e+001  2.020000e+002
      vertex  3.526712e+001  4.854102e+001  2.060000e+002
      vertex  4.242641e+001  4.242641e+001  2.060000e+002
    endloop
  endfacet
  facet normal  7.604060e-001  6.494482e-001  0.000000e+000
    outer loop
      vertex  4.242641e+001  4.242641e+001  2.020000e+002
      vertex  4.242641e+001  4.242641e+001  2.060000e+002
      vertex  4.854102e+001  3.526712e+001  2.020000e+002
    endloop
  endfacet
  facet normal  7.604060e-001  6.494482e-001  -0.000000e+000
    outer loop
      vertex  4.854102e+001  3.526712e+001  2.020000e+002
      vertex  4.242641e+001  4.242641e+001  2.060000e+002
      vertex  4.854102e+001  3.526712e+001  2.060000e+002
    endloop
  endfacet
  facet normal  8.526402e-001  5.224985e-001  0.000000e+000
    outer loop
      vertex  4.854102e+001  3.526712e+001  2.020000e+002
      vertex  4.854102e+001  3.526712e+001  2.060000e+002
      vertex  5.346039e+001  2.723943e+001  2.020000e+002
    endloop
  endfacet
  facet normal  8.526402e-001  5.224985e-001  -0.000000e+000
    outer loop
      vertex  5.346039e+001  2.723943e+001  2.020000e+002
      vertex  4.854102e+001  3.526712e+001  2.060000e+002
      vertex  5.346039e+001  2.723943e+001  2.060000e+002
    endloop
  endfacet
  facet normal  9.238795e-001  3.826835e-001  0.000000e+000
    outer loop
      vertex  5.346039e+001  2.723943e+001  2.020000e+002
      vertex  5.346039e+001  2.723943e+001  2.060000e+002
      vertex  5.706339e+001  1.854102e+001  2.020000e+002
    endloop
  endfacet
  facet normal  9.238795e-001  3.826835e-001  -0.000000e+000
    outer loop
      vertex  5.706339e+001  1.854102e+001  2.020000e+002
      vertex  5.346039e+001  2.723943e+001  2.060000e+002
      vertex  5.706339e+001  1.854102e+001  2.060000e+002
    endloop
  endfacet
  facet normal  9.723700e-001  2.334451e-001  0.000000e+000
    outer loop
      vertex  5.706339e+001  1.854102e+001  2.020000e+002
      vertex  5.706339e+001  1.854102e+001  2.060000e+002
      vertex  5.926130e+001  9.386068e+000  2.020000e+002
    endloop
  endfacet
  facet normal  9.723700e-001  2.334451e-001  -0.000000e+000
    outer loop
      vertex  5.926130e+001  9.386068e+000  2.020000e+002
      vertex  5.706339e+001  1.854102e+001  2.060000e+002
      vertex  5.926130e+001  9.386068e+000  2.060000e+002
    endloop
  endfacet
  facet normal  9.969172e-001  7.845923e-002  0.000000e+000
    outer loop
      vertex  5.926130e+001  9.386068e+000  2.020000e+002
      vertex  5.926130e+001  9.386068e+000  2.060000e+002
      vertex  6.000000e+001 -6.798647e-014  2.020000e+002
    endloop
  endfacet
  facet normal  9.969172e-001  7.845923e-002  -0.000000e+000
    outer loop
      vertex  6.000000e+001 -6.798647e-014  2.020000e+002
      vertex  5.926130e+001  9.386068e+000  2.060000e+002
      vertex  6.000000e+001 -6.798647e-014  2.060000e+002
    endloop
  endfacet
  facet normal  0.000000e+000  -0.000000e+000 -1.000000e+000
    outer loop
      vertex -1.179829e-001 -3.500139e+001  2.000000e+002
      vertex  1.937324e-014 -2.750000e+001  2.000000e+002
      vertex  2.397128e+000 -3.561209e+001  2.000000e+002
    endloop
  endfacet
  facet normal  0.000000e+000  0.000000e+000 -1.000000e+000
    outer loop
      vertex  2.477664e+001 -1.193180e+001  2.000000e+002
      vertex  3.760287e+001 -4.387913e+000  2.000000e+002
      vertex  2.150037e+001 -1.714597e+001  2.000000e+002
    endloop
  endfacet
  facet normal  0.000000e+000  0.000000e+000 -1.000000e+000
    outer loop
      vertex  6.119326e+000 -2.681052e+001  2.000000e+002
      vertex  1.193180e+001 -2.477664e+001  2.000000e+002
      vertex  4.998608e+000 -3.988202e+001  2.000000e+002
    endloop
  endfacet
  facet normal  0.000000e+000  0.000000e+000 -1.000000e+000
    outer loop
      vertex  4.998608e+000  4.011798e+001  2.000000e+002
      vertex  4.269930e+000  4.260148e+001  2.000000e+002
      vertex  3.928233e+001  4.267199e+001  2.000000e+002
    endloop
  endfacet
  facet normal  -0.000000e+000  0.000000e+000 -1.000000e+000
    outer loop
      vertex -4.239713e+001 -4.387913e+000  2.000000e+002
      vertex -3.988202e+001 -4.998608e+000  2.000000e+002
      vertex -4.577015e+001 -3.562434e+001  2.000000e+002
    endloop
  endfacet
  facet normal  0.000000e+000  -0.000000e+000 -1.000000e+000
    outer loop
      vertex -5.720895e+001  9.546488e+000  2.000000e+002
      vertex -5.485740e+001  1.883257e+001  2.000000e+002
      vertex -4.011798e+001  4.998608e+000  2.000000e+002
    endloop
  endfacet
  facet normal  0.000000e+000  -0.000000e+000 -9.999999e-001
    outer loop
      vertex -3.988202e+001 -4.998608e+000  2.000000e+002
      vertex -3.739852e+001 -4.269930e+000  2.000000e+002
      vertex -2.681052e+001 -6.119326e+000  2.000000e+002
    endloop
  endfacet
  facet normal  0.000000e+000  0.000000e+000 -1.000000e+000
    outer loop
      vertex  3.500139e+001 -1.179829e-001  2.000000e+002
      vertex  2.750000e+001  0.000000e+000  2.000000e+002
      vertex  3.561209e+001  2.397128e+000  2.000000e+002
    endloop
  endfacet
  facet normal  0.000000e+000  0.000000e+000 -1.000000e+000
    outer loop
      vertex  6.119326e+000  2.681052e+001  2.000000e+002
      vertex  1.179829e-001  3.500139e+001  2.000000e+002
      vertex  1.193180e+001  2.477664e+001  2.000000e+002
    endloop
  endfacet
  facet normal  0.000000e+000  -0.000000e+000 -1.000000e+000
    outer loop
      vertex  1.683889e-015  2.750000e+001  2.000000e+002
      vertex  1.179829e-001  3.500139e+001  2.000000e+002
      vertex  6.119326e+000  2.681052e+001  2.000000e+002
    endloop
  endfacet
  facet normal  0.000000e+000  0.000000e+000 -1.000000e+000
    outer loop
      vertex  2.681052e+001  6.119326e+000  2.000000e+002
      vertex  2.477664e+001  1.193180e+001  2.000000e+002
      vertex  3.988202e+001  4.998608e+000  2.000000e+002
    endloop
  endfacet
  facet normal  0.000000e+000  0.000000e+000 -1.000000e+000
    outer loop
      vertex  2.397128e+000  4.438791e+001  2.000000e+002
      vertex -1.179829e-001  4.499861e+001  2.000000e+002
      vertex -4.789601e+000  5.780190e+001  2.000000e+002
    endloop
  endfacet
  facet normal  0.000000e+000  0.000000e+000 -1.000000e+000
    outer loop
      vertex  2.397128e+000  4.438791e+001  2.000000e+002
      vertex -4.789601e+000  5.780190e+001  2.000000e+002
      vertex  4.789603e+000  5.780190e+001  2.000000e+002
    endloop
  endfacet
  facet normal  0.000000e+000  -0.000000e+000 -1.000000e+000
    outer loop
      vertex  2.397128e+000  4.438791e+001  2.000000e+002
      vertex  4.789603e+000  5.780190e+001  2.000000e+002
      vertex  1.423816e+001  5.622522e+001  2.000000e+002
    endloop
  endfacet
  facet normal  0.000000e+000  -0.000000e+000 -1.000000e+000
    outer loop
      vertex  2.397128e+000  4.438791e+001  2.000000e+002
      vertex  1.423816e+001  5.622522e+001  2.000000e+002
      vertex  2.329833e+001  5.311485e+001  2.000000e+002
    endloop
  endfacet
  facet normal  0.000000e+000  -0.000000e+000 -1.000000e+000
    outer loop
      vertex  2.397128e+000  4.438791e+001  2.000000e+002
      vertex  2.329833e+001  5.311485e+001  2.000000e+002
      vertex  3.172299e+001  4.855566e+001  2.000000e+002
    endloop
  endfacet
  facet normal  0.000000e+000  -0.000000e+000 -1.000000e+000
    outer loop
      vertex  2.397128e+000  4.438791e+001  2.000000e+002
      vertex  3.172299e+001  4.855566e+001  2.000000e+002
      vertex  3.928233e+001  4.267199e+001  2.000000e+002
    endloop
  endfacet
  facet normal  -0.000000e+000  0.000000e+000 -1.000000e+000
    outer loop
      vertex  2.397128e+000  4.438791e+001  2.000000e+002
      vertex  3.928233e+001  4.267199e+001  2.000000e+002
      vertex  4.269930e+000  4.260148e+001  2.000000e+002
    endloop
  endfacet
  facet normal  -0.000000e+000  0.000000e+000 -1.000000e+000
    outer loop
      vertex -2.397128e+000  3.561209e+001  2.000000e+002
      vertex  1.179829e-001  3.500139e+001  2.000000e+002
      vertex  1.683889e-015  2.750000e+001  2.000000e+002
    endloop
  endfacet
  facet normal  -0.000000e+000  0.000000e+000 -9.999999e-001
    outer loop
      vertex -2.397128e+000  3.561209e+001  2.000000e+002
      vertex  1.683889e-015  2.750000e+001  2.000000e+002
      vertex -6.119326e+000  2.681052e+001  2.000000e+002
    endloop
  endfacet
  facet normal  -0.000000e+000  0.000000e+000 -1.000000e+000
    outer loop
      vertex -2.397128e+000  3.561209e+001  2.000000e+002
      vertex -6.119326e+000  2.681052e+001  2.000000e+002
      vertex -1.193180e+001  2.477664e+001  2.000000e+002
    endloop
  endfacet
  facet normal  -0.000000e+000  0.000000e+000 -1.000000e+000
    outer loop
      vertex -2.397128e+000  3.561209e+001  2.000000e+002
      vertex -1.193180e+001  2.477664e+001  2.000000e+002
      vertex -1.714597e+001  2.150037e+001  2.000000e+002
    endloop
  endfacet
  facet normal  0.000000e+000  0.000000e+000 -1.000000e+000
    outer loop
      vertex -2.397128e+000  3.561209e+001  2.000000e+002
      vertex -1.714597e+001  2.150037e+001  2.000000e+002
      vertex -4.269930e+000  3.739852e+001  2.000000e+002
    endloop
  endfacet
  facet normal  0.000000e+000  -0.000000e+000 -1.000000e+000
    outer loop
      vertex  1.179829e-001 -4.499861e+001  2.000000e+002
      vertex  2.601480e+000 -4.426993e+001  2.000000e+002
      vertex  3.172299e+001 -4.855566e+001  2.000000e+002
    endloop
  endfacet
  facet normal  -0.000000e+000  0.000000e+000 -1.000000e+000
    outer loop
      vertex  1.179829e-001 -4.499861e+001  2.000000e+002
      vertex  3.172299e+001 -4.855566e+001  2.000000e+002
      vertex  2.329833e+001 -5.311485e+001  2.000000e+002
    endloop
  endfacet
  facet normal  -0.000000e+000  0.000000e+000 -9.999999e-001
    outer loop
      vertex  1.179829e-001 -4.499861e+001  2.000000e+002
      vertex  2.329833e+001 -5.311485e+001  2.000000e+002
      vertex  1.423816e+001 -5.622522e+001  2.000000e+002
    endloop
  endfacet
  facet normal  -0.000000e+000  0.000000e+000 -1.000000e+000
    outer loop
      vertex  1.179829e-001 -4.499861e+001  2.000000e+002
      vertex  1.423816e+001 -5.622522e+001  2.000000e+002
      vertex  4.789602e+000 -5.780190e+001  2.000000e+002
    endloop
  endfacet
  facet normal  0.000000e+000  -0.000000e+000 -1.000000e+000
    outer loop
      vertex  4.387913e+000 -4.239713e+001  2.000000e+002
      vertex  4.998608e+000 -3.988202e+001  2.000000e+002
      vertex  1.193180e+001 -2.477664e+001  2.000000e+002
    endloop
  endfacet
  facet normal  0.000000e+000  -0.000000e+000 -1.000000e+000
    outer loop
      vertex  4.387913e+000 -4.239713e+001  2.000000e+002
      vertex  1.193180e+001 -2.477664e+001  2.000000e+002
      vertex  1.714597e+001 -2.150037e+001  2.000000e+002
    endloop
  endfacet
  facet normal  0.000000e+000  -0.000000e+000 -1.000000e+000
    outer loop
      vertex  4.387913e+000 -4.239713e+001  2.000000e+002
      vertex  1.714597e+001 -2.150037e+001  2.000000e+002
      vertex  2.150037e+001 -1.714597e+001  2.000000e+002
    endloop
  endfacet
  facet normal  0.000000e+000  -0.000000e+000 -1.000000e+000
    outer loop
      vertex  4.011798e+001 -4.998608e+000  2.000000e+002
      vertex  4.260148e+001 -4.269930e+000  2.000000e+002
      vertex  5.720895e+001 -9.546486e+000  2.000000e+002
    endloop
  endfacet
  facet normal  -0.000000e+000  0.000000e+000 -1.000000e+000
    outer loop
      vertex  4.011798e+001 -4.998608e+000  2.000000e+002
      vertex  5.720895e+001 -9.546486e+000  2.000000e+002
      vertex  5.485740e+001 -1.883257e+001  2.000000e+002
    endloop
  endfacet
  facet normal  -0.000000e+000  0.000000e+000 -1.000000e+000
    outer loop
      vertex  4.011798e+001 -4.998608e+000  2.000000e+002
      vertex  5.485740e+001 -1.883257e+001  2.000000e+002
      vertex  5.100948e+001 -2.760495e+001  2.000000e+002
    endloop
  endfacet
  facet normal  -0.000000e+000  0.000000e+000 -1.000000e+000
    outer loop
      vertex  4.011798e+001 -4.998608e+000  2.000000e+002
      vertex  5.100948e+001 -2.760495e+001  2.000000e+002
      vertex  4.577015e+001 -3.562434e+001  2.000000e+002
    endloop
  endfacet
  facet normal  0.000000e+000  0.000000e+000 -1.000000e+000
    outer loop
      vertex  1.714597e+001  2.150037e+001  2.000000e+002
      vertex  1.193180e+001  2.477664e+001  2.000000e+002
      vertex  1.179829e-001  3.500139e+001  2.000000e+002
    endloop
  endfacet
  facet normal  0.000000e+000  0.000000e+000 -9.999999e-001
    outer loop
      vertex  1.714597e+001  2.150037e+001  2.000000e+002
      vertex  1.179829e-001  3.500139e+001  2.000000e+002
      vertex  2.601480e+000  3.573007e+001  2.000000e+002
    endloop
  endfacet
  facet normal  0.000000e+000  0.000000e+000 -1.000000e+000
    outer loop
      vertex  1.714597e+001  2.150037e+001  2.000000e+002
      vertex  2.601480e+000  3.573007e+001  2.000000e+002
      vertex  4.387913e+000  3.760287e+001  2.000000e+002
    endloop
  endfacet
  facet normal  0.000000e+000  0.000000e+000 -1.000000e+000
    outer loop
      vertex  1.714597e+001  2.150037e+001  2.000000e+002
      vertex  4.387913e+000  3.760287e+001  2.000000e+002
      vertex  4.998608e+000  4.011798e+001  2.000000e+002
    endloop
  endfacet
  facet normal  0.000000e+000  0.000000e+000 -1.000000e+000
    outer loop
      vertex  1.714597e+001  2.150037e+001  2.000000e+002
      vertex  4.998608e+000  4.011798e+001  2.000000e+002
      vertex  3.928233e+001  4.267199e+001  2.000000e+002
    endloop
  endfacet
  facet normal  0.000000e+000  0.000000e+000 -1.000000e+000
    outer loop
      vertex  1.714597e+001  2.150037e+001  2.000000e+002
      vertex  3.928233e+001  4.267199e+001  2.000000e+002
      vertex  2.150037e+001  1.714597e+001  2.000000e+002
    endloop
  endfacet
  facet normal  0.000000e+000  0.000000e+000 -1.000000e+000
    outer loop
      vertex -3.928233e+001 -4.267199e+001  2.000000e+002
      vertex -4.577015e+001 -3.562434e+001  2.000000e+002
      vertex -3.988202e+001 -4.998608e+000  2.000000e+002
    endloop
  endfacet
  facet normal  0.000000e+000  0.000000e+000 -1.000000e+000
    outer loop
      vertex -3.928233e+001 -4.267199e+001  2.000000e+002
      vertex -3.988202e+001 -4.998608e+000  2.000000e+002
      vertex -2.681052e+001 -6.119326e+000  2.000000e+002
    endloop
  endfacet
  facet normal  0.000000e+000  -0.000000e+000 -1.000000e+000
    outer loop
      vertex -3.928233e+001 -4.267199e+001  2.000000e+002
      vertex -2.681052e+001 -6.119326e+000  2.000000e+002
      vertex -2.477664e+001 -1.193180e+001  2.000000e+002
    endloop
  endfacet
  facet normal  0.000000e+000  -0.000000e+000 -1.000000e+000
    outer loop
      vertex -3.928233e+001 -4.267199e+001  2.000000e+002
      vertex -2.477664e+001 -1.193180e+001  2.000000e+002
      vertex -2.150037e+001 -1.714597e+001  2.000000e+002
    endloop
  endfacet
  facet normal  0.000000e+000  -0.000000e+000 -1.000000e+000
    outer loop
      vertex -3.928233e+001 -4.267199e+001  2.000000e+002
      vertex -2.150037e+001 -1.714597e+001  2.000000e+002
      vertex -1.714597e+001 -2.150037e+001  2.000000e+002
    endloop
  endfacet
  facet normal  0.000000e+000  -0.000000e+000 -1.000000e+000
    outer loop
      vertex -3.928233e+001 -4.267199e+001  2.000000e+002
      vertex -1.714597e+001 -2.150037e+001  2.000000e+002
      vertex -1.193180e+001 -2.477664e+001  2.000000e+002
    endloop
  endfacet
  facet normal  0.000000e+000  -0.000000e+000 -1.000000e+000
    outer loop
      vertex -3.928233e+001 -4.267199e+001  2.000000e+002
      vertex -1.193180e+001 -2.477664e+001  2.000000e+002
      vertex -6.119326e+000 -2.681052e+001  2.000000e+002
    endloop
  endfacet
  facet normal  0.000000e+000  -0.000000e+000 -1.000000e+000
    outer loop
      vertex -3.928233e+001 -4.267199e+001  2.000000e+002
      vertex -6.119326e+000 -2.681052e+001  2.000000e+002
      vertex -4.998608e+000 -4.011798e+001  2.000000e+002
    endloop
  endfacet
  facet normal  0.000000e+000  -0.000000e+000 -1.000000e+000
    outer loop
      vertex -3.928233e+001 -4.267199e+001  2.000000e+002
      vertex -4.998608e+000 -4.011798e+001  2.000000e+002
      vertex -4.269930e+000 -4.260148e+001  2.000000e+002
    endloop
  endfacet
  facet normal  0.000000e+000  -0.000000e+000 -1.000000e+000
    outer loop
      vertex -3.928233e+001 -4.267199e+001  2.000000e+002
      vertex -4.269930e+000 -4.260148e+001  2.000000e+002
      vertex -2.397128e+000 -4.438791e+001  2.000000e+002
    endloop
  endfacet
  facet normal  -0.000000e+000  0.000000e+000 -9.999999e-001
    outer loop
      vertex -3.928233e+001 -4.267199e+001  2.000000e+002
      vertex -2.397128e+000 -4.438791e+001  2.000000e+002
      vertex -3.172299e+001 -4.855566e+001  2.000000e+002
    endloop
  endfacet
  facet normal  -0.000000e+000  0.000000e+000 -1.000000e+000
    outer loop
      vertex -6.119326e+000 -2.681052e+001  2.000000e+002
      vertex  1.937324e-014 -2.750000e+001  2.000000e+002
      vertex -1.179829e-001 -3.500139e+001  2.000000e+002
    endloop
  endfacet
  facet normal  -0.000000e+000  0.000000e+000 -1.000000e+000
    outer loop
      vertex -6.119326e+000 -2.681052e+001  2.000000e+002
      vertex -1.179829e-001 -3.500139e+001  2.000000e+002
      vertex -2.601480e+000 -3.573007e+001  2.000000e+002
    endloop
  endfacet
  facet normal  -0.000000e+000  0.000000e+000 -1.000000e+000
    outer loop
      vertex -6.119326e+000 -2.681052e+001  2.000000e+002
      vertex -2.601480e+000 -3.573007e+001  2.000000e+002
      vertex -4.387913e+000 -3.760287e+001  2.000000e+002
    endloop
  endfacet
  facet normal  -0.000000e+000  0.000000e+000 -1.000000e+000
    outer loop
      vertex -6.119326e+000 -2.681052e+001  2.000000e+002
      vertex -4.387913e+000 -3.760287e+001  2.000000e+002
      vertex -4.998608e+000 -4.011798e+001  2.000000e+002
    endloop
  endfacet
  facet normal  0.000000e+000  -0.000000e+000 -1.000000e+000
    outer loop
      vertex -3.928233e+001  4.267199e+001  2.000000e+002
      vertex -3.172299e+001  4.855566e+001  2.000000e+002
      vertex -1.179829e-001  4.499861e+001  2.000000e+002
    endloop
  endfacet
  facet normal  0.000000e+000  0.000000e+000 -1.000000e+000
    outer loop
      vertex -3.928233e+001  4.267199e+001  2.000000e+002
      vertex -1.179829e-001  4.499861e+001  2.000000e+002
      vertex -2.601480e+000  4.426993e+001  2.000000e+002
    endloop
  endfacet
  facet normal  0.000000e+000  0.000000e+000 -1.000000e+000
    outer loop
      vertex -3.928233e+001  4.267199e+001  2.000000e+002
      vertex -2.601480e+000  4.426993e+001  2.000000e+002
      vertex -4.387913e+000  4.239713e+001  2.000000e+002
    endloop
  endfacet
  facet normal  -0.000000e+000  0.000000e+000 -1.000000e+000
    outer loop
      vertex -3.928233e+001  4.267199e+001  2.000000e+002
      vertex -4.387913e+000  4.239713e+001  2.000000e+002
      vertex -4.998608e+000  3.988202e+001  2.000000e+002
    endloop
  endfacet
  facet normal  -0.000000e+000  -0.000000e+000 -1.000000e+000
    outer loop
      vertex -3.928233e+001  4.267199e+001  2.000000e+002
      vertex -4.998608e+000  3.988202e+001  2.000000e+002
      vertex -4.269930e+000  3.739852e+001  2.000000e+002
    endloop
  endfacet
  facet normal  -0.000000e+000  0.000000e+000 -1.000000e+000
    outer loop
      vertex -3.928233e+001  4.267199e+001  2.000000e+002
      vertex -4.269930e+000  3.739852e+001  2.000000e+002
      vertex -1.714597e+001  2.150037e+001  2.000000e+002
    endloop
  endfacet
  facet normal  -0.000000e+000  0.000000e+000 -1.000000e+000
    outer loop
      vertex -3.928233e+001  4.267199e+001  2.000000e+002
      vertex -1.714597e+001  2.150037e+001  2.000000e+002
      vertex -2.150037e+001  1.714597e+001  2.000000e+002
    endloop
  endfacet
  facet normal  -0.000000e+000  0.000000e+000 -9.999999e-001
    outer loop
      vertex -3.928233e+001  4.267199e+001  2.000000e+002
      vertex -2.150037e+001  1.714597e+001  2.000000e+002
      vertex -2.477664e+001  1.193180e+001  2.000000e+002
    endloop
  endfacet
  facet normal  -0.000000e+000  0.000000e+000 -1.000000e+000
    outer loop
      vertex -3.928233e+001  4.267199e+001  2.000000e+002
      vertex -2.477664e+001  1.193180e+001  2.000000e+002
      vertex -2.681052e+001  6.119326e+000  2.000000e+002
    endloop
  endfacet
  facet normal  -0.000000e+000  0.000000e+000 -1.000000e+000
    outer loop
      vertex -3.928233e+001  4.267199e+001  2.000000e+002
      vertex -2.681052e+001  6.119326e+000  2.000000e+002
      vertex -3.760287e+001  4.387913e+000  2.000000e+002
    endloop
  endfacet
  facet normal  0.000000e+000  -0.000000e+000 -1.000000e+000
    outer loop
      vertex -5.800000e+001  1.261314e-006  2.000000e+002
      vertex -5.720895e+001  9.546488e+000  2.000000e+002
      vertex -4.011798e+001  4.998608e+000  2.000000e+002
    endloop
  endfacet
  facet normal  0.000000e+000  0.000000e+000 -1.000000e+000
    outer loop
      vertex -5.800000e+001  1.261314e-006  2.000000e+002
      vertex -4.011798e+001  4.998608e+000  2.000000e+002
      vertex -4.260148e+001  4.269930e+000  2.000000e+002
    endloop
  endfacet
  facet normal  0.000000e+000  0.000000e+000 -9.999999e-001
    outer loop
      vertex -5.800000e+001  1.261314e-006  2.000000e+002
      vertex -4.260148e+001  4.269930e+000  2.000000e+002
      vertex -4.438791e+001  2.397128e+000  2.000000e+002
    endloop
  endfacet
  facet normal  0.000000e+000  0.000000e+000 -1.000000e+000
    outer loop
      vertex -5.800000e+001  1.261314e-006  2.000000e+002
      vertex -4.438791e+001  2.397128e+000  2.000000e+002
      vertex -4.499861e+001 -1.179829e-001  2.000000e+002
    endloop
  endfacet
  facet normal  0.000000e+000  0.000000e+000 -1.000000e+000
    outer loop
      vertex -5.720895e+001 -9.546486e+000  2.000000e+002
      vertex -5.800000e+001  1.261314e-006  2.000000e+002
      vertex -4.499861e+001 -1.179829e-001  2.000000e+002
    endloop
  endfacet
  facet normal  0.000000e+000  -0.000000e+000 -9.999999e-001
    outer loop
      vertex -5.720895e+001 -9.546486e+000  2.000000e+002
      vertex -4.499861e+001 -1.179829e-001  2.000000e+002
      vertex -4.426993e+001 -2.601480e+000  2.000000e+002
    endloop
  endfacet
  facet normal  0.000000e+000  -0.000000e+000 -1.000000e+000
    outer loop
      vertex -5.720895e+001 -9.546486e+000  2.000000e+002
      vertex -4.426993e+001 -2.601480e+000  2.000000e+002
      vertex -4.239713e+001 -4.387913e+000  2.000000e+002
    endloop
  endfacet
  facet normal  0.000000e+000  0.000000e+000 -1.000000e+000
    outer loop
      vertex -5.720895e+001 -9.546486e+000  2.000000e+002
      vertex -4.239713e+001 -4.387913e+000  2.000000e+002
      vertex -4.577015e+001 -3.562434e+001  2.000000e+002
    endloop
  endfacet
  facet normal  0.000000e+000  0.000000e+000 -1.000000e+000
    outer loop
      vertex -5.720895e+001 -9.546486e+000  2.000000e+002
      vertex -4.577015e+001 -3.562434e+001  2.000000e+002
      vertex -5.100948e+001 -2.760495e+001  2.000000e+002
    endloop
  endfacet
  facet normal  0.000000e+000  0.000000e+000 -1.000000e+000
    outer loop
      vertex -5.720895e+001 -9.546486e+000  2.000000e+002
      vertex -5.100948e+001 -2.760495e+001  2.000000e+002
      vertex -5.485740e+001 -1.883257e+001  2.000000e+002
    endloop
  endfacet
  facet normal  0.000000e+000  -0.000000e+000 -1.000000e+000
    outer loop
      vertex  2.681052e+001 -6.119326e+000  2.000000e+002
      vertex  2.750000e+001  0.000000e+000  2.000000e+002
      vertex  3.500139e+001 -1.179829e-001  2.000000e+002
    endloop
  endfacet
  facet normal  0.000000e+000  -0.000000e+000 -1.000000e+000
    outer loop
      vertex  2.681052e+001 -6.119326e+000  2.000000e+002
      vertex  3.500139e+001 -1.179829e-001  2.000000e+002
      vertex  3.573007e+001 -2.601480e+000  2.000000e+002
    endloop
  endfacet
  facet normal  0.000000e+000  -0.000000e+000 -1.000000e+000
    outer loop
      vertex  2.681052e+001 -6.119326e+000  2.000000e+002
      vertex  3.573007e+001 -2.601480e+000  2.000000e+002
      vertex  3.760287e+001 -4.387913e+000  2.000000e+002
    endloop
  endfacet
  facet normal  0.000000e+000  0.000000e+000 -1.000000e+000
    outer loop
      vertex  2.681052e+001 -6.119326e+000  2.000000e+002
      vertex  3.760287e+001 -4.387913e+000  2.000000e+002
      vertex  2.477664e+001 -1.193180e+001  2.000000e+002
    endloop
  endfacet
  facet normal  0.000000e+000  0.000000e+000 -1.000000e+000
    outer loop
      vertex -2.329833e+001 -5.311485e+001  2.000000e+002
      vertex -3.172299e+001 -4.855566e+001  2.000000e+002
      vertex -1.423816e+001 -5.622522e+001  2.000000e+002
    endloop
  endfacet
  facet normal  0.000000e+000  0.000000e+000 -1.000000e+000
    outer loop
      vertex -1.423816e+001 -5.622522e+001  2.000000e+002
      vertex -3.172299e+001 -4.855566e+001  2.000000e+002
      vertex -2.397128e+000 -4.438791e+001  2.000000e+002
    endloop
  endfacet
  facet normal  0.000000e+000  0.000000e+000 -1.000000e+000
    outer loop
      vertex -1.423816e+001 -5.622522e+001  2.000000e+002
      vertex -2.397128e+000 -4.438791e+001  2.000000e+002
      vertex -4.789602e+000 -5.780190e+001  2.000000e+002
    endloop
  endfacet
  facet normal  0.000000e+000  0.000000e+000 -1.000000e+000
    outer loop
      vertex -4.789602e+000 -5.780190e+001  2.000000e+002
      vertex -2.397128e+000 -4.438791e+001  2.000000e+002
      vertex  1.179829e-001 -4.499861e+001  2.000000e+002
    endloop
  endfacet
  facet normal  0.000000e+000  -0.000000e+000 -1.000000e+000
    outer loop
      vertex -4.789602e+000 -5.780190e+001  2.000000e+002
      vertex  1.179829e-001 -4.499861e+001  2.000000e+002
      vertex  4.789602e+000 -5.780190e+001  2.000000e+002
    endloop
  endfacet
  facet normal  0.000000e+000  0.000000e+000 -9.999999e-001
    outer loop
      vertex  4.998608e+000 -3.988202e+001  2.000000e+002
      vertex  4.269930e+000 -3.739852e+001  2.000000e+002
      vertex  6.119326e+000 -2.681052e+001  2.000000e+002
    endloop
  endfacet
  facet normal  0.000000e+000  0.000000e+000 -1.000000e+000
    outer loop
      vertex  6.119326e+000 -2.681052e+001  2.000000e+002
      vertex  4.269930e+000 -3.739852e+001  2.000000e+002
      vertex  2.397128e+000 -3.561209e+001  2.000000e+002
    endloop
  endfacet
  facet normal  0.000000e+000  0.000000e+000 -1.000000e+000
    outer loop
      vertex  6.119326e+000 -2.681052e+001  2.000000e+002
      vertex  2.397128e+000 -3.561209e+001  2.000000e+002
      vertex  1.937324e-014 -2.750000e+001  2.000000e+002
    endloop
  endfacet
  facet normal  0.000000e+000  0.000000e+000 -1.000000e+000
    outer loop
      vertex  4.577015e+001 -3.562434e+001  2.000000e+002
      vertex  3.928233e+001 -4.267199e+001  2.000000e+002
      vertex  4.011798e+001 -4.998608e+000  2.000000e+002
    endloop
  endfacet
  facet normal  -0.000000e+000  0.000000e+000 -1.000000e+000
    outer loop
      vertex  4.011798e+001 -4.998608e+000  2.000000e+002
      vertex  3.928233e+001 -4.267199e+001  2.000000e+002
      vertex  3.760287e+001 -4.387913e+000  2.000000e+002
    endloop
  endfacet
  facet normal  0.000000e+000  0.000000e+000 -1.000000e+000
    outer loop
      vertex  3.928233e+001 -4.267199e+001  2.000000e+002
      vertex  4.387913e+000 -4.239713e+001  2.000000e+002
      vertex  3.760287e+001 -4.387913e+000  2.000000e+002
    endloop
  endfacet
  facet normal  0.000000e+000  0.000000e+000 -1.000000e+000
    outer loop
      vertex  3.760287e+001 -4.387913e+000  2.000000e+002
      vertex  4.387913e+000 -4.239713e+001  2.000000e+002
      vertex  2.150037e+001 -1.714597e+001  2.000000e+002
    endloop
  endfacet
  facet normal  0.000000e+000  0.000000e+000 -1.000000e+000
    outer loop
      vertex  5.100948e+001  2.760495e+001  2.000000e+002
      vertex  4.239713e+001  4.387913e+000  2.000000e+002
      vertex  4.577015e+001  3.562434e+001  2.000000e+002
    endloop
  endfacet
  facet normal  0.000000e+000  0.000000e+000 -1.000000e+000
    outer loop
      vertex  4.577015e+001  3.562434e+001  2.000000e+002
      vertex  4.239713e+001  4.387913e+000  2.000000e+002
      vertex  3.988202e+001  4.998608e+000  2.000000e+002
    endloop
  endfacet
  facet normal  0.000000e+000  0.000000e+000 -1.000000e+000
    outer loop
      vertex  4.577015e+001  3.562434e+001  2.000000e+002
      vertex  3.988202e+001  4.998608e+000  2.000000e+002
      vertex  3.928233e+001  4.267199e+001  2.000000e+002
    endloop
  endfacet
  facet normal  0.000000e+000  -0.000000e+000 -1.000000e+000
    outer loop
      vertex  3.928233e+001  4.267199e+001  2.000000e+002
      vertex  3.988202e+001  4.998608e+000  2.000000e+002
      vertex  2.477664e+001  1.193180e+001  2.000000e+002
    endloop
  endfacet
  facet normal  0.000000e+000  0.000000e+000 -1.000000e+000
    outer loop
      vertex  3.928233e+001  4.267199e+001  2.000000e+002
      vertex  2.477664e+001  1.193180e+001  2.000000e+002
      vertex  2.150037e+001  1.714597e+001  2.000000e+002
    endloop
  endfacet
  facet normal  0.000000e+000  0.000000e+000 -1.000000e+000
    outer loop
      vertex  4.499861e+001  1.179829e-001  2.000000e+002
      vertex  4.426993e+001  2.601480e+000  2.000000e+002
      vertex  5.800000e+001 -2.042429e-014  2.000000e+002
    endloop
  endfacet
  facet normal  0.000000e+000  0.000000e+000 -1.000000e+000
    outer loop
      vertex  5.800000e+001 -2.042429e-014  2.000000e+002
      vertex  4.426993e+001  2.601480e+000  2.000000e+002
      vertex  4.239713e+001  4.387913e+000  2.000000e+002
    endloop
  endfacet
  facet normal  0.000000e+000  0.000000e+000 -1.000000e+000
    outer loop
      vertex  5.800000e+001 -2.042429e-014  2.000000e+002
      vertex  4.239713e+001  4.387913e+000  2.000000e+002
      vertex  5.720895e+001  9.546486e+000  2.000000e+002
    endloop
  endfacet
  facet normal  -0.000000e+000  0.000000e+000 -1.000000e+000
    outer loop
      vertex  5.720895e+001  9.546486e+000  2.000000e+002
      vertex  4.239713e+001  4.387913e+000  2.000000e+002
      vertex  5.100948e+001  2.760495e+001  2.000000e+002
    endloop
  endfacet
  facet normal  0.000000e+000  0.000000e+000 -9.999999e-001
    outer loop
      vertex  5.720895e+001  9.546486e+000  2.000000e+002
      vertex  5.100948e+001  2.760495e+001  2.000000e+002
      vertex  5.485740e+001  1.883257e+001  2.000000e+002
    endloop
  endfacet
  facet normal  0.000000e+000  0.000000e+000 -1.000000e+000
    outer loop
      vertex -3.760287e+001  4.387913e+000  2.000000e+002
      vertex -4.011798e+001  4.998608e+000  2.000000e+002
      vertex -3.928233e+001  4.267199e+001  2.000000e+002
    endloop
  endfacet
  facet normal  0.000000e+000  0.000000e+000 -1.000000e+000
    outer loop
      vertex -3.928233e+001  4.267199e+001  2.000000e+002
      vertex -4.011798e+001  4.998608e+000  2.000000e+002
      vertex -4.577015e+001  3.562434e+001  2.000000e+002
    endloop
  endfacet
  facet normal  0.000000e+000  0.000000e+000 -9.999999e-001
    outer loop
      vertex -4.011798e+001  4.998608e+000  2.000000e+002
      vertex -5.485740e+001  1.883257e+001  2.000000e+002
      vertex -4.577015e+001  3.562434e+001  2.000000e+002
    endloop
  endfacet
  facet normal  0.000000e+000  0.000000e+000 -1.000000e+000
    outer loop
      vertex -4.577015e+001  3.562434e+001  2.000000e+002
      vertex -5.485740e+001  1.883257e+001  2.000000e+002
      vertex -5.100948e+001  2.760495e+001  2.000000e+002
    endloop
  endfacet
  facet normal  0.000000e+000  0.000000e+000 -1.000000e+000
    outer loop
      vertex -4.789601e+000  5.780190e+001  2.000000e+002
      vertex -1.179829e-001  4.499861e+001  2.000000e+002
      vertex -1.423816e+001  5.622522e+001  2.000000e+002
    endloop
  endfacet
  facet normal  0.000000e+000  -0.000000e+000 -1.000000e+000
    outer loop
      vertex -1.423816e+001  5.622522e+001  2.000000e+002
      vertex -1.179829e-001  4.499861e+001  2.000000e+002
      vertex -3.172299e+001  4.855566e+001  2.000000e+002
    endloop
  endfacet
  facet normal  0.000000e+000  0.000000e+000 -1.000000e+000
    outer loop
      vertex -1.423816e+001  5.622522e+001  2.000000e+002
      vertex -3.172299e+001  4.855566e+001  2.000000e+002
      vertex -2.329833e+001  5.311485e+001  2.000000e+002
    endloop
  endfacet
  facet normal  0.000000e+000  0.000000e+000 -1.000000e+000
    outer loop
      vertex -3.500139e+001  1.179829e-001  2.000000e+002
      vertex -3.573007e+001  2.601480e+000  2.000000e+002
      vertex -2.750000e+001  3.367779e-015  2.000000e+002
    endloop
  endfacet
  facet normal  0.000000e+000  0.000000e+000 -1.000000e+000
    outer loop
      vertex -2.750000e+001  3.367779e-015  2.000000e+002
      vertex -3.573007e+001  2.601480e+000  2.000000e+002
      vertex -3.760287e+001  4.387913e+000  2.000000e+002
    endloop
  endfacet
  facet normal  0.000000e+000  0.000000e+000 -1.000000e+000
    outer loop
      vertex -2.750000e+001  3.367779e-015  2.000000e+002
      vertex -3.760287e+001  4.387913e+000  2.000000e+002
      vertex -2.681052e+001  6.119326e+000  2.000000e+002
    endloop
  endfacet
  facet normal  0.000000e+000  -0.000000e+000 -1.000000e+000
    outer loop
      vertex -3.739852e+001 -4.269930e+000  2.000000e+002
      vertex -3.561209e+001 -2.397128e+000  2.000000e+002
      vertex -2.681052e+001 -6.119326e+000  2.000000e+002
    endloop
  endfacet
  facet normal  0.000000e+000  0.000000e+000 -1.000000e+000
    outer loop
      vertex -2.681052e+001 -6.119326e+000  2.000000e+002
      vertex -3.561209e+001 -2.397128e+000  2.000000e+002
      vertex -3.500139e+001  1.179829e-001  2.000000e+002
    endloop
  endfacet
  facet normal  0.000000e+000  0.000000e+000 -9.999999e-001
    outer loop
      vertex -2.681052e+001 -6.119326e+000  2.000000e+002
      vertex -3.500139e+001  1.179829e-001  2.000000e+002
      vertex -2.750000e+001  3.367779e-015  2.000000e+002
    endloop
  endfacet
  facet normal  0.000000e+000  0.000000e+000 -9.999999e-001
    outer loop
      vertex  3.988202e+001  4.998608e+000  2.000000e+002
      vertex  3.739852e+001  4.269930e+000  2.000000e+002
      vertex  2.681052e+001  6.119326e+000  2.000000e+002
    endloop
  endfacet
  facet normal  0.000000e+000  0.000000e+000 -1.000000e+000
    outer loop
      vertex  2.681052e+001  6.119326e+000  2.000000e+002
      vertex  3.739852e+001  4.269930e+000  2.000000e+002
      vertex  3.561209e+001  2.397128e+000  2.000000e+002
    endloop
  endfacet
  facet normal  -0.000000e+000  0.000000e+000 -1.000000e+000
    outer loop
      vertex  2.681052e+001  6.119326e+000  2.000000e+002
      vertex  3.561209e+001  2.397128e+000  2.000000e+002
      vertex  2.750000e+001  0.000000e+000  2.000000e+002
    endloop
  endfacet
  facet normal  0.000000e+000  -0.000000e+000 -1.000000e+000
    outer loop
      vertex  2.601480e+000 -4.426993e+001  2.000000e+002
      vertex  4.387913e+000 -4.239713e+001  2.000000e+002
      vertex  3.172299e+001 -4.855566e+001  2.000000e+002
    endloop
  endfacet
  facet normal  0.000000e+000  0.000000e+000 -1.000000e+000
    outer loop
      vertex  3.172299e+001 -4.855566e+001  2.000000e+002
      vertex  4.387913e+000 -4.239713e+001  2.000000e+002
      vertex  3.928233e+001 -4.267199e+001  2.000000e+002
    endloop
  endfacet
  facet normal  0.000000e+000  -0.000000e+000 -1.000000e+000
    outer loop
      vertex  4.260148e+001 -4.269930e+000  2.000000e+002
      vertex  4.438791e+001 -2.397128e+000  2.000000e+002
      vertex  5.720895e+001 -9.546486e+000  2.000000e+002
    endloop
  endfacet
  facet normal  0.000000e+000  0.000000e+000 -1.000000e+000
    outer loop
      vertex  5.720895e+001 -9.546486e+000  2.000000e+002
      vertex  4.438791e+001 -2.397128e+000  2.000000e+002
      vertex  4.499861e+001  1.179829e-001  2.000000e+002
    endloop
  endfacet
  facet normal  0.000000e+000  0.000000e+000 -1.000000e+000
    outer loop
      vertex  5.720895e+001 -9.546486e+000  2.000000e+002
      vertex  4.499861e+001  1.179829e-001  2.000000e+002
      vertex  5.800000e+001 -2.042429e-014  2.000000e+002
    endloop
  endfacet
  facet normal -7.060143e-001 -5.556463e-002 -7.060143e-001
    outer loop
      vertex -5.800000e+001  1.261314e-006  2.000000e+002
      vertex -5.926130e+001 -9.386068e+000  2.020000e+002
      vertex -6.000000e+001  3.399323e-014  2.020000e+002
    endloop
  endfacet
  facet normal -6.990614e-001 -5.792600e-002 -7.127115e-001
    outer loop
      vertex -5.800000e+001  1.261314e-006  2.000000e+002
      vertex -5.720895e+001 -9.546486e+000  2.000000e+002
      vertex -5.926130e+001 -9.386068e+000  2.020000e+002
    endloop
  endfacet
  facet normal  6.990614e-001 -5.792601e-002 -7.127115e-001
    outer loop
      vertex  5.800000e+001 -2.042429e-014  2.000000e+002
      vertex  5.926130e+001 -9.386068e+000  2.020000e+002
      vertex  5.720895e+001 -9.546486e+000  2.000000e+002
    endloop
  endfacet
  facet normal  7.060143e-001 -5.556463e-002 -7.060143e-001
    outer loop
      vertex  5.800000e+001 -2.042429e-014  2.000000e+002
      vertex  6.000000e+001 -6.798647e-014  2.020000e+002
      vertex  5.926130e+001 -9.386068e+000  2.020000e+002
    endloop
  endfacet
  facet normal -6.947933e-001 -1.668049e-001 -6.995987e-001
    outer loop
      vertex -5.720895e+001 -9.546486e+000  2.000000e+002
      vertex -5.706339e+001 -1.854102e+001  2.020000e+002
      vertex -5.926130e+001 -9.386068e+000  2.020000e+002
    endloop
  endfacet
  facet normal -6.653934e-001 -2.756151e-001 -6.937491e-001
    outer loop
      vertex -5.485740e+001 -1.883257e+001  2.000000e+002
      vertex -5.346039e+001 -2.723943e+001  2.020000e+002
      vertex -5.706339e+001 -1.854102e+001  2.020000e+002
    endloop
  endfacet
  facet normal -6.740991e-001 -1.707050e-001 -7.186447e-001
    outer loop
      vertex -5.485740e+001 -1.883257e+001  2.000000e+002
      vertex -5.706339e+001 -1.854102e+001  2.020000e+002
      vertex -5.720895e+001 -9.546486e+000  2.000000e+002
    endloop
  endfacet
  facet normal -6.183540e-001 -3.789278e-001 -6.885144e-001
    outer loop
      vertex -5.100948e+001 -2.760495e+001  2.000000e+002
      vertex -4.854102e+001 -3.526712e+001  2.020000e+002
      vertex -5.346039e+001 -2.723943e+001  2.020000e+002
    endloop
  endfacet
  facet normal -6.319374e-001 -2.771935e-001 -7.237532e-001
    outer loop
      vertex -5.100948e+001 -2.760495e+001  2.000000e+002
      vertex -5.346039e+001 -2.723943e+001  2.020000e+002
      vertex -5.485740e+001 -1.883257e+001  2.000000e+002
    endloop
  endfacet
  facet normal -5.547457e-001 -4.737977e-001 -6.839393e-001
    outer loop
      vertex -4.577015e+001 -3.562434e+001  2.000000e+002
      vertex -4.242641e+001 -4.242641e+001  2.020000e+002
      vertex -4.854102e+001 -3.526712e+001  2.020000e+002
    endloop
  endfacet
  facet normal -5.738648e-001 -3.749245e-001 -7.280872e-001
    outer loop
      vertex -4.577015e+001 -3.562434e+001  2.000000e+002
      vertex -4.854102e+001 -3.526712e+001  2.020000e+002
      vertex -5.100948e+001 -2.760495e+001  2.000000e+002
    endloop
  endfacet
  facet normal -4.761449e-001 -5.574939e-001 -6.800638e-001
    outer loop
      vertex -3.928233e+001 -4.267199e+001  2.000000e+002
      vertex -3.526712e+001 -4.854102e+001  2.020000e+002
      vertex -4.242641e+001 -4.242641e+001  2.020000e+002
    endloop
  endfacet
  facet normal -5.014986e-001 -4.616621e-001 -7.316880e-001
    outer loop
      vertex -3.928233e+001 -4.267199e+001  2.000000e+002
      vertex -4.242641e+001 -4.242641e+001  2.020000e+002
      vertex -4.577015e+001 -3.562434e+001  2.000000e+002
    endloop
  endfacet
  facet normal -3.845881e-001 -6.275908e-001 -6.769208e-001
    outer loop
      vertex -3.172299e+001 -4.855566e+001  2.000000e+002
      vertex -2.723943e+001 -5.346039e+001  2.020000e+002
      vertex -3.526712e+001 -4.854102e+001  2.020000e+002
    endloop
  endfacet
  facet normal -4.167508e-001 -5.354412e-001 -7.345894e-001
    outer loop
      vertex -3.172299e+001 -4.855566e+001  2.000000e+002
      vertex -3.526712e+001 -4.854102e+001  2.020000e+002
      vertex -3.928233e+001 -4.267199e+001  2.000000e+002
    endloop
  endfacet
  facet normal -2.825118e-001 -6.820437e-001 -6.745394e-001
    outer loop
      vertex -2.329833e+001 -5.311485e+001  2.000000e+002
      vertex -1.854102e+001 -5.706339e+001  2.020000e+002
      vertex -2.723943e+001 -5.346039e+001  2.020000e+002
    endloop
  endfacet
  facet normal -3.217834e-001 -5.946037e-001 -7.368189e-001
    outer loop
      vertex -2.329833e+001 -5.311485e+001  2.000000e+002
      vertex -2.723943e+001 -5.346039e+001  2.020000e+002
      vertex -3.172299e+001 -4.855566e+001  2.000000e+002
    endloop
  endfacet
  facet normal -1.726787e-001 -7.192596e-001 -6.729395e-001
    outer loop
      vertex -1.423816e+001 -5.622522e+001  2.000000e+002
      vertex -9.386068e+000 -5.926130e+001  2.020000e+002
      vertex -1.854102e+001 -5.706339e+001  2.020000e+002
    endloop
  endfacet
  facet normal -2.189664e-001 -6.378273e-001 -7.383971e-001
    outer loop
      vertex -1.423816e+001 -5.622522e+001  2.000000e+002
      vertex -1.854102e+001 -5.706339e+001  2.020000e+002
      vertex -2.329833e+001 -5.311485e+001  2.000000e+002
    endloop
  endfacet
  facet normal -5.809335e-002 -7.381448e-001 -6.721364e-001
    outer loop
      vertex -4.789602e+000 -5.780190e+001  2.000000e+002
      vertex -6.431253e-014 -6.000000e+001  2.020000e+002
      vertex -9.386068e+000 -5.926130e+001  2.020000e+002
    endloop
  endfacet
  facet normal -1.108271e-001 -6.641513e-001 -7.393377e-001
    outer loop
      vertex -4.789602e+000 -5.780190e+001  2.000000e+002
      vertex -9.386068e+000 -5.926130e+001  2.020000e+002
      vertex -1.423816e+001 -5.622522e+001  2.000000e+002
    endloop
  endfacet
  facet normal  5.809336e-002 -7.381449e-001 -6.721364e-001
    outer loop
      vertex  4.789602e+000 -5.780190e+001  2.000000e+002
      vertex  9.386068e+000 -5.926130e+001  2.020000e+002
      vertex -6.431253e-014 -6.000000e+001  2.020000e+002
    endloop
  endfacet
  facet normal  0.000000e+000 -6.729907e-001 -7.396508e-001
    outer loop
      vertex  4.789602e+000 -5.780190e+001  2.000000e+002
      vertex -6.431253e-014 -6.000000e+001  2.020000e+002
      vertex -4.789602e+000 -5.780190e+001  2.000000e+002
    endloop
  endfacet
  facet normal  1.726787e-001 -7.192595e-001 -6.729396e-001
    outer loop
      vertex  1.423816e+001 -5.622522e+001  2.000000e+002
      vertex  1.854102e+001 -5.706339e+001  2.020000e+002
      vertex  9.386068e+000 -5.926130e+001  2.020000e+002
    endloop
  endfacet
  facet normal  1.108271e-001 -6.641513e-001 -7.393377e-001
    outer loop
      vertex  1.423816e+001 -5.622522e+001  2.000000e+002
      vertex  9.386068e+000 -5.926130e+001  2.020000e+002
      vertex  4.789602e+000 -5.780190e+001  2.000000e+002
    endloop
  endfacet
  facet normal  2.825118e-001 -6.820437e-001 -6.745394e-001
    outer loop
      vertex  2.329833e+001 -5.311485e+001  2.000000e+002
      vertex  2.723943e+001 -5.346039e+001  2.020000e+002
      vertex  1.854102e+001 -5.706339e+001  2.020000e+002
    endloop
  endfacet
  facet normal  2.189664e-001 -6.378273e-001 -7.383971e-001
    outer loop
      vertex  2.329833e+001 -5.311485e+001  2.000000e+002
      vertex  1.854102e+001 -5.706339e+001  2.020000e+002
      vertex  1.423816e+001 -5.622522e+001  2.000000e+002
    endloop
  endfacet
  facet normal  3.845881e-001 -6.275908e-001 -6.769208e-001
    outer loop
      vertex  3.172299e+001 -4.855566e+001  2.000000e+002
      vertex  3.526712e+001 -4.854102e+001  2.020000e+002
      vertex  2.723943e+001 -5.346039e+001  2.020000e+002
    endloop
  endfacet
  facet normal  3.217834e-001 -5.946037e-001 -7.368189e-001
    outer loop
      vertex  3.172299e+001 -4.855566e+001  2.000000e+002
      vertex  2.723943e+001 -5.346039e+001  2.020000e+002
      vertex  2.329833e+001 -5.311485e+001  2.000000e+002
    endloop
  endfacet
  facet normal  4.761448e-001 -5.574939e-001 -6.800638e-001
    outer loop
      vertex  3.928233e+001 -4.267199e+001  2.000000e+002
      vertex  4.242641e+001 -4.242641e+001  2.020000e+002
      vertex  3.526712e+001 -4.854102e+001  2.020000e+002
    endloop
  endfacet
  facet normal  4.167508e-001 -5.354412e-001 -7.345894e-001
    outer loop
      vertex  3.928233e+001 -4.267199e+001  2.000000e+002
      vertex  3.526712e+001 -4.854102e+001  2.020000e+002
      vertex  3.172299e+001 -4.855566e+001  2.000000e+002
    endloop
  endfacet
  facet normal  5.547457e-001 -4.737977e-001 -6.839393e-001
    outer loop
      vertex  4.577015e+001 -3.562434e+001  2.000000e+002
      vertex  4.854102e+001 -3.526712e+001  2.020000e+002
      vertex  4.242641e+001 -4.242641e+001  2.020000e+002
    endloop
  endfacet
  facet normal  5.014986e-001 -4.616621e-001 -7.316880e-001
    outer loop
      vertex  4.577015e+001 -3.562434e+001  2.000000e+002
      vertex  4.242641e+001 -4.242641e+001  2.020000e+002
      vertex  3.928233e+001 -4.267199e+001  2.000000e+002
    endloop
  endfacet
  facet normal  6.183540e-001 -3.789278e-001 -6.885144e-001
    outer loop
      vertex  5.100948e+001 -2.760495e+001  2.000000e+002
      vertex  5.346039e+001 -2.723943e+001  2.020000e+002
      vertex  4.854102e+001 -3.526712e+001  2.020000e+002
    endloop
  endfacet
  facet normal  5.738648e-001 -3.749245e-001 -7.280872e-001
    outer loop
      vertex  5.100948e+001 -2.760495e+001  2.000000e+002
      vertex  4.854102e+001 -3.526712e+001  2.020000e+002
      vertex  4.577015e+001 -3.562434e+001  2.000000e+002
    endloop
  endfacet
  facet normal  6.653934e-001 -2.756151e-001 -6.937491e-001
    outer loop
      vertex  5.485740e+001 -1.883257e+001  2.000000e+002
      vertex  5.706339e+001 -1.854102e+001  2.020000e+002
      vertex  5.346039e+001 -2.723943e+001  2.020000e+002
    endloop
  endfacet
  facet normal  6.319374e-001 -2.771935e-001 -7.237532e-001
    outer loop
      vertex  5.485740e+001 -1.883257e+001  2.000000e+002
      vertex  5.346039e+001 -2.723943e+001  2.020000e+002
      vertex  5.100948e+001 -2.760495e+001  2.000000e+002
    endloop
  endfacet
  facet normal  6.947933e-001 -1.668049e-001 -6.995987e-001
    outer loop
      vertex  5.720895e+001 -9.546486e+000  2.000000e+002
      vertex  5.926130e+001 -9.386068e+000  2.020000e+002
      vertex  5.706339e+001 -1.854102e+001  2.020000e+002
    endloop
  endfacet
  facet normal  6.740991e-001 -1.707050e-001 -7.186447e-001
    outer loop
      vertex  5.720895e+001 -9.546486e+000  2.000000e+002
      vertex  5.706339e+001 -1.854102e+001  2.020000e+002
      vertex  5.485740e+001 -1.883257e+001  2.000000e+002
    endloop
  endfacet
  facet normal  7.060143e-001  5.556463e-002 -7.060143e-001
    outer loop
      vertex  5.800000e+001 -2.042429e-014  2.000000e+002
      vertex  5.926130e+001  9.386068e+000  2.020000e+002
      vertex  6.000000e+001 -6.798647e-014  2.020000e+002
    endloop
  endfacet
  facet normal  6.990614e-001  5.792601e-002 -7.127115e-001
    outer loop
      vertex  5.800000e+001 -2.042429e-014  2.000000e+002
      vertex  5.720895e+001  9.546486e+000  2.000000e+002
      vertex  5.926130e+001  9.386068e+000  2.020000e+002
    endloop
  endfacet
  facet normal -6.990615e-001  5.792601e-002 -7.127115e-001
    outer loop
      vertex -5.800000e+001  1.261314e-006  2.000000e+002
      vertex -5.926130e+001  9.386068e+000  2.020000e+002
      vertex -5.720895e+001  9.546488e+000  2.000000e+002
    endloop
  endfacet
  facet normal -7.060143e-001  5.556463e-002 -7.060143e-001
    outer loop
      vertex -5.800000e+001  1.261314e-006  2.000000e+002
      vertex -6.000000e+001  3.399323e-014  2.020000e+002
      vertex -5.926130e+001  9.386068e+000  2.020000e+002
    endloop
  endfacet
  facet normal  6.947933e-001  1.668049e-001 -6.995987e-001
    outer loop
      vertex  5.720895e+001  9.546486e+000  2.000000e+002
      vertex  5.706339e+001  1.854102e+001  2.020000e+002
      vertex  5.926130e+001  9.386068e+000  2.020000e+002
    endloop
  endfacet
  facet normal  6.653934e-001  2.756151e-001 -6.937491e-001
    outer loop
      vertex  5.485740e+001  1.883257e+001  2.000000e+002
      vertex  5.346039e+001  2.723943e+001  2.020000e+002
      vertex  5.706339e+001  1.854102e+001  2.020000e+002
    endloop
  endfacet
  facet normal  6.740991e-001  1.707050e-001 -7.186447e-001
    outer loop
      vertex  5.485740e+001  1.883257e+001  2.000000e+002
      vertex  5.706339e+001  1.854102e+001  2.020000e+002
      vertex  5.720895e+001  9.546486e+000  2.000000e+002
    endloop
  endfacet
  facet normal  6.183545e-001  3.789281e-001 -6.885138e-001
    outer loop
      vertex  5.100948e+001  2.760495e+001  2.000000e+002
      vertex  4.854102e+001  3.526712e+001  2.020000e+002
      vertex  5.346039e+001  2.723943e+001  2.020000e+002
    endloop
  endfacet
  facet normal  6.319380e-001  2.771935e-001 -7.237527e-001
    outer loop
      vertex  5.100948e+001  2.760495e+001  2.000000e+002
      vertex  5.346039e+001  2.723943e+001  2.020000e+002
      vertex  5.485740e+001  1.883257e+001  2.000000e+002
    endloop
  endfacet
  facet normal  5.547457e-001  4.737977e-001 -6.839393e-001
    outer loop
      vertex  4.577015e+001  3.562434e+001  2.000000e+002
      vertex  4.242641e+001  4.242641e+001  2.020000e+002
      vertex  4.854102e+001  3.526712e+001  2.020000e+002
    endloop
  endfacet
  facet normal  5.738647e-001  3.749247e-001 -7.280871e-001
    outer loop
      vertex  4.577015e+001  3.562434e+001  2.000000e+002
      vertex  4.854102e+001  3.526712e+001  2.020000e+002
      vertex  5.100948e+001  2.760495e+001  2.000000e+002
    endloop
  endfacet
  facet normal  4.761449e-001  5.574939e-001 -6.800638e-001
    outer loop
      vertex  3.928233e+001  4.267199e+001  2.000000e+002
      vertex  3.526712e+001  4.854102e+001  2.020000e+002
      vertex  4.242641e+001  4.242641e+001  2.020000e+002
    endloop
  endfacet
  facet normal  5.014986e-001  4.616621e-001 -7.316880e-001
    outer loop
      vertex  3.928233e+001  4.267199e+001  2.000000e+002
      vertex  4.242641e+001  4.242641e+001  2.020000e+002
      vertex  4.577015e+001  3.562434e+001  2.000000e+002
    endloop
  endfacet
  facet normal  3.845881e-001  6.275908e-001 -6.769208e-001
    outer loop
      vertex  3.172299e+001  4.855566e+001  2.000000e+002
      vertex  2.723943e+001  5.346039e+001  2.020000e+002
      vertex  3.526712e+001  4.854102e+001  2.020000e+002
    endloop
  endfacet
  facet normal  4.167508e-001  5.354412e-001 -7.345894e-001
    outer loop
      vertex  3.172299e+001  4.855566e+001  2.000000e+002
      vertex  3.526712e+001  4.854102e+001  2.020000e+002
      vertex  3.928233e+001  4.267199e+001  2.000000e+002
    endloop
  endfacet
  facet normal  2.825118e-001  6.820437e-001 -6.745394e-001
    outer loop
      vertex  2.329833e+001  5.311485e+001  2.000000e+002
      vertex  1.854102e+001  5.706339e+001  2.020000e+002
      vertex  2.723943e+001  5.346039e+001  2.020000e+002
    endloop
  endfacet
  facet normal  3.217834e-001  5.946037e-001 -7.368189e-001
    outer loop
      vertex  2.329833e+001  5.311485e+001  2.000000e+002
      vertex  2.723943e+001  5.346039e+001  2.020000e+002
      vertex  3.172299e+001  4.855566e+001  2.000000e+002
    endloop
  endfacet
  facet normal  1.726787e-001  7.192596e-001 -6.729395e-001
    outer loop
      vertex  1.423816e+001  5.622522e+001  2.000000e+002
      vertex  9.386068e+000  5.926130e+001  2.020000e+002
      vertex  1.854102e+001  5.706339e+001  2.020000e+002
    endloop
  endfacet
  facet normal  2.189665e-001  6.378273e-001 -7.383970e-001
    outer loop
      vertex  1.423816e+001  5.622522e+001  2.000000e+002
      vertex  1.854102e+001  5.706339e+001  2.020000e+002
      vertex  2.329833e+001  5.311485e+001  2.000000e+002
    endloop
  endfacet
  facet normal  5.809336e-002  7.381449e-001 -6.721364e-001
    outer loop
      vertex  4.789603e+000  5.780190e+001  2.000000e+002
      vertex  1.699662e-014  6.000000e+001  2.020000e+002
      vertex  9.386068e+000  5.926130e+001  2.020000e+002
    endloop
  endfacet
  facet normal  1.108271e-001  6.641513e-001 -7.393377e-001
    outer loop
      vertex  4.789603e+000  5.780190e+001  2.000000e+002
      vertex  9.386068e+000  5.926130e+001  2.020000e+002
      vertex  1.423816e+001  5.622522e+001  2.000000e+002
    endloop
  endfacet
  facet normal -5.809336e-002  7.381449e-001 -6.721364e-001
    outer loop
      vertex -4.789601e+000  5.780190e+001  2.000000e+002
      vertex -9.386068e+000  5.926130e+001  2.020000e+002
      vertex  1.699662e-014  6.000000e+001  2.020000e+002
    endloop
  endfacet
  facet normal  0.000000e+000  6.729909e-001 -7.396508e-001
    outer loop
      vertex -4.789601e+000  5.780190e+001  2.000000e+002
      vertex  1.699662e-014  6.000000e+001  2.020000e+002
      vertex  4.789603e+000  5.780190e+001  2.000000e+002
    endloop
  endfacet
  facet normal -1.726787e-001  7.192595e-001 -6.729397e-001
    outer loop
      vertex -1.423816e+001  5.622522e+001  2.000000e+002
      vertex -1.854102e+001  5.706339e+001  2.020000e+002
      vertex -9.386068e+000  5.926130e+001  2.020000e+002
    endloop
  endfacet
  facet normal -1.108271e-001  6.641513e-001 -7.393377e-001
    outer loop
      vertex -1.423816e+001  5.622522e+001  2.000000e+002
      vertex -9.386068e+000  5.926130e+001  2.020000e+002
      vertex -4.789601e+000  5.780190e+001  2.000000e+002
    endloop
  endfacet
  facet normal -2.825118e-001  6.820437e-001 -6.745394e-001
    outer loop
      vertex -2.329833e+001  5.311485e+001  2.000000e+002
      vertex -2.723943e+001  5.346039e+001  2.020000e+002
      vertex -1.854102e+001  5.706339e+001  2.020000e+002
    endloop
  endfacet
  facet normal -2.189664e-001  6.378272e-001 -7.383971e-001
    outer loop
      vertex -2.329833e+001  5.311485e+001  2.000000e+002
      vertex -1.854102e+001  5.706339e+001  2.020000e+002
      vertex -1.423816e+001  5.622522e+001  2.000000e+002
    endloop
  endfacet
  facet normal -3.845880e-001  6.275907e-001 -6.769210e-001
    outer loop
      vertex -3.172299e+001  4.855566e+001  2.000000e+002
      vertex -3.526712e+001  4.854102e+001  2.020000e+002
      vertex -2.723943e+001  5.346039e+001  2.020000e+002
    endloop
  endfacet
  facet normal -3.217834e-001  5.946036e-001 -7.368189e-001
    outer loop
      vertex -3.172299e+001  4.855566e+001  2.000000e+002
      vertex -2.723943e+001  5.346039e+001  2.020000e+002
      vertex -2.329833e+001  5.311485e+001  2.000000e+002
    endloop
  endfacet
  facet normal -4.761448e-001  5.574939e-001 -6.800638e-001
    outer loop
      vertex -3.928233e+001  4.267199e+001  2.000000e+002
      vertex -4.242641e+001  4.242641e+001  2.020000e+002
      vertex -3.526712e+001  4.854102e+001  2.020000e+002
    endloop
  endfacet
  facet normal -4.167507e-001  5.354411e-001 -7.345895e-001
    outer loop
      vertex -3.928233e+001  4.267199e+001  2.000000e+002
      vertex -3.526712e+001  4.854102e+001  2.020000e+002
      vertex -3.172299e+001  4.855566e+001  2.000000e+002
    endloop
  endfacet
  facet normal -5.547457e-001  4.737977e-001 -6.839393e-001
    outer loop
      vertex -4.577015e+001  3.562434e+001  2.000000e+002
      vertex -4.854102e+001  3.526712e+001  2.020000e+002
      vertex -4.242641e+001  4.242641e+001  2.020000e+002
    endloop
  endfacet
  facet normal -5.014986e-001  4.616621e-001 -7.316880e-001
    outer loop
      vertex -4.577015e+001  3.562434e+001  2.000000e+002
      vertex -4.242641e+001  4.242641e+001  2.020000e+002
      vertex -3.928233e+001  4.267199e+001  2.000000e+002
    endloop
  endfacet
  facet normal -6.183541e-001  3.789279e-001 -6.885142e-001
    outer loop
      vertex -5.100948e+001  2.760495e+001  2.000000e+002
      vertex -5.346039e+001  2.723943e+001  2.020000e+002
      vertex -4.854102e+001  3.526712e+001  2.020000e+002
    endloop
  endfacet
  facet normal -5.738648e-001  3.749245e-001 -7.280872e-001
    outer loop
      vertex -5.100948e+001  2.760495e+001  2.000000e+002
      vertex -4.854102e+001  3.526712e+001  2.020000e+002
      vertex -4.577015e+001  3.562434e+001  2.000000e+002
    endloop
  endfacet
  facet normal -6.653936e-001  2.756152e-001 -6.937490e-001
    outer loop
      vertex -5.485740e+001  1.883257e+001  2.000000e+002
      vertex -5.706339e+001  1.854102e+001  2.020000e+002
      vertex -5.346039e+001  2.723943e+001  2.020000e+002
    endloop
  endfacet
  facet normal -6.319376e-001  2.771936e-001 -7.237530e-001
    outer loop
      vertex -5.485740e+001  1.883257e+001  2.000000e+002
      vertex -5.346039e+001  2.723943e+001  2.020000e+002
      vertex -5.100948e+001  2.760495e+001  2.000000e+002
    endloop
  endfacet
  facet normal -6.947934e-001  1.668049e-001 -6.995986e-001
    outer loop
      vertex -5.720895e+001  9.546488e+000  2.000000e+002
      vertex -5.926130e+001  9.386068e+000  2.020000e+002
      vertex -5.706339e+001  1.854102e+001  2.020000e+002
    endloop
  endfacet
  facet normal -6.740992e-001  1.707051e-001 -7.186446e-001
    outer loop
      vertex -5.720895e+001  9.546488e+000  2.000000e+002
      vertex -5.706339e+001  1.854102e+001  2.020000e+002
      vertex -5.485740e+001  1.883257e+001  2.000000e+002
    endloop
  endfacet
  facet normal  0.000000e+000  0.000000e+000  1.000000e+000
    outer loop
      vertex  4.998608e+000 -3.988202e+001  2.080000e+002
      vertex  1.472194e+001 -9.461214e+000  2.080000e+002
      vertex  1.146006e+001 -1.322562e+001  2.080000e+002
    endloop
  endfacet
  facet normal  -0.000000e+000  0.000000e+000  1.000000e+000
    outer loop
      vertex  3.928233e+001  4.267199e+001  2.080000e+002
      vertex  4.269930e+000  4.260148e+001  2.080000e+002
      vertex  4.998608e+000  4.011798e+001  2.080000e+002
    endloop
  endfacet
  facet normal  0.000000e+000  0.000000e+000  1.000000e+000
    outer loop
      vertex -4.577015e+001 -3.562434e+001  2.080000e+002
      vertex -3.988202e+001 -4.998608e+000  2.080000e+002
      vertex -4.239713e+001 -4.387913e+000  2.080000e+002
    endloop
  endfacet
  facet normal  0.000000e+000  -0.000000e+000  1.000000e+000
    outer loop
      vertex -7.269763e+000 -1.591856e+001  2.080000e+002
      vertex -4.998608e+000 -4.011798e+001  2.080000e+002
      vertex -4.387913e+000 -3.760287e+001  2.080000e+002
    endloop
  endfacet
  facet normal  0.000000e+000  0.000000e+000  1.000000e+000
    outer loop
      vertex -4.011798e+001  4.998608e+000  2.080000e+002
      vertex -5.485740e+001  1.883257e+001  2.080000e+002
      vertex -5.720896e+001  9.546485e+000  2.080000e+002
    endloop
  endfacet
  facet normal  0.000000e+000  0.000000e+000  1.000000e+000
    outer loop
      vertex -3.739852e+001 -4.269930e+000  2.080000e+002
      vertex -3.988202e+001 -4.998608e+000  2.080000e+002
      vertex -1.679113e+001 -4.930320e+000  2.080000e+002
    endloop
  endfacet
  facet normal  -0.000000e+000  0.000000e+000  1.000000e+000
    outer loop
      vertex -1.679113e+001 -4.930320e+000  2.080000e+002
      vertex -3.988202e+001 -4.998608e+000  2.080000e+002
      vertex -1.472194e+001 -9.461214e+000  2.080000e+002
    endloop
  endfacet
  facet normal  0.000000e+000  0.000000e+000  1.000000e+000
    outer loop
      vertex  1.679113e+001  4.930320e+000  2.080000e+002
      vertex  3.988202e+001  4.998608e+000  2.080000e+002
      vertex  1.472194e+001  9.461214e+000  2.080000e+002
    endloop
  endfacet
  facet normal  0.000000e+000  0.000000e+000  1.000000e+000
    outer loop
      vertex  3.988202e+001  4.998608e+000  2.080000e+002
      vertex  1.146006e+001  1.322562e+001  2.080000e+002
      vertex  1.472194e+001  9.461214e+000  2.080000e+002
    endloop
  endfacet
  facet normal  0.000000e+000  -0.000000e+000  1.000000e+000
    outer loop
      vertex  2.397128e+000  4.438791e+001  2.080000e+002
      vertex  4.269930e+000  4.260148e+001  2.080000e+002
      vertex  3.928233e+001  4.267199e+001  2.080000e+002
    endloop
  endfacet
  facet normal  0.000000e+000  0.000000e+000  9.999999e-001
    outer loop
      vertex  2.397128e+000  4.438791e+001  2.080000e+002
      vertex  3.928233e+001  4.267199e+001  2.080000e+002
      vertex  3.172299e+001  4.855566e+001  2.080000e+002
    endloop
  endfacet
  facet normal  0.000000e+000  0.000000e+000  1.000000e+000
    outer loop
      vertex  2.397128e+000  4.438791e+001  2.080000e+002
      vertex  3.172299e+001  4.855566e+001  2.080000e+002
      vertex  2.329833e+001  5.311485e+001  2.080000e+002
    endloop
  endfacet
  facet normal  0.000000e+000  0.000000e+000  1.000000e+000
    outer loop
      vertex  2.397128e+000  4.438791e+001  2.080000e+002
      vertex  2.329833e+001  5.311485e+001  2.080000e+002
      vertex  1.423816e+001  5.622522e+001  2.080000e+002
    endloop
  endfacet
  facet normal  0.000000e+000  0.000000e+000  1.000000e+000
    outer loop
      vertex  2.397128e+000  4.438791e+001  2.080000e+002
      vertex  1.423816e+001  5.622522e+001  2.080000e+002
      vertex  4.789601e+000  5.780190e+001  2.080000e+002
    endloop
  endfacet
  facet normal  0.000000e+000  0.000000e+000  1.000000e+000
    outer loop
      vertex  2.397128e+000  4.438791e+001  2.080000e+002
      vertex  4.789601e+000  5.780190e+001  2.080000e+002
      vertex -4.789603e+000  5.780190e+001  2.080000e+002
    endloop
  endfacet
  facet normal  0.000000e+000  0.000000e+000  1.000000e+000
    outer loop
      vertex  2.397128e+000  4.438791e+001  2.080000e+002
      vertex -4.789603e+000  5.780190e+001  2.080000e+002
      vertex -1.179829e-001  4.499861e+001  2.080000e+002
    endloop
  endfacet
  facet normal  0.000000e+000  0.000000e+000  1.000000e+000
    outer loop
      vertex -2.397128e+000  3.561209e+001  2.080000e+002
      vertex -4.269930e+000  3.739852e+001  2.080000e+002
      vertex -7.269763e+000  1.591856e+001  2.080000e+002
    endloop
  endfacet
  facet normal  0.000000e+000  0.000000e+000  1.000000e+000
    outer loop
      vertex -2.397128e+000  3.561209e+001  2.080000e+002
      vertex -7.269763e+000  1.591856e+001  2.080000e+002
      vertex -2.490510e+000  1.732187e+001  2.080000e+002
    endloop
  endfacet
  facet normal  0.000000e+000  0.000000e+000  9.999999e-001
    outer loop
      vertex -2.397128e+000  3.561209e+001  2.080000e+002
      vertex -2.490510e+000  1.732187e+001  2.080000e+002
      vertex  2.490510e+000  1.732187e+001  2.080000e+002
    endloop
  endfacet
  facet normal  0.000000e+000  0.000000e+000  1.000000e+000
    outer loop
      vertex -2.397128e+000  3.561209e+001  2.080000e+002
      vertex  2.490510e+000  1.732187e+001  2.080000e+002
      vertex  1.179829e-001  3.500139e+001  2.080000e+002
    endloop
  endfacet
  facet normal  0.000000e+000  0.000000e+000  1.000000e+000
    outer loop
      vertex  2.397128e+000 -3.561209e+001  2.080000e+002
      vertex  4.269930e+000 -3.739852e+001  2.080000e+002
      vertex  2.490510e+000 -1.732187e+001  2.080000e+002
    endloop
  endfacet
  facet normal  0.000000e+000  0.000000e+000  9.999999e-001
    outer loop
      vertex  2.397128e+000 -3.561209e+001  2.080000e+002
      vertex  2.490510e+000 -1.732187e+001  2.080000e+002
      vertex -2.490510e+000 -1.732187e+001  2.080000e+002
    endloop
  endfacet
  facet normal  0.000000e+000  0.000000e+000  1.000000e+000
    outer loop
      vertex  2.397128e+000 -3.561209e+001  2.080000e+002
      vertex -2.490510e+000 -1.732187e+001  2.080000e+002
      vertex -1.179829e-001 -3.500139e+001  2.080000e+002
    endloop
  endfacet
  facet normal  0.000000e+000  -0.000000e+000  1.000000e+000
    outer loop
      vertex  1.750000e+001  0.000000e+000  2.080000e+002
      vertex  3.500139e+001 -1.179829e-001  2.080000e+002
      vertex  3.561209e+001  2.397128e+000  2.080000e+002
    endloop
  endfacet
  facet normal  0.000000e+000  -0.000000e+000  1.000000e+000
    outer loop
      vertex  1.750000e+001  0.000000e+000  2.080000e+002
      vertex  3.561209e+001  2.397128e+000  2.080000e+002
      vertex  3.739852e+001  4.269930e+000  2.080000e+002
    endloop
  endfacet
  facet normal  0.000000e+000  -0.000000e+000  1.000000e+000
    outer loop
      vertex  1.750000e+001  0.000000e+000  2.080000e+002
      vertex  3.739852e+001  4.269930e+000  2.080000e+002
      vertex  3.988202e+001  4.998608e+000  2.080000e+002
    endloop
  endfacet
  facet normal  0.000000e+000  0.000000e+000  1.000000e+000
    outer loop
      vertex  1.750000e+001  0.000000e+000  2.080000e+002
      vertex  3.988202e+001  4.998608e+000  2.080000e+002
      vertex  1.679113e+001  4.930320e+000  2.080000e+002
    endloop
  endfacet
  facet normal  0.000000e+000  -0.000000e+000  1.000000e+000
    outer loop
      vertex  1.179829e-001 -4.499861e+001  2.080000e+002
      vertex  4.789602e+000 -5.780190e+001  2.080000e+002
      vertex  1.423816e+001 -5.622522e+001  2.080000e+002
    endloop
  endfacet
  facet normal  0.000000e+000  -0.000000e+000  9.999999e-001
    outer loop
      vertex  1.179829e-001 -4.499861e+001  2.080000e+002
      vertex  1.423816e+001 -5.622522e+001  2.080000e+002
      vertex  2.329833e+001 -5.311485e+001  2.080000e+002
    endloop
  endfacet
  facet normal  0.000000e+000  -0.000000e+000  1.000000e+000
    outer loop
      vertex  1.179829e-001 -4.499861e+001  2.080000e+002
      vertex  2.329833e+001 -5.311485e+001  2.080000e+002
      vertex  3.172299e+001 -4.855566e+001  2.080000e+002
    endloop
  endfacet
  facet normal  0.000000e+000  0.000000e+000  9.999999e-001
    outer loop
      vertex  1.179829e-001 -4.499861e+001  2.080000e+002
      vertex  3.172299e+001 -4.855566e+001  2.080000e+002
      vertex  2.601480e+000 -4.426993e+001  2.080000e+002
    endloop
  endfacet
  facet normal  0.000000e+000  -0.000000e+000  1.000000e+000
    outer loop
      vertex  4.011798e+001 -4.998608e+000  2.080000e+002
      vertex  4.577015e+001 -3.562434e+001  2.080000e+002
      vertex  5.100948e+001 -2.760495e+001  2.080000e+002
    endloop
  endfacet
  facet normal  0.000000e+000  -0.000000e+000  1.000000e+000
    outer loop
      vertex  4.011798e+001 -4.998608e+000  2.080000e+002
      vertex  5.100948e+001 -2.760495e+001  2.080000e+002
      vertex  5.485740e+001 -1.883257e+001  2.080000e+002
    endloop
  endfacet
  facet normal  0.000000e+000  -0.000000e+000  1.000000e+000
    outer loop
      vertex  4.011798e+001 -4.998608e+000  2.080000e+002
      vertex  5.485740e+001 -1.883257e+001  2.080000e+002
      vertex  5.720895e+001 -9.546486e+000  2.080000e+002
    endloop
  endfacet
  facet normal  0.000000e+000  0.000000e+000  1.000000e+000
    outer loop
      vertex  4.011798e+001 -4.998608e+000  2.080000e+002
      vertex  5.720895e+001 -9.546486e+000  2.080000e+002
      vertex  4.260148e+001 -4.269930e+000  2.080000e+002
    endloop
  endfacet
  facet normal  -0.000000e+000  -0.000000e+000  1.000000e+000
    outer loop
      vertex  7.269763e+000  1.591856e+001  2.080000e+002
      vertex  1.146006e+001  1.322562e+001  2.080000e+002
      vertex  3.988202e+001  4.998608e+000  2.080000e+002
    endloop
  endfacet
  facet normal  0.000000e+000  0.000000e+000  1.000000e+000
    outer loop
      vertex  7.269763e+000  1.591856e+001  2.080000e+002
      vertex  3.988202e+001  4.998608e+000  2.080000e+002
      vertex  3.928233e+001  4.267199e+001  2.080000e+002
    endloop
  endfacet
  facet normal  0.000000e+000  0.000000e+000  1.000000e+000
    outer loop
      vertex  7.269763e+000  1.591856e+001  2.080000e+002
      vertex  3.928233e+001  4.267199e+001  2.080000e+002
      vertex  4.998608e+000  4.011798e+001  2.080000e+002
    endloop
  endfacet
  facet normal  0.000000e+000  0.000000e+000  1.000000e+000
    outer loop
      vertex  7.269763e+000  1.591856e+001  2.080000e+002
      vertex  4.998608e+000  4.011798e+001  2.080000e+002
      vertex  4.387913e+000  3.760287e+001  2.080000e+002
    endloop
  endfacet
  facet normal  0.000000e+000  0.000000e+000  1.000000e+000
    outer loop
      vertex  7.269763e+000  1.591856e+001  2.080000e+002
      vertex  4.387913e+000  3.760287e+001  2.080000e+002
      vertex  2.601480e+000  3.573007e+001  2.080000e+002
    endloop
  endfacet
  facet normal  0.000000e+000  0.000000e+000  1.000000e+000
    outer loop
      vertex  7.269763e+000  1.591856e+001  2.080000e+002
      vertex  2.601480e+000  3.573007e+001  2.080000e+002
      vertex  1.179829e-001  3.500139e+001  2.080000e+002
    endloop
  endfacet
  facet normal  0.000000e+000  0.000000e+000  1.000000e+000
    outer loop
      vertex  7.269763e+000  1.591856e+001  2.080000e+002
      vertex  1.179829e-001  3.500139e+001  2.080000e+002
      vertex  2.490510e+000  1.732187e+001  2.080000e+002
    endloop
  endfacet
  facet normal  0.000000e+000  -0.000000e+000  1.000000e+000
    outer loop
      vertex -3.928233e+001 -4.267199e+001  2.080000e+002
      vertex -3.172299e+001 -4.855566e+001  2.080000e+002
      vertex -2.397128e+000 -4.438791e+001  2.080000e+002
    endloop
  endfacet
  facet normal  0.000000e+000  0.000000e+000  1.000000e+000
    outer loop
      vertex -3.928233e+001 -4.267199e+001  2.080000e+002
      vertex -2.397128e+000 -4.438791e+001  2.080000e+002
      vertex -4.269930e+000 -4.260148e+001  2.080000e+002
    endloop
  endfacet
  facet normal  0.000000e+000  0.000000e+000  1.000000e+000
    outer loop
      vertex -3.928233e+001 -4.267199e+001  2.080000e+002
      vertex -4.269930e+000 -4.260148e+001  2.080000e+002
      vertex -4.998608e+000 -4.011798e+001  2.080000e+002
    endloop
  endfacet
  facet normal  0.000000e+000  0.000000e+000  1.000000e+000
    outer loop
      vertex -3.928233e+001 -4.267199e+001  2.080000e+002
      vertex -4.998608e+000 -4.011798e+001  2.080000e+002
      vertex -7.269763e+000 -1.591856e+001  2.080000e+002
    endloop
  endfacet
  facet normal  0.000000e+000  0.000000e+000  9.999999e-001
    outer loop
      vertex -3.928233e+001 -4.267199e+001  2.080000e+002
      vertex -7.269763e+000 -1.591856e+001  2.080000e+002
      vertex -1.146006e+001 -1.322562e+001  2.080000e+002
    endloop
  endfacet
  facet normal  0.000000e+000  0.000000e+000  1.000000e+000
    outer loop
      vertex -3.928233e+001 -4.267199e+001  2.080000e+002
      vertex -1.146006e+001 -1.322562e+001  2.080000e+002
      vertex -1.472194e+001 -9.461214e+000  2.080000e+002
    endloop
  endfacet
  facet normal  0.000000e+000  0.000000e+000  1.000000e+000
    outer loop
      vertex -3.928233e+001 -4.267199e+001  2.080000e+002
      vertex -1.472194e+001 -9.461214e+000  2.080000e+002
      vertex -3.988202e+001 -4.998608e+000  2.080000e+002
    endloop
  endfacet
  facet normal  0.000000e+000  0.000000e+000  1.000000e+000
    outer loop
      vertex -3.928233e+001 -4.267199e+001  2.080000e+002
      vertex -3.988202e+001 -4.998608e+000  2.080000e+002
      vertex -4.577015e+001 -3.562434e+001  2.080000e+002
    endloop
  endfacet
  facet normal  0.000000e+000  -0.000000e+000  1.000000e+000
    outer loop
      vertex -3.928233e+001  4.267199e+001  2.080000e+002
      vertex -3.760287e+001  4.387913e+000  2.080000e+002
      vertex -1.679113e+001  4.930320e+000  2.080000e+002
    endloop
  endfacet
  facet normal  0.000000e+000  -0.000000e+000  1.000000e+000
    outer loop
      vertex -3.928233e+001  4.267199e+001  2.080000e+002
      vertex -1.679113e+001  4.930320e+000  2.080000e+002
      vertex -1.472194e+001  9.461214e+000  2.080000e+002
    endloop
  endfacet
  facet normal  0.000000e+000  -0.000000e+000  9.999999e-001
    outer loop
      vertex -3.928233e+001  4.267199e+001  2.080000e+002
      vertex -1.472194e+001  9.461214e+000  2.080000e+002
      vertex -1.146006e+001  1.322562e+001  2.080000e+002
    endloop
  endfacet
  facet normal  0.000000e+000  -0.000000e+000  1.000000e+000
    outer loop
      vertex -3.928233e+001  4.267199e+001  2.080000e+002
      vertex -1.146006e+001  1.322562e+001  2.080000e+002
      vertex -7.269763e+000  1.591856e+001  2.080000e+002
    endloop
  endfacet
  facet normal  0.000000e+000  -0.000000e+000  1.000000e+000
    outer loop
      vertex -3.928233e+001  4.267199e+001  2.080000e+002
      vertex -7.269763e+000  1.591856e+001  2.080000e+002
      vertex -4.269930e+000  3.739852e+001  2.080000e+002
    endloop
  endfacet
  facet normal  0.000000e+000  0.000000e+000  1.000000e+000
    outer loop
      vertex -3.928233e+001  4.267199e+001  2.080000e+002
      vertex -4.269930e+000  3.739852e+001  2.080000e+002
      vertex -4.998608e+000  3.988202e+001  2.080000e+002
    endloop
  endfacet
  facet normal  0.000000e+000  -0.000000e+000  1.000000e+000
    outer loop
      vertex -3.928233e+001  4.267199e+001  2.080000e+002
      vertex -4.998608e+000  3.988202e+001  2.080000e+002
      vertex -4.387913e+000  4.239713e+001  2.080000e+002
    endloop
  endfacet
  facet normal  0.000000e+000  -0.000000e+000  1.000000e+000
    outer loop
      vertex -3.928233e+001  4.267199e+001  2.080000e+002
      vertex -4.387913e+000  4.239713e+001  2.080000e+002
      vertex -2.601480e+000  4.426993e+001  2.080000e+002
    endloop
  endfacet
  facet normal  0.000000e+000  -0.000000e+000  1.000000e+000
    outer loop
      vertex -3.928233e+001  4.267199e+001  2.080000e+002
      vertex -2.601480e+000  4.426993e+001  2.080000e+002
      vertex -1.179829e-001  4.499861e+001  2.080000e+002
    endloop
  endfacet
  facet normal  0.000000e+000  0.000000e+000  1.000000e+000
    outer loop
      vertex -3.928233e+001  4.267199e+001  2.080000e+002
      vertex -1.179829e-001  4.499861e+001  2.080000e+002
      vertex -3.172299e+001  4.855566e+001  2.080000e+002
    endloop
  endfacet
  facet normal  0.000000e+000  -0.000000e+000  1.000000e+000
    outer loop
      vertex -5.800000e+001 -1.131263e-006  2.080000e+002
      vertex -4.499861e+001 -1.179829e-001  2.080000e+002
      vertex -4.438791e+001  2.397128e+000  2.080000e+002
    endloop
  endfacet
  facet normal  0.000000e+000  -0.000000e+000  1.000000e+000
    outer loop
      vertex -5.800000e+001 -1.131263e-006  2.080000e+002
      vertex -4.438791e+001  2.397128e+000  2.080000e+002
      vertex -4.260148e+001  4.269930e+000  2.080000e+002
    endloop
  endfacet
  facet normal  0.000000e+000  -0.000000e+000  9.999999e-001
    outer loop
      vertex -5.800000e+001 -1.131263e-006  2.080000e+002
      vertex -4.260148e+001  4.269930e+000  2.080000e+002
      vertex -4.011798e+001  4.998608e+000  2.080000e+002
    endloop
  endfacet
  facet normal  0.000000e+000  0.000000e+000  1.000000e+000
    outer loop
      vertex -5.800000e+001 -1.131263e-006  2.080000e+002
      vertex -4.011798e+001  4.998608e+000  2.080000e+002
      vertex -5.720896e+001  9.546485e+000  2.080000e+002
    endloop
  endfacet
  facet normal  -0.000000e+000  -0.000000e+000  9.999999e-001
    outer loop
      vertex -5.720895e+001 -9.546486e+000  2.080000e+002
      vertex -5.485740e+001 -1.883257e+001  2.080000e+002
      vertex -5.100948e+001 -2.760495e+001  2.080000e+002
    endloop
  endfacet
  facet normal  -0.000000e+000  -0.000000e+000  1.000000e+000
    outer loop
      vertex -5.720895e+001 -9.546486e+000  2.080000e+002
      vertex -5.100948e+001 -2.760495e+001  2.080000e+002
      vertex -4.577015e+001 -3.562434e+001  2.080000e+002
    endloop
  endfacet
  facet normal  0.000000e+000  -0.000000e+000  1.000000e+000
    outer loop
      vertex -5.720895e+001 -9.546486e+000  2.080000e+002
      vertex -4.577015e+001 -3.562434e+001  2.080000e+002
      vertex -4.239713e+001 -4.387913e+000  2.080000e+002
    endloop
  endfacet
  facet normal  0.000000e+000  0.000000e+000  1.000000e+000
    outer loop
      vertex -5.720895e+001 -9.546486e+000  2.080000e+002
      vertex -4.239713e+001 -4.387913e+000  2.080000e+002
      vertex -4.426993e+001 -2.601480e+000  2.080000e+002
    endloop
  endfacet
  facet normal  0.000000e+000  0.000000e+000  9.999999e-001
    outer loop
      vertex -5.720895e+001 -9.546486e+000  2.080000e+002
      vertex -4.426993e+001 -2.601480e+000  2.080000e+002
      vertex -4.499861e+001 -1.179829e-001  2.080000e+002
    endloop
  endfacet
  facet normal  0.000000e+000  0.000000e+000  9.999999e-001
    outer loop
      vertex -5.720895e+001 -9.546486e+000  2.080000e+002
      vertex -4.499861e+001 -1.179829e-001  2.080000e+002
      vertex -5.800000e+001 -1.131263e-006  2.080000e+002
    endloop
  endfacet
  facet normal  0.000000e+000  0.000000e+000  9.999999e-001
    outer loop
      vertex  1.679113e+001 -4.930320e+000  2.080000e+002
      vertex  1.472194e+001 -9.461214e+000  2.080000e+002
      vertex  3.760287e+001 -4.387913e+000  2.080000e+002
    endloop
  endfacet
  facet normal  0.000000e+000  0.000000e+000  1.000000e+000
    outer loop
      vertex  1.679113e+001 -4.930320e+000  2.080000e+002
      vertex  3.760287e+001 -4.387913e+000  2.080000e+002
      vertex  3.573007e+001 -2.601480e+000  2.080000e+002
    endloop
  endfacet
  facet normal  0.000000e+000  0.000000e+000  9.999999e-001
    outer loop
      vertex  1.679113e+001 -4.930320e+000  2.080000e+002
      vertex  3.573007e+001 -2.601480e+000  2.080000e+002
      vertex  3.500139e+001 -1.179829e-001  2.080000e+002
    endloop
  endfacet
  facet normal  0.000000e+000  0.000000e+000  1.000000e+000
    outer loop
      vertex  1.679113e+001 -4.930320e+000  2.080000e+002
      vertex  3.500139e+001 -1.179829e-001  2.080000e+002
      vertex  1.750000e+001  0.000000e+000  2.080000e+002
    endloop
  endfacet
  facet normal  0.000000e+000  0.000000e+000  1.000000e+000
    outer loop
      vertex  4.789602e+000 -5.780190e+001  2.080000e+002
      vertex  1.179829e-001 -4.499861e+001  2.080000e+002
      vertex -4.789602e+000 -5.780190e+001  2.080000e+002
    endloop
  endfacet
  facet normal  0.000000e+000  0.000000e+000  1.000000e+000
    outer loop
      vertex -4.789602e+000 -5.780190e+001  2.080000e+002
      vertex  1.179829e-001 -4.499861e+001  2.080000e+002
      vertex -2.397128e+000 -4.438791e+001  2.080000e+002
    endloop
  endfacet
  facet normal  0.000000e+000  0.000000e+000  1.000000e+000
    outer loop
      vertex -4.789602e+000 -5.780190e+001  2.080000e+002
      vertex -2.397128e+000 -4.438791e+001  2.080000e+002
      vertex -1.423816e+001 -5.622522e+001  2.080000e+002
    endloop
  endfacet
  facet normal  0.000000e+000  -0.000000e+000  1.000000e+000
    outer loop
      vertex -1.423816e+001 -5.622522e+001  2.080000e+002
      vertex -2.397128e+000 -4.438791e+001  2.080000e+002
      vertex -3.172299e+001 -4.855566e+001  2.080000e+002
    endloop
  endfacet
  facet normal  0.000000e+000  0.000000e+000  1.000000e+000
    outer loop
      vertex -1.423816e+001 -5.622522e+001  2.080000e+002
      vertex -3.172299e+001 -4.855566e+001  2.080000e+002
      vertex -2.329833e+001 -5.311485e+001  2.080000e+002
    endloop
  endfacet
  facet normal  0.000000e+000  -0.000000e+000  1.000000e+000
    outer loop
      vertex  2.490510e+000 -1.732187e+001  2.080000e+002
      vertex  4.269930e+000 -3.739852e+001  2.080000e+002
      vertex  7.269763e+000 -1.591856e+001  2.080000e+002
    endloop
  endfacet
  facet normal  0.000000e+000  0.000000e+000  1.000000e+000
    outer loop
      vertex  7.269763e+000 -1.591856e+001  2.080000e+002
      vertex  4.269930e+000 -3.739852e+001  2.080000e+002
      vertex  4.998608e+000 -3.988202e+001  2.080000e+002
    endloop
  endfacet
  facet normal  0.000000e+000  0.000000e+000  9.999999e-001
    outer loop
      vertex  7.269763e+000 -1.591856e+001  2.080000e+002
      vertex  4.998608e+000 -3.988202e+001  2.080000e+002
      vertex  1.146006e+001 -1.322562e+001  2.080000e+002
    endloop
  endfacet
  facet normal  0.000000e+000  0.000000e+000  1.000000e+000
    outer loop
      vertex  4.577015e+001 -3.562434e+001  2.080000e+002
      vertex  4.011798e+001 -4.998608e+000  2.080000e+002
      vertex  3.928233e+001 -4.267199e+001  2.080000e+002
    endloop
  endfacet
  facet normal  0.000000e+000  -0.000000e+000  1.000000e+000
    outer loop
      vertex  3.928233e+001 -4.267199e+001  2.080000e+002
      vertex  4.011798e+001 -4.998608e+000  2.080000e+002
      vertex  3.760287e+001 -4.387913e+000  2.080000e+002
    endloop
  endfacet
  facet normal  0.000000e+000  0.000000e+000  1.000000e+000
    outer loop
      vertex  3.928233e+001 -4.267199e+001  2.080000e+002
      vertex  3.760287e+001 -4.387913e+000  2.080000e+002
      vertex  4.387913e+000 -4.239713e+001  2.080000e+002
    endloop
  endfacet
  facet normal  0.000000e+000  0.000000e+000  1.000000e+000
    outer loop
      vertex  4.387913e+000 -4.239713e+001  2.080000e+002
      vertex  3.760287e+001 -4.387913e+000  2.080000e+002
      vertex  1.472194e+001 -9.461214e+000  2.080000e+002
    endloop
  endfacet
  facet normal  0.000000e+000  0.000000e+000  9.999999e-001
    outer loop
      vertex  4.387913e+000 -4.239713e+001  2.080000e+002
      vertex  1.472194e+001 -9.461214e+000  2.080000e+002
      vertex  4.998608e+000 -3.988202e+001  2.080000e+002
    endloop
  endfacet
  facet normal  0.000000e+000  -0.000000e+000  1.000000e+000
    outer loop
      vertex  3.928233e+001  4.267199e+001  2.080000e+002
      vertex  3.988202e+001  4.998608e+000  2.080000e+002
      vertex  4.577015e+001  3.562434e+001  2.080000e+002
    endloop
  endfacet
  facet normal  0.000000e+000  0.000000e+000  1.000000e+000
    outer loop
      vertex  4.577015e+001  3.562434e+001  2.080000e+002
      vertex  3.988202e+001  4.998608e+000  2.080000e+002
      vertex  4.239713e+001  4.387913e+000  2.080000e+002
    endloop
  endfacet
  facet normal  0.000000e+000  0.000000e+000  1.000000e+000
    outer loop
      vertex  4.577015e+001  3.562434e+001  2.080000e+002
      vertex  4.239713e+001  4.387913e+000  2.080000e+002
      vertex  5.100948e+001  2.760495e+001  2.080000e+002
    endloop
  endfacet
  facet normal  0.000000e+000  0.000000e+000  1.000000e+000
    outer loop
      vertex  5.485740e+001  1.883257e+001  2.080000e+002
      vertex  5.100948e+001  2.760495e+001  2.080000e+002
      vertex  5.720895e+001  9.546486e+000  2.080000e+002
    endloop
  endfacet
  facet normal  0.000000e+000  0.000000e+000  1.000000e+000
    outer loop
      vertex  5.720895e+001  9.546486e+000  2.080000e+002
      vertex  5.100948e+001  2.760495e+001  2.080000e+002
      vertex  4.239713e+001  4.387913e+000  2.080000e+002
    endloop
  endfacet
  facet normal  -0.000000e+000  0.000000e+000  1.000000e+000
    outer loop
      vertex  5.720895e+001  9.546486e+000  2.080000e+002
      vertex  4.239713e+001  4.387913e+000  2.080000e+002
      vertex  5.800000e+001 -1.026315e-014  2.080000e+002
    endloop
  endfacet
  facet normal  0.000000e+000  0.000000e+000  1.000000e+000
    outer loop
      vertex  5.800000e+001 -1.026315e-014  2.080000e+002
      vertex  4.239713e+001  4.387913e+000  2.080000e+002
      vertex  4.426993e+001  2.601480e+000  2.080000e+002
    endloop
  endfacet
  facet normal  0.000000e+000  0.000000e+000  1.000000e+000
    outer loop
      vertex  5.800000e+001 -1.026315e-014  2.080000e+002
      vertex  4.426993e+001  2.601480e+000  2.080000e+002
      vertex  4.499861e+001  1.179829e-001  2.080000e+002
    endloop
  endfacet
  facet normal  0.000000e+000  0.000000e+000  1.000000e+000
    outer loop
      vertex -1.179829e-001 -3.500139e+001  2.080000e+002
      vertex -2.490510e+000 -1.732187e+001  2.080000e+002
      vertex -2.601480e+000 -3.573007e+001  2.080000e+002
    endloop
  endfacet
  facet normal  0.000000e+000  -0.000000e+000  1.000000e+000
    outer loop
      vertex -2.601480e+000 -3.573007e+001  2.080000e+002
      vertex -2.490510e+000 -1.732187e+001  2.080000e+002
      vertex -7.269763e+000 -1.591856e+001  2.080000e+002
    endloop
  endfacet
  facet normal  0.000000e+000  0.000000e+000  1.000000e+000
    outer loop
      vertex -2.601480e+000 -3.573007e+001  2.080000e+002
      vertex -7.269763e+000 -1.591856e+001  2.080000e+002
      vertex -4.387913e+000 -3.760287e+001  2.080000e+002
    endloop
  endfacet
  facet normal  0.000000e+000  0.000000e+000  1.000000e+000
    outer loop
      vertex -3.760287e+001  4.387913e+000  2.080000e+002
      vertex -3.928233e+001  4.267199e+001  2.080000e+002
      vertex -4.011798e+001  4.998608e+000  2.080000e+002
    endloop
  endfacet
  facet normal  0.000000e+000  -0.000000e+000  1.000000e+000
    outer loop
      vertex -4.011798e+001  4.998608e+000  2.080000e+002
      vertex -3.928233e+001  4.267199e+001  2.080000e+002
      vertex -4.577015e+001  3.562434e+001  2.080000e+002
    endloop
  endfacet
  facet normal  0.000000e+000  0.000000e+000  9.999999e-001
    outer loop
      vertex -4.011798e+001  4.998608e+000  2.080000e+002
      vertex -4.577015e+001  3.562434e+001  2.080000e+002
      vertex -5.485740e+001  1.883257e+001  2.080000e+002
    endloop
  endfacet
  facet normal  0.000000e+000  0.000000e+000  1.000000e+000
    outer loop
      vertex -5.485740e+001  1.883257e+001  2.080000e+002
      vertex -4.577015e+001  3.562434e+001  2.080000e+002
      vertex -5.100948e+001  2.760495e+001  2.080000e+002
    endloop
  endfacet
  facet normal  0.000000e+000  0.000000e+000  1.000000e+000
    outer loop
      vertex -2.329834e+001  5.311485e+001  2.080000e+002
      vertex -3.172299e+001  4.855566e+001  2.080000e+002
      vertex -1.423816e+001  5.622522e+001  2.080000e+002
    endloop
  endfacet
  facet normal  0.000000e+000  0.000000e+000  1.000000e+000
    outer loop
      vertex -1.423816e+001  5.622522e+001  2.080000e+002
      vertex -3.172299e+001  4.855566e+001  2.080000e+002
      vertex -1.179829e-001  4.499861e+001  2.080000e+002
    endloop
  endfacet
  facet normal  0.000000e+000  0.000000e+000  1.000000e+000
    outer loop
      vertex -1.423816e+001  5.622522e+001  2.080000e+002
      vertex -1.179829e-001  4.499861e+001  2.080000e+002
      vertex -4.789603e+000  5.780190e+001  2.080000e+002
    endloop
  endfacet
  facet normal  -0.000000e+000  0.000000e+000  1.000000e+000
    outer loop
      vertex -1.679113e+001  4.930320e+000  2.080000e+002
      vertex -3.760287e+001  4.387913e+000  2.080000e+002
      vertex -1.750000e+001  2.143132e-015  2.080000e+002
    endloop
  endfacet
  facet normal  0.000000e+000  0.000000e+000  9.999999e-001
    outer loop
      vertex -1.750000e+001  2.143132e-015  2.080000e+002
      vertex -3.760287e+001  4.387913e+000  2.080000e+002
      vertex -3.573007e+001  2.601480e+000  2.080000e+002
    endloop
  endfacet
  facet normal  0.000000e+000  0.000000e+000  1.000000e+000
    outer loop
      vertex -1.750000e+001  2.143132e-015  2.080000e+002
      vertex -3.573007e+001  2.601480e+000  2.080000e+002
      vertex -3.500139e+001  1.179829e-001  2.080000e+002
    endloop
  endfacet
  facet normal  0.000000e+000  0.000000e+000  1.000000e+000
    outer loop
      vertex -1.750000e+001  2.143132e-015  2.080000e+002
      vertex -3.500139e+001  1.179829e-001  2.080000e+002
      vertex -1.679113e+001 -4.930320e+000  2.080000e+002
    endloop
  endfacet
  facet normal  0.000000e+000  0.000000e+000  1.000000e+000
    outer loop
      vertex -1.679113e+001 -4.930320e+000  2.080000e+002
      vertex -3.500139e+001  1.179829e-001  2.080000e+002
      vertex -3.561209e+001 -2.397128e+000  2.080000e+002
    endloop
  endfacet
  facet normal  0.000000e+000  0.000000e+000  9.999999e-001
    outer loop
      vertex -1.679113e+001 -4.930320e+000  2.080000e+002
      vertex -3.561209e+001 -2.397128e+000  2.080000e+002
      vertex -3.739852e+001 -4.269930e+000  2.080000e+002
    endloop
  endfacet
  facet normal  0.000000e+000  0.000000e+000  1.000000e+000
    outer loop
      vertex  2.601480e+000 -4.426993e+001  2.080000e+002
      vertex  3.172299e+001 -4.855566e+001  2.080000e+002
      vertex  4.387913e+000 -4.239713e+001  2.080000e+002
    endloop
  endfacet
  facet normal  0.000000e+000  0.000000e+000  1.000000e+000
    outer loop
      vertex  4.387913e+000 -4.239713e+001  2.080000e+002
      vertex  3.172299e+001 -4.855566e+001  2.080000e+002
      vertex  3.928233e+001 -4.267199e+001  2.080000e+002
    endloop
  endfacet
  facet normal  0.000000e+000  0.000000e+000  1.000000e+000
    outer loop
      vertex  5.800000e+001 -1.026315e-014  2.080000e+002
      vertex  4.499861e+001  1.179829e-001  2.080000e+002
      vertex  5.720895e+001 -9.546486e+000  2.080000e+002
    endloop
  endfacet
  facet normal  0.000000e+000  0.000000e+000  1.000000e+000
    outer loop
      vertex  5.720895e+001 -9.546486e+000  2.080000e+002
      vertex  4.499861e+001  1.179829e-001  2.080000e+002
      vertex  4.438791e+001 -2.397128e+000  2.080000e+002
    endloop
  endfacet
  facet normal  0.000000e+000  0.000000e+000  1.000000e+000
    outer loop
      vertex  5.720895e+001 -9.546486e+000  2.080000e+002
      vertex  4.438791e+001 -2.397128e+000  2.080000e+002
      vertex  4.260148e+001 -4.269930e+000  2.080000e+002
    endloop
  endfacet
  facet normal  6.990614e-001 -5.792601e-002  7.127115e-001
    outer loop
      vertex  5.720895e+001 -9.546486e+000  2.080000e+002
      vertex  5.926130e+001 -9.386068e+000  2.060000e+002
      vertex  5.800000e+001 -1.026315e-014  2.080000e+002
    endloop
  endfacet
  facet normal  7.060143e-001 -5.556463e-002  7.060143e-001
    outer loop
      vertex  5.926130e+001 -9.386068e+000  2.060000e+002
      vertex  6.000000e+001 -6.798647e-014  2.060000e+002
      vertex  5.800000e+001 -1.026315e-014  2.080000e+002
    endloop
  endfacet
  facet normal -7.060143e-001 -5.556463e-002  7.060143e-001
    outer loop
      vertex -6.000000e+001  3.399323e-014  2.060000e+002
      vertex -5.926130e+001 -9.386068e+000  2.060000e+002
      vertex -5.800000e+001 -1.131263e-006  2.080000e+002
    endloop
  endfacet
  facet normal -6.990614e-001 -5.792601e-002  7.127115e-001
    outer loop
      vertex -5.926130e+001 -9.386068e+000  2.060000e+002
      vertex -5.720895e+001 -9.546486e+000  2.080000e+002
      vertex -5.800000e+001 -1.131263e-006  2.080000e+002
    endloop
  endfacet
  facet normal -6.947933e-001 -1.668049e-001  6.995987e-001
    outer loop
      vertex -5.926130e+001 -9.386068e+000  2.060000e+002
      vertex -5.706339e+001 -1.854102e+001  2.060000e+002
      vertex -5.720895e+001 -9.546486e+000  2.080000e+002
    endloop
  endfacet
  facet normal -6.653934e-001 -2.756151e-001  6.937491e-001
    outer loop
      vertex -5.706339e+001 -1.854102e+001  2.060000e+002
      vertex -5.346039e+001 -2.723943e+001  2.060000e+002
      vertex -5.485740e+001 -1.883257e+001  2.080000e+002
    endloop
  endfacet
  facet normal -6.740991e-001 -1.707050e-001  7.186447e-001
    outer loop
      vertex -5.720895e+001 -9.546486e+000  2.080000e+002
      vertex -5.706339e+001 -1.854102e+001  2.060000e+002
      vertex -5.485740e+001 -1.883257e+001  2.080000e+002
    endloop
  endfacet
  facet normal -6.183540e-001 -3.789278e-001  6.885144e-001
    outer loop
      vertex -5.346039e+001 -2.723943e+001  2.060000e+002
      vertex -4.854102e+001 -3.526712e+001  2.060000e+002
      vertex -5.100948e+001 -2.760495e+001  2.080000e+002
    endloop
  endfacet
  facet normal -6.319374e-001 -2.771935e-001  7.237532e-001
    outer loop
      vertex -5.485740e+001 -1.883257e+001  2.080000e+002
      vertex -5.346039e+001 -2.723943e+001  2.060000e+002
      vertex -5.100948e+001 -2.760495e+001  2.080000e+002
    endloop
  endfacet
  facet normal -5.547457e-001 -4.737977e-001  6.839393e-001
    outer loop
      vertex -4.854102e+001 -3.526712e+001  2.060000e+002
      vertex -4.242641e+001 -4.242641e+001  2.060000e+002
      vertex -4.577015e+001 -3.562434e+001  2.080000e+002
    endloop
  endfacet
  facet normal -5.738648e-001 -3.749245e-001  7.280872e-001
    outer loop
      vertex -5.100948e+001 -2.760495e+001  2.080000e+002
      vertex -4.854102e+001 -3.526712e+001  2.060000e+002
      vertex -4.577015e+001 -3.562434e+001  2.080000e+002
    endloop
  endfacet
  facet normal -4.761449e-001 -5.574939e-001  6.800638e-001
    outer loop
      vertex -4.242641e+001 -4.242641e+001  2.060000e+002
      vertex -3.526712e+001 -4.854102e+001  2.060000e+002
      vertex -3.928233e+001 -4.267199e+001  2.080000e+002
    endloop
  endfacet
  facet normal -5.014986e-001 -4.616621e-001  7.316880e-001
    outer loop
      vertex -4.577015e+001 -3.562434e+001  2.080000e+002
      vertex -4.242641e+001 -4.242641e+001  2.060000e+002
      vertex -3.928233e+001 -4.267199e+001  2.080000e+002
    endloop
  endfacet
  facet normal -3.845881e-001 -6.275908e-001  6.769208e-001
    outer loop
      vertex -3.526712e+001 -4.854102e+001  2.060000e+002
      vertex -2.723943e+001 -5.346039e+001  2.060000e+002
      vertex -3.172299e+001 -4.855566e+001  2.080000e+002
    endloop
  endfacet
  facet normal -4.167508e-001 -5.354412e-001  7.345894e-001
    outer loop
      vertex -3.928233e+001 -4.267199e+001  2.080000e+002
      vertex -3.526712e+001 -4.854102e+001  2.060000e+002
      vertex -3.172299e+001 -4.855566e+001  2.080000e+002
    endloop
  endfacet
  facet normal -2.825118e-001 -6.820437e-001  6.745394e-001
    outer loop
      vertex -2.723943e+001 -5.346039e+001  2.060000e+002
      vertex -1.854102e+001 -5.706339e+001  2.060000e+002
      vertex -2.329833e+001 -5.311485e+001  2.080000e+002
    endloop
  endfacet
  facet normal -3.217834e-001 -5.946037e-001  7.368189e-001
    outer loop
      vertex -3.172299e+001 -4.855566e+001  2.080000e+002
      vertex -2.723943e+001 -5.346039e+001  2.060000e+002
      vertex -2.329833e+001 -5.311485e+001  2.080000e+002
    endloop
  endfacet
  facet normal -1.726787e-001 -7.192596e-001  6.729395e-001
    outer loop
      vertex -1.854102e+001 -5.706339e+001  2.060000e+002
      vertex -9.386068e+000 -5.926130e+001  2.060000e+002
      vertex -1.423816e+001 -5.622522e+001  2.080000e+002
    endloop
  endfacet
  facet normal -2.189664e-001 -6.378273e-001  7.383971e-001
    outer loop
      vertex -2.329833e+001 -5.311485e+001  2.080000e+002
      vertex -1.854102e+001 -5.706339e+001  2.060000e+002
      vertex -1.423816e+001 -5.622522e+001  2.080000e+002
    endloop
  endfacet
  facet normal -5.809335e-002 -7.381448e-001  6.721364e-001
    outer loop
      vertex -9.386068e+000 -5.926130e+001  2.060000e+002
      vertex -6.431253e-014 -6.000000e+001  2.060000e+002
      vertex -4.789602e+000 -5.780190e+001  2.080000e+002
    endloop
  endfacet
  facet normal -1.108271e-001 -6.641513e-001  7.393377e-001
    outer loop
      vertex -1.423816e+001 -5.622522e+001  2.080000e+002
      vertex -9.386068e+000 -5.926130e+001  2.060000e+002
      vertex -4.789602e+000 -5.780190e+001  2.080000e+002
    endloop
  endfacet
  facet normal  5.809336e-002 -7.381449e-001  6.721364e-001
    outer loop
      vertex -6.431253e-014 -6.000000e+001  2.060000e+002
      vertex  9.386068e+000 -5.926130e+001  2.060000e+002
      vertex  4.789602e+000 -5.780190e+001  2.080000e+002
    endloop
  endfacet
  facet normal  0.000000e+000 -6.729907e-001  7.396508e-001
    outer loop
      vertex -4.789602e+000 -5.780190e+001  2.080000e+002
      vertex -6.431253e-014 -6.000000e+001  2.060000e+002
      vertex  4.789602e+000 -5.780190e+001  2.080000e+002
    endloop
  endfacet
  facet normal  1.726787e-001 -7.192595e-001  6.729396e-001
    outer loop
      vertex  9.386068e+000 -5.926130e+001  2.060000e+002
      vertex  1.854102e+001 -5.706339e+001  2.060000e+002
      vertex  1.423816e+001 -5.622522e+001  2.080000e+002
    endloop
  endfacet
  facet normal  1.108271e-001 -6.641513e-001  7.393377e-001
    outer loop
      vertex  4.789602e+000 -5.780190e+001  2.080000e+002
      vertex  9.386068e+000 -5.926130e+001  2.060000e+002
      vertex  1.423816e+001 -5.622522e+001  2.080000e+002
    endloop
  endfacet
  facet normal  2.825118e-001 -6.820437e-001  6.745394e-001
    outer loop
      vertex  1.854102e+001 -5.706339e+001  2.060000e+002
      vertex  2.723943e+001 -5.346039e+001  2.060000e+002
      vertex  2.329833e+001 -5.311485e+001  2.080000e+002
    endloop
  endfacet
  facet normal  2.189664e-001 -6.378273e-001  7.383971e-001
    outer loop
      vertex  1.423816e+001 -5.622522e+001  2.080000e+002
      vertex  1.854102e+001 -5.706339e+001  2.060000e+002
      vertex  2.329833e+001 -5.311485e+001  2.080000e+002
    endloop
  endfacet
  facet normal  3.845881e-001 -6.275908e-001  6.769208e-001
    outer loop
      vertex  2.723943e+001 -5.346039e+001  2.060000e+002
      vertex  3.526712e+001 -4.854102e+001  2.060000e+002
      vertex  3.172299e+001 -4.855566e+001  2.080000e+002
    endloop
  endfacet
  facet normal  3.217834e-001 -5.946037e-001  7.368189e-001
    outer loop
      vertex  2.329833e+001 -5.311485e+001  2.080000e+002
      vertex  2.723943e+001 -5.346039e+001  2.060000e+002
      vertex  3.172299e+001 -4.855566e+001  2.080000e+002
    endloop
  endfacet
  facet normal  4.761448e-001 -5.574939e-001  6.800638e-001
    outer loop
      vertex  3.526712e+001 -4.854102e+001  2.060000e+002
      vertex  4.242641e+001 -4.242641e+001  2.060000e+002
      vertex  3.928233e+001 -4.267199e+001  2.080000e+002
    endloop
  endfacet
  facet normal  4.167508e-001 -5.354412e-001  7.345894e-001
    outer loop
      vertex  3.172299e+001 -4.855566e+001  2.080000e+002
      vertex  3.526712e+001 -4.854102e+001  2.060000e+002
      vertex  3.928233e+001 -4.267199e+001  2.080000e+002
    endloop
  endfacet
  facet normal  5.547457e-001 -4.737977e-001  6.839393e-001
    outer loop
      vertex  4.242641e+001 -4.242641e+001  2.060000e+002
      vertex  4.854102e+001 -3.526712e+001  2.060000e+002
      vertex  4.577015e+001 -3.562434e+001  2.080000e+002
    endloop
  endfacet
  facet normal  5.014986e-001 -4.616621e-001  7.316880e-001
    outer loop
      vertex  3.928233e+001 -4.267199e+001  2.080000e+002
      vertex  4.242641e+001 -4.242641e+001  2.060000e+002
      vertex  4.577015e+001 -3.562434e+001  2.080000e+002
    endloop
  endfacet
  facet normal  6.183540e-001 -3.789278e-001  6.885144e-001
    outer loop
      vertex  4.854102e+001 -3.526712e+001  2.060000e+002
      vertex  5.346039e+001 -2.723943e+001  2.060000e+002
      vertex  5.100948e+001 -2.760495e+001  2.080000e+002
    endloop
  endfacet
  facet normal  5.738648e-001 -3.749245e-001  7.280872e-001
    outer loop
      vertex  4.577015e+001 -3.562434e+001  2.080000e+002
      vertex  4.854102e+001 -3.526712e+001  2.060000e+002
      vertex  5.100948e+001 -2.760495e+001  2.080000e+002
    endloop
  endfacet
  facet normal  6.653934e-001 -2.756151e-001  6.937491e-001
    outer loop
      vertex  5.346039e+001 -2.723943e+001  2.060000e+002
      vertex  5.706339e+001 -1.854102e+001  2.060000e+002
      vertex  5.485740e+001 -1.883257e+001  2.080000e+002
    endloop
  endfacet
  facet normal  6.319374e-001 -2.771935e-001  7.237532e-001
    outer loop
      vertex  5.100948e+001 -2.760495e+001  2.080000e+002
      vertex  5.346039e+001 -2.723943e+001  2.060000e+002
      vertex  5.485740e+001 -1.883257e+001  2.080000e+002
    endloop
  endfacet
  facet normal  6.947933e-001 -1.668049e-001  6.995987e-001
    outer loop
      vertex  5.706339e+001 -1.854102e+001  2.060000e+002
      vertex  5.926130e+001 -9.386068e+000  2.060000e+002
      vertex  5.720895e+001 -9.546486e+000  2.080000e+002
    endloop
  endfacet
  facet normal  6.740991e-001 -1.707050e-001  7.186447e-001
    outer loop
      vertex  5.485740e+001 -1.883257e+001  2.080000e+002
      vertex  5.706339e+001 -1.854102e+001  2.060000e+002
      vertex  5.720895e+001 -9.546486e+000  2.080000e+002
    endloop
  endfacet
  facet normal -6.990620e-001  5.792578e-002  7.127109e-001
    outer loop
      vertex -5.720896e+001  9.546485e+000  2.080000e+002
      vertex -5.926130e+001  9.386068e+000  2.060000e+002
      vertex -5.800000e+001 -1.131263e-006  2.080000e+002
    endloop
  endfacet
  facet normal -7.060143e-001  5.556463e-002  7.060143e-001
    outer loop
      vertex -5.926130e+001  9.386068e+000  2.060000e+002
      vertex -6.000000e+001  3.399323e-014  2.060000e+002
      vertex -5.800000e+001 -1.131263e-006  2.080000e+002
    endloop
  endfacet
  facet normal  7.060143e-001  5.556463e-002  7.060143e-001
    outer loop
      vertex  6.000000e+001 -6.798647e-014  2.060000e+002
      vertex  5.926130e+001  9.386068e+000  2.060000e+002
      vertex  5.800000e+001 -1.026315e-014  2.080000e+002
    endloop
  endfacet
  facet normal  6.990614e-001  5.792601e-002  7.127115e-001
    outer loop
      vertex  5.926130e+001  9.386068e+000  2.060000e+002
      vertex  5.720895e+001  9.546486e+000  2.080000e+002
      vertex  5.800000e+001 -1.026315e-014  2.080000e+002
    endloop
  endfacet
  facet normal  6.947933e-001  1.668049e-001  6.995987e-001
    outer loop
      vertex  5.926130e+001  9.386068e+000  2.060000e+002
      vertex  5.706339e+001  1.854102e+001  2.060000e+002
      vertex  5.720895e+001  9.546486e+000  2.080000e+002
    endloop
  endfacet
  facet normal  6.653934e-001  2.756151e-001  6.937491e-001
    outer loop
      vertex  5.706339e+001  1.854102e+001  2.060000e+002
      vertex  5.346039e+001  2.723943e+001  2.060000e+002
      vertex  5.485740e+001  1.883257e+001  2.080000e+002
    endloop
  endfacet
  facet normal  6.740991e-001  1.707050e-001  7.186447e-001
    outer loop
      vertex  5.720895e+001  9.546486e+000  2.080000e+002
      vertex  5.706339e+001  1.854102e+001  2.060000e+002
      vertex  5.485740e+001  1.883257e+001  2.080000e+002
    endloop
  endfacet
  facet normal  6.183540e-001  3.789278e-001  6.885144e-001
    outer loop
      vertex  5.346039e+001  2.723943e+001  2.060000e+002
      vertex  4.854102e+001  3.526712e+001  2.060000e+002
      vertex  5.100948e+001  2.760495e+001  2.080000e+002
    endloop
  endfacet
  facet normal  6.319374e-001  2.771935e-001  7.237532e-001
    outer loop
      vertex  5.485740e+001  1.883257e+001  2.080000e+002
      vertex  5.346039e+001  2.723943e+001  2.060000e+002
      vertex  5.100948e+001  2.760495e+001  2.080000e+002
    endloop
  endfacet
  facet normal  5.547457e-001  4.737977e-001  6.839393e-001
    outer loop
      vertex  4.854102e+001  3.526712e+001  2.060000e+002
      vertex  4.242641e+001  4.242641e+001  2.060000e+002
      vertex  4.577015e+001  3.562434e+001  2.080000e+002
    endloop
  endfacet
  facet normal  5.738648e-001  3.749245e-001  7.280872e-001
    outer loop
      vertex  5.100948e+001  2.760495e+001  2.080000e+002
      vertex  4.854102e+001  3.526712e+001  2.060000e+002
      vertex  4.577015e+001  3.562434e+001  2.080000e+002
    endloop
  endfacet
  facet normal  4.761449e-001  5.574939e-001  6.800638e-001
    outer loop
      vertex  4.242641e+001  4.242641e+001  2.060000e+002
      vertex  3.526712e+001  4.854102e+001  2.060000e+002
      vertex  3.928233e+001  4.267199e+001  2.080000e+002
    endloop
  endfacet
  facet normal  5.014986e-001  4.616621e-001  7.316880e-001
    outer loop
      vertex  4.577015e+001  3.562434e+001  2.080000e+002
      vertex  4.242641e+001  4.242641e+001  2.060000e+002
      vertex  3.928233e+001  4.267199e+001  2.080000e+002
    endloop
  endfacet
  facet normal  3.845880e-001  6.275907e-001  6.769210e-001
    outer loop
      vertex  3.526712e+001  4.854102e+001  2.060000e+002
      vertex  2.723943e+001  5.346039e+001  2.060000e+002
      vertex  3.172299e+001  4.855566e+001  2.080000e+002
    endloop
  endfacet
  facet normal  4.167507e-001  5.354411e-001  7.345895e-001
    outer loop
      vertex  3.928233e+001  4.267199e+001  2.080000e+002
      vertex  3.526712e+001  4.854102e+001  2.060000e+002
      vertex  3.172299e+001  4.855566e+001  2.080000e+002
    endloop
  endfacet
  facet normal  2.825118e-001  6.820437e-001  6.745394e-001
    outer loop
      vertex  2.723943e+001  5.346039e+001  2.060000e+002
      vertex  1.854102e+001  5.706339e+001  2.060000e+002
      vertex  2.329833e+001  5.311485e+001  2.080000e+002
    endloop
  endfacet
  facet normal  3.217834e-001  5.946036e-001  7.368189e-001
    outer loop
      vertex  3.172299e+001  4.855566e+001  2.080000e+002
      vertex  2.723943e+001  5.346039e+001  2.060000e+002
      vertex  2.329833e+001  5.311485e+001  2.080000e+002
    endloop
  endfacet
  facet normal  1.726787e-001  7.192596e-001  6.729395e-001
    outer loop
      vertex  1.854102e+001  5.706339e+001  2.060000e+002
      vertex  9.386068e+000  5.926130e+001  2.060000e+002
      vertex  1.423816e+001  5.622522e+001  2.080000e+002
    endloop
  endfacet
  facet normal  2.189664e-001  6.378273e-001  7.383971e-001
    outer loop
      vertex  2.329833e+001  5.311485e+001  2.080000e+002
      vertex  1.854102e+001  5.706339e+001  2.060000e+002
      vertex  1.423816e+001  5.622522e+001  2.080000e+002
    endloop
  endfacet
  facet normal  5.809335e-002  7.381448e-001  6.721364e-001
    outer loop
      vertex  9.386068e+000  5.926130e+001  2.060000e+002
      vertex  1.699662e-014  6.000000e+001  2.060000e+002
      vertex  4.789601e+000  5.780190e+001  2.080000e+002
    endloop
  endfacet
  facet normal  1.108271e-001  6.641513e-001  7.393379e-001
    outer loop
      vertex  1.423816e+001  5.622522e+001  2.080000e+002
      vertex  9.386068e+000  5.926130e+001  2.060000e+002
      vertex  4.789601e+000  5.780190e+001  2.080000e+002
    endloop
  endfacet
  facet normal -5.809336e-002  7.381449e-001  6.721364e-001
    outer loop
      vertex  1.699662e-014  6.000000e+001  2.060000e+002
      vertex -9.386068e+000  5.926130e+001  2.060000e+002
      vertex -4.789603e+000  5.780190e+001  2.080000e+002
    endloop
  endfacet
  facet normal  0.000000e+000  6.729909e-001  7.396508e-001
    outer loop
      vertex  4.789601e+000  5.780190e+001  2.080000e+002
      vertex  1.699662e-014  6.000000e+001  2.060000e+002
      vertex -4.789603e+000  5.780190e+001  2.080000e+002
    endloop
  endfacet
  facet normal -1.726787e-001  7.192596e-001  6.729395e-001
    outer loop
      vertex -9.386068e+000  5.926130e+001  2.060000e+002
      vertex -1.854102e+001  5.706339e+001  2.060000e+002
      vertex -1.423816e+001  5.622522e+001  2.080000e+002
    endloop
  endfacet
  facet normal -1.108271e-001  6.641513e-001  7.393377e-001
    outer loop
      vertex -4.789603e+000  5.780190e+001  2.080000e+002
      vertex -9.386068e+000  5.926130e+001  2.060000e+002
      vertex -1.423816e+001  5.622522e+001  2.080000e+002
    endloop
  endfacet
  facet normal -2.825119e-001  6.820438e-001  6.745393e-001
    outer loop
      vertex -1.854102e+001  5.706339e+001  2.060000e+002
      vertex -2.723943e+001  5.346039e+001  2.060000e+002
      vertex -2.329834e+001  5.311485e+001  2.080000e+002
    endloop
  endfacet
  facet normal -2.189664e-001  6.378273e-001  7.383969e-001
    outer loop
      vertex -1.423816e+001  5.622522e+001  2.080000e+002
      vertex -1.854102e+001  5.706339e+001  2.060000e+002
      vertex -2.329834e+001  5.311485e+001  2.080000e+002
    endloop
  endfacet
  facet normal -3.845881e-001  6.275908e-001  6.769208e-001
    outer loop
      vertex -2.723943e+001  5.346039e+001  2.060000e+002
      vertex -3.526712e+001  4.854102e+001  2.060000e+002
      vertex -3.172299e+001  4.855566e+001  2.080000e+002
    endloop
  endfacet
  facet normal -3.217834e-001  5.946037e-001  7.368187e-001
    outer loop
      vertex -2.329834e+001  5.311485e+001  2.080000e+002
      vertex -2.723943e+001  5.346039e+001  2.060000e+002
      vertex -3.172299e+001  4.855566e+001  2.080000e+002
    endloop
  endfacet
  facet normal -4.761451e-001  5.574942e-001  6.800632e-001
    outer loop
      vertex -3.526712e+001  4.854102e+001  2.060000e+002
      vertex -4.242641e+001  4.242641e+001  2.060000e+002
      vertex -3.928233e+001  4.267199e+001  2.080000e+002
    endloop
  endfacet
  facet normal -4.167508e-001  5.354413e-001  7.345893e-001
    outer loop
      vertex -3.172299e+001  4.855566e+001  2.080000e+002
      vertex -3.526712e+001  4.854102e+001  2.060000e+002
      vertex -3.928233e+001  4.267199e+001  2.080000e+002
    endloop
  endfacet
  facet normal -5.547457e-001  4.737977e-001  6.839393e-001
    outer loop
      vertex -4.242641e+001  4.242641e+001  2.060000e+002
      vertex -4.854102e+001  3.526712e+001  2.060000e+002
      vertex -4.577015e+001  3.562434e+001  2.080000e+002
    endloop
  endfacet
  facet normal -5.014990e-001  4.616622e-001  7.316876e-001
    outer loop
      vertex -3.928233e+001  4.267199e+001  2.080000e+002
      vertex -4.242641e+001  4.242641e+001  2.060000e+002
      vertex -4.577015e+001  3.562434e+001  2.080000e+002
    endloop
  endfacet
  facet normal -6.183545e-001  3.789281e-001  6.885137e-001
    outer loop
      vertex -4.854102e+001  3.526712e+001  2.060000e+002
      vertex -5.346039e+001  2.723943e+001  2.060000e+002
      vertex -5.100948e+001  2.760495e+001  2.080000e+002
    endloop
  endfacet
  facet normal -5.738647e-001  3.749247e-001  7.280871e-001
    outer loop
      vertex -4.577015e+001  3.562434e+001  2.080000e+002
      vertex -4.854102e+001  3.526712e+001  2.060000e+002
      vertex -5.100948e+001  2.760495e+001  2.080000e+002
    endloop
  endfacet
  facet normal -6.653934e-001  2.756151e-001  6.937491e-001
    outer loop
      vertex -5.346039e+001  2.723943e+001  2.060000e+002
      vertex -5.706339e+001  1.854102e+001  2.060000e+002
      vertex -5.485740e+001  1.883257e+001  2.080000e+002
    endloop
  endfacet
  facet normal -6.319380e-001  2.771935e-001  7.237527e-001
    outer loop
      vertex -5.100948e+001  2.760495e+001  2.080000e+002
      vertex -5.346039e+001  2.723943e+001  2.060000e+002
      vertex -5.485740e+001  1.883257e+001  2.080000e+002
    endloop
  endfacet
  facet normal -6.947939e-001  1.668050e-001  6.995980e-001
    outer loop
      vertex -5.706339e+001  1.854102e+001  2.060000e+002
      vertex -5.926130e+001  9.386068e+000  2.060000e+002
      vertex -5.720896e+001  9.546485e+000  2.080000e+002
    endloop
  endfacet
  facet normal -6.740991e-001  1.707053e-001  7.186447e-001
    outer loop
      vertex -5.485740e+001  1.883257e+001  2.080000e+002
      vertex -5.706339e+001  1.854102e+001  2.060000e+002
      vertex -5.720896e+001  9.546485e+000  2.080000e+002
    endloop
  endfacet
  facet normal  7.235945e-001 -6.902252e-001  0.000000e+000
    outer loop
      vertex -4.387913e+000  4.239713e+001  2.080000e+002
      vertex -2.601480e+000  4.426993e+001  2.000000e+002
      vertex -2.601480e+000  4.426993e+001  2.080000e+002
    endloop
  endfacet
  facet normal  2.815402e-001 -9.595495e-001  0.000000e+000
    outer loop
      vertex -2.601480e+000  4.426993e+001  2.080000e+002
      vertex -2.601480e+000  4.426993e+001  2.000000e+002
      vertex -1.179829e-001  4.499861e+001  2.000000e+002
    endloop
  endfacet
  facet normal  2.815402e-001 -9.595495e-001  0.000000e+000
    outer loop
      vertex -2.601480e+000  4.426993e+001  2.080000e+002
      vertex -1.179829e-001  4.499861e+001  2.000000e+002
      vertex -1.179829e-001  4.499861e+001  2.080000e+002
    endloop
  endfacet
  facet normal -2.359544e-001 -9.717641e-001  -0.000000e+000
    outer loop
      vertex -1.179829e-001  4.499861e+001  2.080000e+002
      vertex -1.179829e-001  4.499861e+001  2.000000e+002
      vertex  2.397128e+000  4.438791e+001  2.000000e+002
    endloop
  endfacet
  facet normal -2.359544e-001 -9.717641e-001  0.000000e+000
    outer loop
      vertex -1.179829e-001  4.499861e+001  2.080000e+002
      vertex  2.397128e+000  4.438791e+001  2.000000e+002
      vertex  2.397128e+000  4.438791e+001  2.080000e+002
    endloop
  endfacet
  facet normal  7.235945e-001 -6.902252e-001  0.000000e+000
    outer loop
      vertex -2.601480e+000  4.426993e+001  2.000000e+002
      vertex -4.387913e+000  4.239713e+001  2.080000e+002
      vertex -4.387913e+000  4.239713e+001  2.000000e+002
    endloop
  endfacet
  facet normal  9.717643e-001 -2.359541e-001  0.000000e+000
    outer loop
      vertex -4.387913e+000  4.239713e+001  2.000000e+002
      vertex -4.387913e+000  4.239713e+001  2.080000e+002
      vertex -4.998608e+000  3.988202e+001  2.080000e+002
    endloop
  endfacet
  facet normal  9.717643e-001 -2.359541e-001  0.000000e+000
    outer loop
      vertex -4.387913e+000  4.239713e+001  2.000000e+002
      vertex -4.998608e+000  3.988202e+001  2.080000e+002
      vertex -4.998608e+000  3.988202e+001  2.000000e+002
    endloop
  endfacet
  facet normal  9.595496e-001  2.815398e-001  -0.000000e+000
    outer loop
      vertex -4.998608e+000  3.988202e+001  2.000000e+002
      vertex -4.998608e+000  3.988202e+001  2.080000e+002
      vertex -4.269930e+000  3.739852e+001  2.080000e+002
    endloop
  endfacet
  facet normal  9.595496e-001  2.815398e-001  0.000000e+000
    outer loop
      vertex -4.998608e+000  3.988202e+001  2.000000e+002
      vertex -4.269930e+000  3.739852e+001  2.080000e+002
      vertex -4.269930e+000  3.739852e+001  2.000000e+002
    endloop
  endfacet
  facet normal  6.902249e-001  7.235950e-001  -0.000000e+000
    outer loop
      vertex -4.269930e+000  3.739852e+001  2.000000e+002
      vertex -4.269930e+000  3.739852e+001  2.080000e+002
      vertex -2.397128e+000  3.561209e+001  2.080000e+002
    endloop
  endfacet
  facet normal  6.902249e-001  7.235950e-001  0.000000e+000
    outer loop
      vertex -4.269930e+000  3.739852e+001  2.000000e+002
      vertex -2.397128e+000  3.561209e+001  2.080000e+002
      vertex -2.397128e+000  3.561209e+001  2.000000e+002
    endloop
  endfacet
  facet normal -7.235945e-001  6.902252e-001  0.000000e+000
    outer loop
      vertex  4.387913e+000  3.760287e+001  2.080000e+002
      vertex  2.601480e+000  3.573007e+001  2.000000e+002
      vertex  2.601480e+000  3.573007e+001  2.080000e+002
    endloop
  endfacet
  facet normal -2.815402e-001  9.595495e-001  0.000000e+000
    outer loop
      vertex  2.601480e+000  3.573007e+001  2.080000e+002
      vertex  2.601480e+000  3.573007e+001  2.000000e+002
      vertex  1.179829e-001  3.500139e+001  2.000000e+002
    endloop
  endfacet
  facet normal -2.815402e-001  9.595495e-001  0.000000e+000
    outer loop
      vertex  2.601480e+000  3.573007e+001  2.080000e+002
      vertex  1.179829e-001  3.500139e+001  2.000000e+002
      vertex  1.179829e-001  3.500139e+001  2.080000e+002
    endloop
  endfacet
  facet normal  2.359544e-001  9.717641e-001  0.000000e+000
    outer loop
      vertex  1.179829e-001  3.500139e+001  2.080000e+002
      vertex  1.179829e-001  3.500139e+001  2.000000e+002
      vertex -2.397128e+000  3.561209e+001  2.000000e+002
    endloop
  endfacet
  facet normal  2.359544e-001  9.717641e-001  -0.000000e+000
    outer loop
      vertex  1.179829e-001  3.500139e+001  2.080000e+002
      vertex -2.397128e+000  3.561209e+001  2.000000e+002
      vertex -2.397128e+000  3.561209e+001  2.080000e+002
    endloop
  endfacet
  facet normal -7.235945e-001  6.902252e-001  0.000000e+000
    outer loop
      vertex  2.601480e+000  3.573007e+001  2.000000e+002
      vertex  4.387913e+000  3.760287e+001  2.080000e+002
      vertex  4.387913e+000  3.760287e+001  2.000000e+002
    endloop
  endfacet
  facet normal -9.717643e-001  2.359541e-001  0.000000e+000
    outer loop
      vertex  4.387913e+000  3.760287e+001  2.000000e+002
      vertex  4.387913e+000  3.760287e+001  2.080000e+002
      vertex  4.998608e+000  4.011798e+001  2.080000e+002
    endloop
  endfacet
  facet normal -9.717643e-001  2.359541e-001  0.000000e+000
    outer loop
      vertex  4.387913e+000  3.760287e+001  2.000000e+002
      vertex  4.998608e+000  4.011798e+001  2.080000e+002
      vertex  4.998608e+000  4.011798e+001  2.000000e+002
    endloop
  endfacet
  facet normal -9.595496e-001 -2.815398e-001  0.000000e+000
    outer loop
      vertex  4.998608e+000  4.011798e+001  2.000000e+002
      vertex  4.998608e+000  4.011798e+001  2.080000e+002
      vertex  4.269930e+000  4.260148e+001  2.080000e+002
    endloop
  endfacet
  facet normal -9.595496e-001 -2.815398e-001  -0.000000e+000
    outer loop
      vertex  4.998608e+000  4.011798e+001  2.000000e+002
      vertex  4.269930e+000  4.260148e+001  2.080000e+002
      vertex  4.269930e+000  4.260148e+001  2.000000e+002
    endloop
  endfacet
  facet normal -6.902249e-001 -7.235950e-001  0.000000e+000
    outer loop
      vertex  4.269930e+000  4.260148e+001  2.000000e+002
      vertex  4.269930e+000  4.260148e+001  2.080000e+002
      vertex  2.397128e+000  4.438791e+001  2.080000e+002
    endloop
  endfacet
  facet normal -6.902249e-001 -7.235950e-001  -0.000000e+000
    outer loop
      vertex  4.269930e+000  4.260148e+001  2.000000e+002
      vertex  2.397128e+000  4.438791e+001  2.080000e+002
      vertex  2.397128e+000  4.438791e+001  2.000000e+002
    endloop
  endfacet
  facet normal -6.902252e-001 -7.235945e-001  0.000000e+000
    outer loop
      vertex  4.239713e+001  4.387913e+000  2.080000e+002
      vertex  4.426993e+001  2.601480e+000  2.000000e+002
      vertex  4.426993e+001  2.601480e+000  2.080000e+002
    endloop
  endfacet
  facet normal -9.595495e-001 -2.815402e-001  -0.000000e+000
    outer loop
      vertex  4.426993e+001  2.601480e+000  2.080000e+002
      vertex  4.426993e+001  2.601480e+000  2.000000e+002
      vertex  4.499861e+001  1.179829e-001  2.000000e+002
    endloop
  endfacet
  facet normal -9.595495e-001 -2.815402e-001  0.000000e+000
    outer loop
      vertex  4.426993e+001  2.601480e+000  2.080000e+002
      vertex  4.499861e+001  1.179829e-001  2.000000e+002
      vertex  4.499861e+001  1.179829e-001  2.080000e+002
    endloop
  endfacet
  facet normal -9.717641e-001  2.359544e-001  0.000000e+000
    outer loop
      vertex  4.499861e+001  1.179829e-001  2.080000e+002
      vertex  4.499861e+001  1.179829e-001  2.000000e+002
      vertex  4.438791e+001 -2.397128e+000  2.000000e+002
    endloop
  endfacet
  facet normal -9.717641e-001  2.359544e-001  0.000000e+000
    outer loop
      vertex  4.499861e+001  1.179829e-001  2.080000e+002
      vertex  4.438791e+001 -2.397128e+000  2.000000e+002
      vertex  4.438791e+001 -2.397128e+000  2.080000e+002
    endloop
  endfacet
  facet normal -6.902252e-001 -7.235945e-001  -0.000000e+000
    outer loop
      vertex  4.426993e+001  2.601480e+000  2.000000e+002
      vertex  4.239713e+001  4.387913e+000  2.080000e+002
      vertex  4.239713e+001  4.387913e+000  2.000000e+002
    endloop
  endfacet
  facet normal -2.359541e-001 -9.717643e-001  0.000000e+000
    outer loop
      vertex  4.239713e+001  4.387913e+000  2.000000e+002
      vertex  4.239713e+001  4.387913e+000  2.080000e+002
      vertex  3.988202e+001  4.998608e+000  2.080000e+002
    endloop
  endfacet
  facet normal -2.359541e-001 -9.717643e-001  -0.000000e+000
    outer loop
      vertex  4.239713e+001  4.387913e+000  2.000000e+002
      vertex  3.988202e+001  4.998608e+000  2.080000e+002
      vertex  3.988202e+001  4.998608e+000  2.000000e+002
    endloop
  endfacet
  facet normal  2.815398e-001 -9.595496e-001  0.000000e+000
    outer loop
      vertex  3.988202e+001  4.998608e+000  2.000000e+002
      vertex  3.988202e+001  4.998608e+000  2.080000e+002
      vertex  3.739852e+001  4.269930e+000  2.080000e+002
    endloop
  endfacet
  facet normal  2.815398e-001 -9.595496e-001  0.000000e+000
    outer loop
      vertex  3.988202e+001  4.998608e+000  2.000000e+002
      vertex  3.739852e+001  4.269930e+000  2.080000e+002
      vertex  3.739852e+001  4.269930e+000  2.000000e+002
    endloop
  endfacet
  facet normal  7.235950e-001 -6.902249e-001  0.000000e+000
    outer loop
      vertex  3.739852e+001  4.269930e+000  2.000000e+002
      vertex  3.739852e+001  4.269930e+000  2.080000e+002
      vertex  3.561209e+001  2.397128e+000  2.080000e+002
    endloop
  endfacet
  facet normal  7.235950e-001 -6.902249e-001  0.000000e+000
    outer loop
      vertex  3.739852e+001  4.269930e+000  2.000000e+002
      vertex  3.561209e+001  2.397128e+000  2.080000e+002
      vertex  3.561209e+001  2.397128e+000  2.000000e+002
    endloop
  endfacet
  facet normal  6.902252e-001  7.235945e-001  -0.000000e+000
    outer loop
      vertex  3.760287e+001 -4.387913e+000  2.080000e+002
      vertex  3.573007e+001 -2.601480e+000  2.000000e+002
      vertex  3.573007e+001 -2.601480e+000  2.080000e+002
    endloop
  endfacet
  facet normal  9.595495e-001  2.815402e-001  0.000000e+000
    outer loop
      vertex  3.573007e+001 -2.601480e+000  2.080000e+002
      vertex  3.573007e+001 -2.601480e+000  2.000000e+002
      vertex  3.500139e+001 -1.179829e-001  2.000000e+002
    endloop
  endfacet
  facet normal  9.595495e-001  2.815402e-001  -0.000000e+000
    outer loop
      vertex  3.573007e+001 -2.601480e+000  2.080000e+002
      vertex  3.500139e+001 -1.179829e-001  2.000000e+002
      vertex  3.500139e+001 -1.179829e-001  2.080000e+002
    endloop
  endfacet
  facet normal  9.717641e-001 -2.359544e-001  0.000000e+000
    outer loop
      vertex  3.500139e+001 -1.179829e-001  2.080000e+002
      vertex  3.500139e+001 -1.179829e-001  2.000000e+002
      vertex  3.561209e+001  2.397128e+000  2.000000e+002
    endloop
  endfacet
  facet normal  9.717641e-001 -2.359544e-001  0.000000e+000
    outer loop
      vertex  3.500139e+001 -1.179829e-001  2.080000e+002
      vertex  3.561209e+001  2.397128e+000  2.000000e+002
      vertex  3.561209e+001  2.397128e+000  2.080000e+002
    endloop
  endfacet
  facet normal  6.902252e-001  7.235945e-001  0.000000e+000
    outer loop
      vertex  3.573007e+001 -2.601480e+000  2.000000e+002
      vertex  3.760287e+001 -4.387913e+000  2.080000e+002
      vertex  3.760287e+001 -4.387913e+000  2.000000e+002
    endloop
  endfacet
  facet normal  2.359541e-001  9.717643e-001  -0.000000e+000
    outer loop
      vertex  3.760287e+001 -4.387913e+000  2.000000e+002
      vertex  3.760287e+001 -4.387913e+000  2.080000e+002
      vertex  4.011798e+001 -4.998608e+000  2.080000e+002
    endloop
  endfacet
  facet normal  2.359541e-001  9.717643e-001  0.000000e+000
    outer loop
      vertex  3.760287e+001 -4.387913e+000  2.000000e+002
      vertex  4.011798e+001 -4.998608e+000  2.080000e+002
      vertex  4.011798e+001 -4.998608e+000  2.000000e+002
    endloop
  endfacet
  facet normal -2.815398e-001  9.595496e-001  0.000000e+000
    outer loop
      vertex  4.011798e+001 -4.998608e+000  2.000000e+002
      vertex  4.011798e+001 -4.998608e+000  2.080000e+002
      vertex  4.260148e+001 -4.269930e+000  2.080000e+002
    endloop
  endfacet
  facet normal -2.815398e-001  9.595496e-001  0.000000e+000
    outer loop
      vertex  4.011798e+001 -4.998608e+000  2.000000e+002
      vertex  4.260148e+001 -4.269930e+000  2.080000e+002
      vertex  4.260148e+001 -4.269930e+000  2.000000e+002
    endloop
  endfacet
  facet normal -7.235950e-001  6.902249e-001  0.000000e+000
    outer loop
      vertex  4.260148e+001 -4.269930e+000  2.000000e+002
      vertex  4.260148e+001 -4.269930e+000  2.080000e+002
      vertex  4.438791e+001 -2.397128e+000  2.080000e+002
    endloop
  endfacet
  facet normal -7.235950e-001  6.902249e-001  0.000000e+000
    outer loop
      vertex  4.260148e+001 -4.269930e+000  2.000000e+002
      vertex  4.438791e+001 -2.397128e+000  2.080000e+002
      vertex  4.438791e+001 -2.397128e+000  2.000000e+002
    endloop
  endfacet
  facet normal -7.235945e-001  6.902252e-001  0.000000e+000
    outer loop
      vertex  4.387913e+000 -4.239713e+001  2.080000e+002
      vertex  2.601480e+000 -4.426993e+001  2.000000e+002
      vertex  2.601480e+000 -4.426993e+001  2.080000e+002
    endloop
  endfacet
  facet normal -2.815402e-001  9.595495e-001  0.000000e+000
    outer loop
      vertex  2.601480e+000 -4.426993e+001  2.080000e+002
      vertex  2.601480e+000 -4.426993e+001  2.000000e+002
      vertex  1.179829e-001 -4.499861e+001  2.000000e+002
    endloop
  endfacet
  facet normal -2.815402e-001  9.595495e-001  0.000000e+000
    outer loop
      vertex  2.601480e+000 -4.426993e+001  2.080000e+002
      vertex  1.179829e-001 -4.499861e+001  2.000000e+002
      vertex  1.179829e-001 -4.499861e+001  2.080000e+002
    endloop
  endfacet
  facet normal  2.359544e-001  9.717641e-001  0.000000e+000
    outer loop
      vertex  1.179829e-001 -4.499861e+001  2.080000e+002
      vertex  1.179829e-001 -4.499861e+001  2.000000e+002
      vertex -2.397128e+000 -4.438791e+001  2.000000e+002
    endloop
  endfacet
  facet normal  2.359544e-001  9.717641e-001  -0.000000e+000
    outer loop
      vertex  1.179829e-001 -4.499861e+001  2.080000e+002
      vertex -2.397128e+000 -4.438791e+001  2.000000e+002
      vertex -2.397128e+000 -4.438791e+001  2.080000e+002
    endloop
  endfacet
  facet normal -7.235945e-001  6.902252e-001  0.000000e+000
    outer loop
      vertex  2.601480e+000 -4.426993e+001  2.000000e+002
      vertex  4.387913e+000 -4.239713e+001  2.080000e+002
      vertex  4.387913e+000 -4.239713e+001  2.000000e+002
    endloop
  endfacet
  facet normal -9.717643e-001  2.359541e-001  0.000000e+000
    outer loop
      vertex  4.387913e+000 -4.239713e+001  2.000000e+002
      vertex  4.387913e+000 -4.239713e+001  2.080000e+002
      vertex  4.998608e+000 -3.988202e+001  2.080000e+002
    endloop
  endfacet
  facet normal -9.717643e-001  2.359541e-001  0.000000e+000
    outer loop
      vertex  4.387913e+000 -4.239713e+001  2.000000e+002
      vertex  4.998608e+000 -3.988202e+001  2.080000e+002
      vertex  4.998608e+000 -3.988202e+001  2.000000e+002
    endloop
  endfacet
  facet normal -9.595496e-001 -2.815398e-001  0.000000e+000
    outer loop
      vertex  4.998608e+000 -3.988202e+001  2.000000e+002
      vertex  4.998608e+000 -3.988202e+001  2.080000e+002
      vertex  4.269930e+000 -3.739852e+001  2.080000e+002
    endloop
  endfacet
  facet normal -9.595496e-001 -2.815398e-001  -0.000000e+000
    outer loop
      vertex  4.998608e+000 -3.988202e+001  2.000000e+002
      vertex  4.269930e+000 -3.739852e+001  2.080000e+002
      vertex  4.269930e+000 -3.739852e+001  2.000000e+002
    endloop
  endfacet
  facet normal -6.902249e-001 -7.235950e-001  0.000000e+000
    outer loop
      vertex  4.269930e+000 -3.739852e+001  2.000000e+002
      vertex  4.269930e+000 -3.739852e+001  2.080000e+002
      vertex  2.397128e+000 -3.561209e+001  2.080000e+002
    endloop
  endfacet
  facet normal -6.902249e-001 -7.235950e-001  -0.000000e+000
    outer loop
      vertex  4.269930e+000 -3.739852e+001  2.000000e+002
      vertex  2.397128e+000 -3.561209e+001  2.080000e+002
      vertex  2.397128e+000 -3.561209e+001  2.000000e+002
    endloop
  endfacet
  facet normal  7.235945e-001 -6.902252e-001  0.000000e+000
    outer loop
      vertex -4.387913e+000 -3.760287e+001  2.080000e+002
      vertex -2.601480e+000 -3.573007e+001  2.000000e+002
      vertex -2.601480e+000 -3.573007e+001  2.080000e+002
    endloop
  endfacet
  facet normal  2.815402e-001 -9.595495e-001  0.000000e+000
    outer loop
      vertex -2.601480e+000 -3.573007e+001  2.080000e+002
      vertex -2.601480e+000 -3.573007e+001  2.000000e+002
      vertex -1.179829e-001 -3.500139e+001  2.000000e+002
    endloop
  endfacet
  facet normal  2.815402e-001 -9.595495e-001  0.000000e+000
    outer loop
      vertex -2.601480e+000 -3.573007e+001  2.080000e+002
      vertex -1.179829e-001 -3.500139e+001  2.000000e+002
      vertex -1.179829e-001 -3.500139e+001  2.080000e+002
    endloop
  endfacet
  facet normal -2.359544e-001 -9.717641e-001  -0.000000e+000
    outer loop
      vertex -1.179829e-001 -3.500139e+001  2.080000e+002
      vertex -1.179829e-001 -3.500139e+001  2.000000e+002
      vertex  2.397128e+000 -3.561209e+001  2.000000e+002
    endloop
  endfacet
  facet normal -2.359544e-001 -9.717641e-001  0.000000e+000
    outer loop
      vertex -1.179829e-001 -3.500139e+001  2.080000e+002
      vertex  2.397128e+000 -3.561209e+001  2.000000e+002
      vertex  2.397128e+000 -3.561209e+001  2.080000e+002
    endloop
  endfacet
  facet normal  7.235945e-001 -6.902252e-001  0.000000e+000
    outer loop
      vertex -2.601480e+000 -3.573007e+001  2.000000e+002
      vertex -4.387913e+000 -3.760287e+001  2.080000e+002
      vertex -4.387913e+000 -3.760287e+001  2.000000e+002
    endloop
  endfacet
  facet normal  9.717643e-001 -2.359541e-001  0.000000e+000
    outer loop
      vertex -4.387913e+000 -3.760287e+001  2.000000e+002
      vertex -4.387913e+000 -3.760287e+001  2.080000e+002
      vertex -4.998608e+000 -4.011798e+001  2.080000e+002
    endloop
  endfacet
  facet normal  9.717643e-001 -2.359541e-001  0.000000e+000
    outer loop
      vertex -4.387913e+000 -3.760287e+001  2.000000e+002
      vertex -4.998608e+000 -4.011798e+001  2.080000e+002
      vertex -4.998608e+000 -4.011798e+001  2.000000e+002
    endloop
  endfacet
  facet normal  9.595496e-001  2.815398e-001  -0.000000e+000
    outer loop
      vertex -4.998608e+000 -4.011798e+001  2.000000e+002
      vertex -4.998608e+000 -4.011798e+001  2.080000e+002
      vertex -4.269930e+000 -4.260148e+001  2.080000e+002
    endloop
  endfacet
  facet normal  9.595496e-001  2.815398e-001  0.000000e+000
    outer loop
      vertex -4.998608e+000 -4.011798e+001  2.000000e+002
      vertex -4.269930e+000 -4.260148e+001  2.080000e+002
      vertex -4.269930e+000 -4.260148e+001  2.000000e+002
    endloop
  endfacet
  facet normal  6.902249e-001  7.235950e-001  -0.000000e+000
    outer loop
      vertex -4.269930e+000 -4.260148e+001  2.000000e+002
      vertex -4.269930e+000 -4.260148e+001  2.080000e+002
      vertex -2.397128e+000 -4.438791e+001  2.080000e+002
    endloop
  endfacet
  facet normal  6.902249e-001  7.235950e-001  0.000000e+000
    outer loop
      vertex -4.269930e+000 -4.260148e+001  2.000000e+002
      vertex -2.397128e+000 -4.438791e+001  2.080000e+002
      vertex -2.397128e+000 -4.438791e+001  2.000000e+002
    endloop
  endfacet
  facet normal  6.902252e-001  7.235945e-001  -0.000000e+000
    outer loop
      vertex -4.239713e+001 -4.387913e+000  2.080000e+002
      vertex -4.426993e+001 -2.601480e+000  2.000000e+002
      vertex -4.426993e+001 -2.601480e+000  2.080000e+002
    endloop
  endfacet
  facet normal  9.595495e-001  2.815402e-001  0.000000e+000
    outer loop
      vertex -4.426993e+001 -2.601480e+000  2.080000e+002
      vertex -4.426993e+001 -2.601480e+000  2.000000e+002
      vertex -4.499861e+001 -1.179829e-001  2.000000e+002
    endloop
  endfacet
  facet normal  9.595495e-001  2.815402e-001  -0.000000e+000
    outer loop
      vertex -4.426993e+001 -2.601480e+000  2.080000e+002
      vertex -4.499861e+001 -1.179829e-001  2.000000e+002
      vertex -4.499861e+001 -1.179829e-001  2.080000e+002
    endloop
  endfacet
  facet normal  9.717641e-001 -2.359544e-001  0.000000e+000
    outer loop
      vertex -4.499861e+001 -1.179829e-001  2.080000e+002
      vertex -4.499861e+001 -1.179829e-001  2.000000e+002
      vertex -4.438791e+001  2.397128e+000  2.000000e+002
    endloop
  endfacet
  facet normal  9.717641e-001 -2.359544e-001  0.000000e+000
    outer loop
      vertex -4.499861e+001 -1.179829e-001  2.080000e+002
      vertex -4.438791e+001  2.397128e+000  2.000000e+002
      vertex -4.438791e+001  2.397128e+000  2.080000e+002
    endloop
  endfacet
  facet normal  6.902252e-001  7.235945e-001  0.000000e+000
    outer loop
      vertex -4.426993e+001 -2.601480e+000  2.000000e+002
      vertex -4.239713e+001 -4.387913e+000  2.080000e+002
      vertex -4.239713e+001 -4.387913e+000  2.000000e+002
    endloop
  endfacet
  facet normal  2.359541e-001  9.717643e-001  -0.000000e+000
    outer loop
      vertex -4.239713e+001 -4.387913e+000  2.000000e+002
      vertex -4.239713e+001 -4.387913e+000  2.080000e+002
      vertex -3.988202e+001 -4.998608e+000  2.080000e+002
    endloop
  endfacet
  facet normal  2.359541e-001  9.717643e-001  0.000000e+000
    outer loop
      vertex -4.239713e+001 -4.387913e+000  2.000000e+002
      vertex -3.988202e+001 -4.998608e+000  2.080000e+002
      vertex -3.988202e+001 -4.998608e+000  2.000000e+002
    endloop
  endfacet
  facet normal -2.815398e-001  9.595496e-001  0.000000e+000
    outer loop
      vertex -3.988202e+001 -4.998608e+000  2.000000e+002
      vertex -3.988202e+001 -4.998608e+000  2.080000e+002
      vertex -3.739852e+001 -4.269930e+000  2.080000e+002
    endloop
  endfacet
  facet normal -2.815398e-001  9.595496e-001  0.000000e+000
    outer loop
      vertex -3.988202e+001 -4.998608e+000  2.000000e+002
      vertex -3.739852e+001 -4.269930e+000  2.080000e+002
      vertex -3.739852e+001 -4.269930e+000  2.000000e+002
    endloop
  endfacet
  facet normal -7.235950e-001  6.902249e-001  0.000000e+000
    outer loop
      vertex -3.739852e+001 -4.269930e+000  2.000000e+002
      vertex -3.739852e+001 -4.269930e+000  2.080000e+002
      vertex -3.561209e+001 -2.397128e+000  2.080000e+002
    endloop
  endfacet
  facet normal -7.235950e-001  6.902249e-001  0.000000e+000
    outer loop
      vertex -3.739852e+001 -4.269930e+000  2.000000e+002
      vertex -3.561209e+001 -2.397128e+000  2.080000e+002
      vertex -3.561209e+001 -2.397128e+000  2.000000e+002
    endloop
  endfacet
  facet normal -6.902252e-001 -7.235945e-001  0.000000e+000
    outer loop
      vertex -3.760287e+001  4.387913e+000  2.080000e+002
      vertex -3.573007e+001  2.601480e+000  2.000000e+002
      vertex -3.573007e+001  2.601480e+000  2.080000e+002
    endloop
  endfacet
  facet normal -9.595495e-001 -2.815402e-001  -0.000000e+000
    outer loop
      vertex -3.573007e+001  2.601480e+000  2.080000e+002
      vertex -3.573007e+001  2.601480e+000  2.000000e+002
      vertex -3.500139e+001  1.179829e-001  2.000000e+002
    endloop
  endfacet
  facet normal -9.595495e-001 -2.815402e-001  0.000000e+000
    outer loop
      vertex -3.573007e+001  2.601480e+000  2.080000e+002
      vertex -3.500139e+001  1.179829e-001  2.000000e+002
      vertex -3.500139e+001  1.179829e-001  2.080000e+002
    endloop
  endfacet
  facet normal -9.717641e-001  2.359544e-001  0.000000e+000
    outer loop
      vertex -3.500139e+001  1.179829e-001  2.080000e+002
      vertex -3.500139e+001  1.179829e-001  2.000000e+002
      vertex -3.561209e+001 -2.397128e+000  2.000000e+002
    endloop
  endfacet
  facet normal -9.717641e-001  2.359544e-001  0.000000e+000
    outer loop
      vertex -3.500139e+001  1.179829e-001  2.080000e+002
      vertex -3.561209e+001 -2.397128e+000  2.000000e+002
      vertex -3.561209e+001 -2.397128e+000  2.080000e+002
    endloop
  endfacet
  facet normal -6.902252e-001 -7.235945e-001  -0.000000e+000
    outer loop
      vertex -3.573007e+001  2.601480e+000  2.000000e+002
      vertex -3.760287e+001  4.387913e+000  2.080000e+002
      vertex -3.760287e+001  4.387913e+000  2.000000e+002
    endloop
  endfacet
  facet normal -2.359541e-001 -9.717643e-001  0.000000e+000
    outer loop
      vertex -3.760287e+001  4.387913e+000  2.000000e+002
      vertex -3.760287e+001  4.387913e+000  2.080000e+002
      vertex -4.011798e+001  4.998608e+000  2.080000e+002
    endloop
  endfacet
  facet normal -2.359541e-001 -9.717643e-001  -0.000000e+000
    outer loop
      vertex -3.760287e+001  4.387913e+000  2.000000e+002
      vertex -4.011798e+001  4.998608e+000  2.080000e+002
      vertex -4.011798e+001  4.998608e+000  2.000000e+002
    endloop
  endfacet
  facet normal  2.815398e-001 -9.595496e-001  0.000000e+000
    outer loop
      vertex -4.011798e+001  4.998608e+000  2.000000e+002
      vertex -4.011798e+001  4.998608e+000  2.080000e+002
      vertex -4.260148e+001  4.269930e+000  2.080000e+002
    endloop
  endfacet
  facet normal  2.815398e-001 -9.595496e-001  0.000000e+000
    outer loop
      vertex -4.011798e+001  4.998608e+000  2.000000e+002
      vertex -4.260148e+001  4.269930e+000  2.080000e+002
      vertex -4.260148e+001  4.269930e+000  2.000000e+002
    endloop
  endfacet
  facet normal  7.235950e-001 -6.902249e-001  0.000000e+000
    outer loop
      vertex -4.260148e+001  4.269930e+000  2.000000e+002
      vertex -4.260148e+001  4.269930e+000  2.080000e+002
      vertex -4.438791e+001  2.397128e+000  2.080000e+002
    endloop
  endfacet
  facet normal  7.235950e-001 -6.902249e-001  0.000000e+000
    outer loop
      vertex -4.260148e+001  4.269930e+000  2.000000e+002
      vertex -4.438791e+001  2.397128e+000  2.080000e+002
      vertex -4.438791e+001  2.397128e+000  2.000000e+002
    endloop
  endfacet
  facet normal  0.000000e+000  0.000000e+000 -1.000000e+000
    outer loop
      vertex  2.953149e+000 -2.432137e+001  2.000000e+002
      vertex  1.391759e+001 -2.016311e+001  2.000000e+002
      vertex  8.687819e+000 -2.290790e+001  2.000000e+002
    endloop
  endfacet
  facet normal  0.000000e+000  0.000000e+000 -1.000000e+000
    outer loop
      vertex  1.391759e+001 -2.016311e+001  2.000000e+002
      vertex  2.953149e+000 -2.432137e+001  2.000000e+002
      vertex  2.490510e+000 -1.732187e+001  2.000000e+002
    endloop
  endfacet
  facet normal  0.000000e+000  -0.000000e+000 -1.000000e+000
    outer loop
      vertex  2.490510e+000 -1.732187e+001  2.000000e+002
      vertex  2.953149e+000 -2.432137e+001  2.000000e+002
      vertex -2.953149e+000 -2.432137e+001  2.000000e+002
    endloop
  endfacet
  facet normal  0.000000e+000  0.000000e+000 -1.000000e+000
    outer loop
      vertex  2.490510e+000 -1.732187e+001  2.000000e+002
      vertex -2.953149e+000 -2.432137e+001  2.000000e+002
      vertex -2.490510e+000 -1.732187e+001  2.000000e+002
    endloop
  endfacet
  facet normal  0.000000e+000  0.000000e+000 -1.000000e+000
    outer loop
      vertex -2.490510e+000 -1.732187e+001  2.000000e+002
      vertex -2.953149e+000 -2.432137e+001  2.000000e+002
      vertex -8.687819e+000 -2.290790e+001  2.000000e+002
    endloop
  endfacet
  facet normal  0.000000e+000  0.000000e+000 -9.999999e-001
    outer loop
      vertex -2.490510e+000 -1.732187e+001  2.000000e+002
      vertex -8.687819e+000 -2.290790e+001  2.000000e+002
      vertex -1.391759e+001 -2.016311e+001  2.000000e+002
    endloop
  endfacet
  facet normal  0.000000e+000  -0.000000e+000 -9.999999e-001
    outer loop
      vertex  2.490510e+000  1.732187e+001  2.000000e+002
      vertex  8.687819e+000  2.290790e+001  2.000000e+002
      vertex  1.391759e+001  2.016311e+001  2.000000e+002
    endloop
  endfacet
  facet normal  0.000000e+000  0.000000e+000 -1.000000e+000
    outer loop
      vertex  8.687819e+000  2.290790e+001  2.000000e+002
      vertex  2.490510e+000  1.732187e+001  2.000000e+002
      vertex  2.953149e+000  2.432137e+001  2.000000e+002
    endloop
  endfacet
  facet normal  0.000000e+000  0.000000e+000 -1.000000e+000
    outer loop
      vertex  2.953149e+000  2.432137e+001  2.000000e+002
      vertex  2.490510e+000  1.732187e+001  2.000000e+002
      vertex -2.490510e+000  1.732187e+001  2.000000e+002
    endloop
  endfacet
  facet normal  0.000000e+000  0.000000e+000 -1.000000e+000
    outer loop
      vertex  2.953149e+000  2.432137e+001  2.000000e+002
      vertex -2.490510e+000  1.732187e+001  2.000000e+002
      vertex -2.953149e+000  2.432137e+001  2.000000e+002
    endloop
  endfacet
  facet normal  0.000000e+000  -0.000000e+000 -1.000000e+000
    outer loop
      vertex -2.953149e+000  2.432137e+001  2.000000e+002
      vertex -2.490510e+000  1.732187e+001  2.000000e+002
      vertex -1.391759e+001  2.016311e+001  2.000000e+002
    endloop
  endfacet
  facet normal  0.000000e+000  0.000000e+000 -1.000000e+000
    outer loop
      vertex -2.953149e+000  2.432137e+001  2.000000e+002
      vertex -1.391759e+001  2.016311e+001  2.000000e+002
      vertex -8.687819e+000  2.290790e+001  2.000000e+002
    endloop
  endfacet
  facet normal  0.000000e+000  0.000000e+000 -1.000000e+000
    outer loop
      vertex -1.679113e+001  4.930320e+000  2.000000e+002
      vertex -2.378807e+001  5.863234e+000  2.000000e+002
      vertex -1.472194e+001  9.461214e+000  2.000000e+002
    endloop
  endfacet
  facet normal  -0.000000e+000  0.000000e+000 -1.000000e+000
    outer loop
      vertex -1.472194e+001  9.461214e+000  2.000000e+002
      vertex -2.378807e+001  5.863234e+000  2.000000e+002
      vertex -2.169367e+001  1.138572e+001  2.000000e+002
    endloop
  endfacet
  facet normal  0.000000e+000  0.000000e+000 -1.000000e+000
    outer loop
      vertex -1.472194e+001  9.461214e+000  2.000000e+002
      vertex -2.169367e+001  1.138572e+001  2.000000e+002
      vertex -1.146006e+001  1.322562e+001  2.000000e+002
    endloop
  endfacet
  facet normal  -0.000000e+000  0.000000e+000 -9.999999e-001
    outer loop
      vertex -1.146006e+001  1.322562e+001  2.000000e+002
      vertex -2.169367e+001  1.138572e+001  2.000000e+002
      vertex -1.833851e+001  1.624651e+001  2.000000e+002
    endloop
  endfacet
  facet normal  0.000000e+000  0.000000e+000 -1.000000e+000
    outer loop
      vertex -1.146006e+001  1.322562e+001  2.000000e+002
      vertex -1.833851e+001  1.624651e+001  2.000000e+002
      vertex -7.269763e+000  1.591856e+001  2.000000e+002
    endloop
  endfacet
  facet normal  0.000000e+000  0.000000e+000 -1.000000e+000
    outer loop
      vertex -7.269763e+000  1.591856e+001  2.000000e+002
      vertex -1.833851e+001  1.624651e+001  2.000000e+002
      vertex -1.391759e+001  2.016311e+001  2.000000e+002
    endloop
  endfacet
  facet normal  0.000000e+000  0.000000e+000 -1.000000e+000
    outer loop
      vertex -7.269763e+000  1.591856e+001  2.000000e+002
      vertex -1.391759e+001  2.016311e+001  2.000000e+002
      vertex -2.490510e+000  1.732187e+001  2.000000e+002
    endloop
  endfacet
  facet normal  0.000000e+000  0.000000e+000 -1.000000e+000
    outer loop
      vertex -1.146006e+001 -1.322562e+001  2.000000e+002
      vertex -2.169367e+001 -1.138572e+001  2.000000e+002
      vertex -1.472194e+001 -9.461214e+000  2.000000e+002
    endloop
  endfacet
  facet normal  -0.000000e+000  0.000000e+000 -1.000000e+000
    outer loop
      vertex -1.472194e+001 -9.461214e+000  2.000000e+002
      vertex -2.169367e+001 -1.138572e+001  2.000000e+002
      vertex -2.378807e+001 -5.863234e+000  2.000000e+002
    endloop
  endfacet
  facet normal  0.000000e+000  0.000000e+000 -1.000000e+000
    outer loop
      vertex -1.472194e+001 -9.461214e+000  2.000000e+002
      vertex -2.378807e+001 -5.863234e+000  2.000000e+002
      vertex -1.679113e+001 -4.930320e+000  2.000000e+002
    endloop
  endfacet
  facet normal  -0.000000e+000  0.000000e+000 -1.000000e+000
    outer loop
      vertex -1.679113e+001 -4.930320e+000  2.000000e+002
      vertex -2.378807e+001 -5.863234e+000  2.000000e+002
      vertex -2.450000e+001  3.000385e-015  2.000000e+002
    endloop
  endfacet
  facet normal  0.000000e+000  0.000000e+000 -1.000000e+000
    outer loop
      vertex -1.679113e+001 -4.930320e+000  2.000000e+002
      vertex -2.450000e+001  3.000385e-015  2.000000e+002
      vertex -1.750000e+001  2.143132e-015  2.000000e+002
    endloop
  endfacet
  facet normal  0.000000e+000  0.000000e+000 -1.000000e+000
    outer loop
      vertex -1.750000e+001  2.143132e-015  2.000000e+002
      vertex -2.450000e+001  3.000385e-015  2.000000e+002
      vertex -2.378807e+001  5.863234e+000  2.000000e+002
    endloop
  endfacet
  facet normal  0.000000e+000  0.000000e+000 -1.000000e+000
    outer loop
      vertex -1.750000e+001  2.143132e-015  2.000000e+002
      vertex -2.378807e+001  5.863234e+000  2.000000e+002
      vertex -1.679113e+001  4.930320e+000  2.000000e+002
    endloop
  endfacet
  facet normal  0.000000e+000  0.000000e+000 -1.000000e+000
    outer loop
      vertex -1.146006e+001 -1.322562e+001  2.000000e+002
      vertex -7.269763e+000 -1.591856e+001  2.000000e+002
      vertex -2.169367e+001 -1.138572e+001  2.000000e+002
    endloop
  endfacet
  facet normal  0.000000e+000  0.000000e+000 -1.000000e+000
    outer loop
      vertex -2.169367e+001 -1.138572e+001  2.000000e+002
      vertex -7.269763e+000 -1.591856e+001  2.000000e+002
      vertex -1.833851e+001 -1.624651e+001  2.000000e+002
    endloop
  endfacet
  facet normal  0.000000e+000  0.000000e+000 -1.000000e+000
    outer loop
      vertex -7.269763e+000 -1.591856e+001  2.000000e+002
      vertex -2.490510e+000 -1.732187e+001  2.000000e+002
      vertex -1.833851e+001 -1.624651e+001  2.000000e+002
    endloop
  endfacet
  facet normal  0.000000e+000  0.000000e+000 -9.999999e-001
    outer loop
      vertex -1.833851e+001 -1.624651e+001  2.000000e+002
      vertex -2.490510e+000 -1.732187e+001  2.000000e+002
      vertex -1.391759e+001 -2.016311e+001  2.000000e+002
    endloop
  endfacet
  facet normal  0.000000e+000  0.000000e+000 -1.000000e+000
    outer loop
      vertex  1.679113e+001  4.930320e+000  2.000000e+002
      vertex  1.472194e+001  9.461214e+000  2.000000e+002
      vertex  2.378807e+001  5.863234e+000  2.000000e+002
    endloop
  endfacet
  facet normal  0.000000e+000  0.000000e+000 -1.000000e+000
    outer loop
      vertex  2.378807e+001  5.863234e+000  2.000000e+002
      vertex  1.472194e+001  9.461214e+000  2.000000e+002
      vertex  1.146006e+001  1.322562e+001  2.000000e+002
    endloop
  endfacet
  facet normal  0.000000e+000  0.000000e+000 -9.999999e-001
    outer loop
      vertex  2.378807e+001  5.863234e+000  2.000000e+002
      vertex  1.146006e+001  1.322562e+001  2.000000e+002
      vertex  2.169367e+001  1.138572e+001  2.000000e+002
    endloop
  endfacet
  facet normal  0.000000e+000  0.000000e+000 -1.000000e+000
    outer loop
      vertex  2.169367e+001  1.138572e+001  2.000000e+002
      vertex  1.146006e+001  1.322562e+001  2.000000e+002
      vertex  7.269763e+000  1.591856e+001  2.000000e+002
    endloop
  endfacet
  facet normal  0.000000e+000  0.000000e+000 -1.000000e+000
    outer loop
      vertex  2.169367e+001  1.138572e+001  2.000000e+002
      vertex  7.269763e+000  1.591856e+001  2.000000e+002
      vertex  1.833851e+001  1.624651e+001  2.000000e+002
    endloop
  endfacet
  facet normal  -0.000000e+000  0.000000e+000 -1.000000e+000
    outer loop
      vertex  1.833851e+001  1.624651e+001  2.000000e+002
      vertex  7.269763e+000  1.591856e+001  2.000000e+002
      vertex  2.490510e+000  1.732187e+001  2.000000e+002
    endloop
  endfacet
  facet normal  0.000000e+000  0.000000e+000 -9.999999e-001
    outer loop
      vertex  1.833851e+001  1.624651e+001  2.000000e+002
      vertex  2.490510e+000  1.732187e+001  2.000000e+002
      vertex  1.391759e+001  2.016311e+001  2.000000e+002
    endloop
  endfacet
  facet normal  0.000000e+000  -0.000000e+000 -1.000000e+000
    outer loop
      vertex  1.146006e+001 -1.322562e+001  2.000000e+002
      vertex  1.472194e+001 -9.461214e+000  2.000000e+002
      vertex  2.169367e+001 -1.138572e+001  2.000000e+002
    endloop
  endfacet
  facet normal  0.000000e+000  0.000000e+000 -1.000000e+000
    outer loop
      vertex  2.169367e+001 -1.138572e+001  2.000000e+002
      vertex  1.472194e+001 -9.461214e+000  2.000000e+002
      vertex  1.679113e+001 -4.930320e+000  2.000000e+002
    endloop
  endfacet
  facet normal  0.000000e+000  0.000000e+000 -1.000000e+000
    outer loop
      vertex  2.169367e+001 -1.138572e+001  2.000000e+002
      vertex  1.679113e+001 -4.930320e+000  2.000000e+002
      vertex  2.378807e+001 -5.863234e+000  2.000000e+002
    endloop
  endfacet
  facet normal  0.000000e+000  0.000000e+000 -1.000000e+000
    outer loop
      vertex  2.378807e+001 -5.863234e+000  2.000000e+002
      vertex  1.679113e+001 -4.930320e+000  2.000000e+002
      vertex  1.750000e+001  0.000000e+000  2.000000e+002
    endloop
  endfacet
  facet normal  0.000000e+000  0.000000e+000 -1.000000e+000
    outer loop
      vertex  2.378807e+001 -5.863234e+000  2.000000e+002
      vertex  1.750000e+001  0.000000e+000  2.000000e+002
      vertex  2.450000e+001 -6.000769e-015  2.000000e+002
    endloop
  endfacet
  facet normal  0.000000e+000  0.000000e+000 -1.000000e+000
    outer loop
      vertex  2.450000e+001 -6.000769e-015  2.000000e+002
      vertex  1.750000e+001  0.000000e+000  2.000000e+002
      vertex  1.679113e+001  4.930320e+000  2.000000e+002
    endloop
  endfacet
  facet normal  0.000000e+000  0.000000e+000 -1.000000e+000
    outer loop
      vertex  2.450000e+001 -6.000769e-015  2.000000e+002
      vertex  1.679113e+001  4.930320e+000  2.000000e+002
      vertex  2.378807e+001  5.863234e+000  2.000000e+002
    endloop
  endfacet
  facet normal  0.000000e+000  0.000000e+000 -9.999999e-001
    outer loop
      vertex  2.169367e+001 -1.138572e+001  2.000000e+002
      vertex  1.833851e+001 -1.624651e+001  2.000000e+002
      vertex  1.146006e+001 -1.322562e+001  2.000000e+002
    endloop
  endfacet
  facet normal  0.000000e+000  -0.000000e+000 -1.000000e+000
    outer loop
      vertex  1.146006e+001 -1.322562e+001  2.000000e+002
      vertex  1.833851e+001 -1.624651e+001  2.000000e+002
      vertex  7.269763e+000 -1.591856e+001  2.000000e+002
    endloop
  endfacet
  facet normal  0.000000e+000  0.000000e+000 -1.000000e+000
    outer loop
      vertex  1.833851e+001 -1.624651e+001  2.000000e+002
      vertex  1.391759e+001 -2.016311e+001  2.000000e+002
      vertex  7.269763e+000 -1.591856e+001  2.000000e+002
    endloop
  endfacet
  facet normal  0.000000e+000  -0.000000e+000 -1.000000e+000
    outer loop
      vertex  7.269763e+000 -1.591856e+001  2.000000e+002
      vertex  1.391759e+001 -2.016311e+001  2.000000e+002
      vertex  2.490510e+000 -1.732187e+001  2.000000e+002
    endloop
  endfacet
  facet normal  2.817324e-001 -9.594930e-001  0.000000e+000
    outer loop
      vertex -2.490510e+000  1.732187e+001  2.000000e+002
      vertex -7.269763e+000  1.591856e+001  2.080000e+002
      vertex -7.269763e+000  1.591856e+001  2.000000e+002
    endloop
  endfacet
  facet normal  5.406408e-001 -8.412535e-001  0.000000e+000
    outer loop
      vertex -7.269763e+000  1.591856e+001  2.000000e+002
      vertex -7.269763e+000  1.591856e+001  2.080000e+002
      vertex -1.146006e+001  1.322562e+001  2.080000e+002
    endloop
  endfacet
  facet normal  5.406408e-001 -8.412535e-001  0.000000e+000
    outer loop
      vertex -7.269763e+000  1.591856e+001  2.000000e+002
      vertex -1.146006e+001  1.322562e+001  2.080000e+002
      vertex -1.146006e+001  1.322562e+001  2.000000e+002
    endloop
  endfacet
  facet normal  7.557495e-001 -6.548607e-001  0.000000e+000
    outer loop
      vertex -1.146006e+001  1.322562e+001  2.000000e+002
      vertex -1.146006e+001  1.322562e+001  2.080000e+002
      vertex -1.472194e+001  9.461214e+000  2.080000e+002
    endloop
  endfacet
  facet normal  7.557495e-001 -6.548607e-001  0.000000e+000
    outer loop
      vertex -1.146006e+001  1.322562e+001  2.000000e+002
      vertex -1.472194e+001  9.461214e+000  2.080000e+002
      vertex -1.472194e+001  9.461214e+000  2.000000e+002
    endloop
  endfacet
  facet normal  9.096321e-001 -4.154148e-001  0.000000e+000
    outer loop
      vertex -1.472194e+001  9.461214e+000  2.000000e+002
      vertex -1.472194e+001  9.461214e+000  2.080000e+002
      vertex -1.679113e+001  4.930320e+000  2.080000e+002
    endloop
  endfacet
  facet normal  9.096321e-001 -4.154148e-001  0.000000e+000
    outer loop
      vertex -1.472194e+001  9.461214e+000  2.000000e+002
      vertex -1.679113e+001  4.930320e+000  2.080000e+002
      vertex -1.679113e+001  4.930320e+000  2.000000e+002
    endloop
  endfacet
  facet normal  9.898214e-001 -1.423150e-001  0.000000e+000
    outer loop
      vertex -1.679113e+001  4.930320e+000  2.000000e+002
      vertex -1.679113e+001  4.930320e+000  2.080000e+002
      vertex -1.750000e+001  2.143132e-015  2.080000e+002
    endloop
  endfacet
  facet normal  9.898214e-001 -1.423150e-001  0.000000e+000
    outer loop
      vertex -1.679113e+001  4.930320e+000  2.000000e+002
      vertex -1.750000e+001  2.143132e-015  2.080000e+002
      vertex -1.750000e+001  2.143132e-015  2.000000e+002
    endloop
  endfacet
  facet normal  2.817324e-001 -9.594930e-001  0.000000e+000
    outer loop
      vertex -7.269763e+000  1.591856e+001  2.080000e+002
      vertex -2.490510e+000  1.732187e+001  2.000000e+002
      vertex -2.490510e+000  1.732187e+001  2.080000e+002
    endloop
  endfacet
  facet normal  0.000000e+000 -1.000000e+000  0.000000e+000
    outer loop
      vertex -2.490510e+000  1.732187e+001  2.080000e+002
      vertex -2.490510e+000  1.732187e+001  2.000000e+002
      vertex  2.490510e+000  1.732187e+001  2.000000e+002
    endloop
  endfacet
  facet normal  0.000000e+000 -1.000000e+000  0.000000e+000
    outer loop
      vertex -2.490510e+000  1.732187e+001  2.080000e+002
      vertex  2.490510e+000  1.732187e+001  2.000000e+002
      vertex  2.490510e+000  1.732187e+001  2.080000e+002
    endloop
  endfacet
  facet normal -2.817324e-001 -9.594930e-001  -0.000000e+000
    outer loop
      vertex  2.490510e+000  1.732187e+001  2.080000e+002
      vertex  2.490510e+000  1.732187e+001  2.000000e+002
      vertex  7.269763e+000  1.591856e+001  2.000000e+002
    endloop
  endfacet
  facet normal -2.817324e-001 -9.594930e-001  0.000000e+000
    outer loop
      vertex  2.490510e+000  1.732187e+001  2.080000e+002
      vertex  7.269763e+000  1.591856e+001  2.000000e+002
      vertex  7.269763e+000  1.591856e+001  2.080000e+002
    endloop
  endfacet
  facet normal -5.406408e-001 -8.412535e-001  -0.000000e+000
    outer loop
      vertex  7.269763e+000  1.591856e+001  2.080000e+002
      vertex  7.269763e+000  1.591856e+001  2.000000e+002
      vertex  1.146006e+001  1.322562e+001  2.000000e+002
    endloop
  endfacet
  facet normal -5.406408e-001 -8.412535e-001  0.000000e+000
    outer loop
      vertex  7.269763e+000  1.591856e+001  2.080000e+002
      vertex  1.146006e+001  1.322562e+001  2.000000e+002
      vertex  1.146006e+001  1.322562e+001  2.080000e+002
    endloop
  endfacet
  facet normal -7.557495e-001 -6.548607e-001  -0.000000e+000
    outer loop
      vertex  1.146006e+001  1.322562e+001  2.080000e+002
      vertex  1.146006e+001  1.322562e+001  2.000000e+002
      vertex  1.472194e+001  9.461214e+000  2.000000e+002
    endloop
  endfacet
  facet normal -7.557495e-001 -6.548607e-001  0.000000e+000
    outer loop
      vertex  1.146006e+001  1.322562e+001  2.080000e+002
      vertex  1.472194e+001  9.461214e+000  2.000000e+002
      vertex  1.472194e+001  9.461214e+000  2.080000e+002
    endloop
  endfacet
  facet normal -9.096321e-001 -4.154148e-001  -0.000000e+000
    outer loop
      vertex  1.472194e+001  9.461214e+000  2.080000e+002
      vertex  1.472194e+001  9.461214e+000  2.000000e+002
      vertex  1.679113e+001  4.930320e+000  2.000000e+002
    endloop
  endfacet
  facet normal -9.096321e-001 -4.154148e-001  0.000000e+000
    outer loop
      vertex  1.472194e+001  9.461214e+000  2.080000e+002
      vertex  1.679113e+001  4.930320e+000  2.000000e+002
      vertex  1.679113e+001  4.930320e+000  2.080000e+002
    endloop
  endfacet
  facet normal -9.898214e-001 -1.423150e-001  -0.000000e+000
    outer loop
      vertex  1.679113e+001  4.930320e+000  2.080000e+002
      vertex  1.679113e+001  4.930320e+000  2.000000e+002
      vertex  1.750000e+001  0.000000e+000  2.000000e+002
    endloop
  endfacet
  facet normal -9.898214e-001 -1.423150e-001  0.000000e+000
    outer loop
      vertex  1.679113e+001  4.930320e+000  2.080000e+002
      vertex  1.750000e+001  0.000000e+000  2.000000e+002
      vertex  1.750000e+001  0.000000e+000  2.080000e+002
    endloop
  endfacet
  facet normal -2.817324e-001  9.594930e-001  0.000000e+000
    outer loop
      vertex  2.490510e+000 -1.732187e+001  2.000000e+002
      vertex  7.269763e+000 -1.591856e+001  2.080000e+002
      vertex  7.269763e+000 -1.591856e+001  2.000000e+002
    endloop
  endfacet
  facet normal -5.406408e-001  8.412535e-001  0.000000e+000
    outer loop
      vertex  7.269763e+000 -1.591856e+001  2.000000e+002
      vertex  7.269763e+000 -1.591856e+001  2.080000e+002
      vertex  1.146006e+001 -1.322562e+001  2.080000e+002
    endloop
  endfacet
  facet normal -5.406408e-001  8.412535e-001  0.000000e+000
    outer loop
      vertex  7.269763e+000 -1.591856e+001  2.000000e+002
      vertex  1.146006e+001 -1.322562e+001  2.080000e+002
      vertex  1.146006e+001 -1.322562e+001  2.000000e+002
    endloop
  endfacet
  facet normal -7.557495e-001  6.548607e-001  0.000000e+000
    outer loop
      vertex  1.146006e+001 -1.322562e+001  2.000000e+002
      vertex  1.146006e+001 -1.322562e+001  2.080000e+002
      vertex  1.472194e+001 -9.461214e+000  2.080000e+002
    endloop
  endfacet
  facet normal -7.557495e-001  6.548607e-001  0.000000e+000
    outer loop
      vertex  1.146006e+001 -1.322562e+001  2.000000e+002
      vertex  1.472194e+001 -9.461214e+000  2.080000e+002
      vertex  1.472194e+001 -9.461214e+000  2.000000e+002
    endloop
  endfacet
  facet normal -9.096321e-001  4.154148e-001  0.000000e+000
    outer loop
      vertex  1.472194e+001 -9.461214e+000  2.000000e+002
      vertex  1.472194e+001 -9.461214e+000  2.080000e+002
      vertex  1.679113e+001 -4.930320e+000  2.080000e+002
    endloop
  endfacet
  facet normal -9.096321e-001  4.154148e-001  0.000000e+000
    outer loop
      vertex  1.472194e+001 -9.461214e+000  2.000000e+002
      vertex  1.679113e+001 -4.930320e+000  2.080000e+002
      vertex  1.679113e+001 -4.930320e+000  2.000000e+002
    endloop
  endfacet
  facet normal -9.898214e-001  1.423150e-001  0.000000e+000
    outer loop
      vertex  1.679113e+001 -4.930320e+000  2.000000e+002
      vertex  1.679113e+001 -4.930320e+000  2.080000e+002
      vertex  1.750000e+001  0.000000e+000  2.080000e+002
    endloop
  endfacet
  facet normal -9.898214e-001  1.423150e-001  0.000000e+000
    outer loop
      vertex  1.679113e+001 -4.930320e+000  2.000000e+002
      vertex  1.750000e+001  0.000000e+000  2.080000e+002
      vertex  1.750000e+001  0.000000e+000  2.000000e+002
    endloop
  endfacet
  facet normal -2.817324e-001  9.594930e-001  0.000000e+000
    outer loop
      vertex  7.269763e+000 -1.591856e+001  2.080000e+002
      vertex  2.490510e+000 -1.732187e+001  2.000000e+002
      vertex  2.490510e+000 -1.732187e+001  2.080000e+002
    endloop
  endfacet
  facet normal  0.000000e+000  1.000000e+000  0.000000e+000
    outer loop
      vertex  2.490510e+000 -1.732187e+001  2.080000e+002
      vertex  2.490510e+000 -1.732187e+001  2.000000e+002
      vertex -2.490510e+000 -1.732187e+001  2.000000e+002
    endloop
  endfacet
  facet normal  0.000000e+000  1.000000e+000  0.000000e+000
    outer loop
      vertex  2.490510e+000 -1.732187e+001  2.080000e+002
      vertex -2.490510e+000 -1.732187e+001  2.000000e+002
      vertex -2.490510e+000 -1.732187e+001  2.080000e+002
    endloop
  endfacet
  facet normal  2.817324e-001  9.594930e-001  0.000000e+000
    outer loop
      vertex -2.490510e+000 -1.732187e+001  2.080000e+002
      vertex -2.490510e+000 -1.732187e+001  2.000000e+002
      vertex -7.269763e+000 -1.591856e+001  2.000000e+002
    endloop
  endfacet
  facet normal  2.817324e-001  9.594930e-001  -0.000000e+000
    outer loop
      vertex -2.490510e+000 -1.732187e+001  2.080000e+002
      vertex -7.269763e+000 -1.591856e+001  2.000000e+002
      vertex -7.269763e+000 -1.591856e+001  2.080000e+002
    endloop
  endfacet
  facet normal  5.406408e-001  8.412535e-001  0.000000e+000
    outer loop
      vertex -7.269763e+000 -1.591856e+001  2.080000e+002
      vertex -7.269763e+000 -1.591856e+001  2.000000e+002
      vertex -1.146006e+001 -1.322562e+001  2.000000e+002
    endloop
  endfacet
  facet normal  5.406408e-001  8.412535e-001  -0.000000e+000
    outer loop
      vertex -7.269763e+000 -1.591856e+001  2.080000e+002
      vertex -1.146006e+001 -1.322562e+001  2.000000e+002
      vertex -1.146006e+001 -1.322562e+001  2.080000e+002
    endloop
  endfacet
  facet normal  7.557495e-001  6.548607e-001  0.000000e+000
    outer loop
      vertex -1.146006e+001 -1.322562e+001  2.080000e+002
      vertex -1.146006e+001 -1.322562e+001  2.000000e+002
      vertex -1.472194e+001 -9.461214e+000  2.000000e+002
    endloop
  endfacet
  facet normal  7.557495e-001  6.548607e-001  -0.000000e+000
    outer loop
      vertex -1.146006e+001 -1.322562e+001  2.080000e+002
      vertex -1.472194e+001 -9.461214e+000  2.000000e+002
      vertex -1.472194e+001 -9.461214e+000  2.080000e+002
    endloop
  endfacet
  facet normal  9.096321e-001  4.154148e-001  0.000000e+000
    outer loop
      vertex -1.472194e+001 -9.461214e+000  2.080000e+002
      vertex -1.472194e+001 -9.461214e+000  2.000000e+002
      vertex -1.679113e+001 -4.930320e+000  2.000000e+002
    endloop
  endfacet
  facet normal  9.096321e-001  4.154148e-001  -0.000000e+000
    outer loop
      vertex -1.472194e+001 -9.461214e+000  2.080000e+002
      vertex -1.679113e+001 -4.930320e+000  2.000000e+002
      vertex -1.679113e+001 -4.930320e+000  2.080000e+002
    endloop
  endfacet
  facet normal  9.898214e-001  1.423150e-001  0.000000e+000
    outer loop
      vertex -1.679113e+001 -4.930320e+000  2.080000e+002
      vertex -1.679113e+001 -4.930320e+000  2.000000e+002
      vertex -1.750000e+001  2.143132e-015  2.000000e+002
    endloop
  endfacet
  facet normal  9.898214e-001  1.423150e-001  -0.000000e+000
    outer loop
      vertex -1.679113e+001 -4.930320e+000  2.080000e+002
      vertex -1.750000e+001  2.143132e-015  2.000000e+002
      vertex -1.750000e+001  2.143132e-015  2.080000e+002
    endloop
  endfacet
endsolid CATIA STL
