solid CATIA STL
  facet normal  0.000000e+000  0.000000e+000 -1.000000e+000
    outer loop
      vertex -4.862500e+001  2.570854e+001  0.000000e+000
      vertex -4.930174e+001  3.063081e+001  0.000000e+000
      vertex -4.362500e+001  3.962500e+001  0.000000e+000
    endloop
  endfacet
  facet normal  0.000000e+000  0.000000e+000 -1.000000e+000
    outer loop
      vertex -4.930174e+001  3.063081e+001  0.000000e+000
      vertex -5.128173e+001  3.518781e+001  0.000000e+000
      vertex -4.362500e+001  3.962500e+001  0.000000e+000
    endloop
  endfacet
  facet normal  -0.000000e+000  0.000000e+000 -1.000000e+000
    outer loop
      vertex  4.393775e+001  3.963725e+001  0.000000e+000
      vertex  4.927554e+001  3.293255e+001  0.000000e+000
      vertex  4.862500e+001  2.680144e+001  0.000000e+000
    endloop
  endfacet
  facet normal  0.000000e+000  -0.000000e+000 -1.000000e+000
    outer loop
      vertex -3.448637e+001  4.858588e+001  0.000000e+000
      vertex -3.280946e+001  4.871388e+001  0.000000e+000
      vertex -2.113784e+001  4.762500e+001  0.000000e+000
    endloop
  endfacet
  facet normal  0.000000e+000  -0.000000e+000 -9.999999e-001
    outer loop
      vertex -3.280946e+001  4.871388e+001  0.000000e+000
      vertex -3.144616e+001  4.969868e+001  0.000000e+000
      vertex -2.113784e+001  4.762500e+001  0.000000e+000
    endloop
  endfacet
  facet normal  0.000000e+000  0.000000e+000 -9.999999e-001
    outer loop
      vertex -3.973405e+001  4.455262e+001  0.000000e+000
      vertex -2.662500e+001  3.862500e+001  0.000000e+000
      vertex -3.962500e+001  4.362500e+001  0.000000e+000
    endloop
  endfacet
  facet normal  0.000000e+000  0.000000e+000 -1.000000e+000
    outer loop
      vertex -2.662500e+001  3.862500e+001  0.000000e+000
      vertex -4.039115e+001  4.127081e+001  0.000000e+000
      vertex -3.962500e+001  4.362500e+001  0.000000e+000
    endloop
  endfacet
  facet normal  0.000000e+000  -0.000000e+000 -1.000000e+000
    outer loop
      vertex -4.181399e+001  4.005846e+001  0.000000e+000
      vertex -4.039115e+001  4.127081e+001  0.000000e+000
      vertex -2.662500e+001  3.862500e+001  0.000000e+000
    endloop
  endfacet
  facet normal  -0.000000e+000  0.000000e+000 -1.000000e+000
    outer loop
      vertex -4.543601e+001 -4.719154e+001  0.000000e+000
      vertex -4.362500e+001 -4.762500e+001  0.000000e+000
      vertex -4.623306e+001 -5.024409e+001  0.000000e+000
    endloop
  endfacet
  facet normal  0.000000e+000  0.000000e+000 -9.999999e-001
    outer loop
      vertex -4.623306e+001 -5.024409e+001  0.000000e+000
      vertex -4.685885e+001 -4.597919e+001  0.000000e+000
      vertex -4.543601e+001 -4.719154e+001  0.000000e+000
    endloop
  endfacet
  facet normal  0.000000e+000  0.000000e+000 -1.000000e+000
    outer loop
      vertex -3.973405e+001  4.455262e+001  0.000000e+000
      vertex -4.058035e+001  4.621924e+001  0.000000e+000
      vertex -2.662500e+001  3.862500e+001  0.000000e+000
    endloop
  endfacet
  facet normal  0.000000e+000  0.000000e+000 -9.999999e-001
    outer loop
      vertex  5.273872e+001 -3.895433e+001  0.000000e+000
      vertex  4.685885e+001 -4.127081e+001  0.000000e+000
      vertex  4.543601e+001 -4.005846e+001  0.000000e+000
    endloop
  endfacet
  facet normal  0.000000e+000  0.000000e+000 -1.000000e+000
    outer loop
      vertex  5.119820e+001  3.879064e+001  0.000000e+000
      vertex  4.703686e+001  4.153712e+001  0.000000e+000
      vertex  4.762500e+001  4.362500e+001  0.000000e+000
    endloop
  endfacet
  facet normal  0.000000e+000  0.000000e+000 -1.000000e+000
    outer loop
      vertex  5.266705e+001  4.867672e+001  0.000000e+000
      vertex  4.685885e+001  4.597919e+001  0.000000e+000
      vertex  4.543601e+001  4.719154e+001  0.000000e+000
    endloop
  endfacet
  facet normal  0.000000e+000  0.000000e+000 -1.000000e+000
    outer loop
      vertex  4.209161e+001 -4.731942e+001  0.000000e+000
      vertex  3.587854e+001 -5.170560e+001  0.000000e+000
      vertex  2.515338e+001 -4.939900e+001  0.000000e+000
    endloop
  endfacet
  facet normal  0.000000e+000  0.000000e+000 -1.000000e+000
    outer loop
      vertex  5.266705e+001  5.457328e+001  0.000000e+000
      vertex  5.111705e+001  5.344714e+001  0.000000e+000
      vertex  4.697045e+001  5.416827e+001  0.000000e+000
    endloop
  endfacet
  facet normal  0.000000e+000  0.000000e+000 -1.000000e+000
    outer loop
      vertex -4.058231e+001 -4.903179e+001  0.000000e+000
      vertex -4.623306e+001 -5.024409e+001  0.000000e+000
      vertex -4.362500e+001 -4.762500e+001  0.000000e+000
    endloop
  endfacet
  facet normal  0.000000e+000  0.000000e+000 -1.000000e+000
    outer loop
      vertex -4.393775e+001 -3.963725e+001  0.000000e+000
      vertex -4.909830e+001 -3.659464e+001  0.000000e+000
      vertex -4.862500e+001 -3.341917e+001  0.000000e+000
    endloop
  endfacet
  facet normal  0.000000e+000  0.000000e+000 -1.000000e+000
    outer loop
      vertex -4.685885e+001  4.127081e+001  0.000000e+000
      vertex -5.847798e+001  4.190561e+001  0.000000e+000
      vertex -4.762500e+001  4.362500e+001  0.000000e+000
    endloop
  endfacet
  facet normal  0.000000e+000  -0.000000e+000 -1.000000e+000
    outer loop
      vertex -5.047706e+001 -3.949405e+001  0.000000e+000
      vertex -4.909830e+001 -3.659464e+001  0.000000e+000
      vertex -4.393775e+001 -3.963725e+001  0.000000e+000
    endloop
  endfacet
  facet normal  0.000000e+000  0.000000e+000 -1.000000e+000
    outer loop
      vertex  5.794309e+001 -5.589574e+001  0.000000e+000
      vertex  5.625423e+001 -5.762790e+001  0.000000e+000
      vertex  5.458295e+001 -5.632328e+001  0.000000e+000
    endloop
  endfacet
  facet normal  0.000000e+000  -0.000000e+000 -9.999999e-001
    outer loop
      vertex  4.571559e+001  4.021480e+001  0.000000e+000
      vertex  4.703686e+001  4.153712e+001  0.000000e+000
      vertex  5.119820e+001  3.879064e+001  0.000000e+000
    endloop
  endfacet
  facet normal  0.000000e+000  -0.000000e+000 -1.000000e+000
    outer loop
      vertex  4.393775e+001  3.963725e+001  0.000000e+000
      vertex  4.571559e+001  4.021480e+001  0.000000e+000
      vertex  5.119820e+001  3.879064e+001  0.000000e+000
    endloop
  endfacet
  facet normal  -0.000000e+000  0.000000e+000 -1.000000e+000
    outer loop
      vertex  4.393775e+001  3.963725e+001  0.000000e+000
      vertex  5.119820e+001  3.879064e+001  0.000000e+000
      vertex  4.927554e+001  3.293255e+001  0.000000e+000
    endloop
  endfacet
  facet normal  0.000000e+000  -0.000000e+000 -1.000000e+000
    outer loop
      vertex  2.662500e+001  3.862500e+001  0.000000e+000
      vertex  3.962500e+001  4.362500e+001  0.000000e+000
      vertex  3.973405e+001  4.269738e+001  0.000000e+000
    endloop
  endfacet
  facet normal  0.000000e+000  -0.000000e+000 -1.000000e+000
    outer loop
      vertex  2.662500e+001  3.862500e+001  0.000000e+000
      vertex  3.973405e+001  4.269738e+001  0.000000e+000
      vertex  4.058035e+001  4.103076e+001  0.000000e+000
    endloop
  endfacet
  facet normal  0.000000e+000  -0.000000e+000 -1.000000e+000
    outer loop
      vertex  2.662500e+001  3.862500e+001  0.000000e+000
      vertex  4.058035e+001  4.103076e+001  0.000000e+000
      vertex  4.209161e+001  3.993058e+001  0.000000e+000
    endloop
  endfacet
  facet normal  0.000000e+000  0.000000e+000 -1.000000e+000
    outer loop
      vertex -3.481732e+001 -4.862500e+001  0.000000e+000
      vertex -4.058231e+001 -4.903179e+001  0.000000e+000
      vertex -4.362500e+001 -4.762500e+001  0.000000e+000
    endloop
  endfacet
  facet normal  0.000000e+000  0.000000e+000 -1.000000e+000
    outer loop
      vertex -3.481732e+001 -4.862500e+001  0.000000e+000
      vertex -4.362500e+001 -4.762500e+001  0.000000e+000
      vertex -4.181399e+001 -4.719154e+001  0.000000e+000
    endloop
  endfacet
  facet normal  0.000000e+000  0.000000e+000 -1.000000e+000
    outer loop
      vertex -3.481732e+001 -4.862500e+001  0.000000e+000
      vertex -4.181399e+001 -4.719154e+001  0.000000e+000
      vertex -4.039115e+001 -4.597919e+001  0.000000e+000
    endloop
  endfacet
  facet normal  0.000000e+000  0.000000e+000 -9.999999e-001
    outer loop
      vertex -3.481732e+001 -4.862500e+001  0.000000e+000
      vertex -4.039115e+001 -4.597919e+001  0.000000e+000
      vertex -3.962500e+001 -4.362500e+001  0.000000e+000
    endloop
  endfacet
  facet normal  0.000000e+000  0.000000e+000 -1.000000e+000
    outer loop
      vertex -3.481732e+001 -4.862500e+001  0.000000e+000
      vertex -3.962500e+001 -4.362500e+001  0.000000e+000
      vertex -3.973405e+001 -4.269738e+001  0.000000e+000
    endloop
  endfacet
  facet normal  0.000000e+000  0.000000e+000 -1.000000e+000
    outer loop
      vertex -3.481732e+001 -4.862500e+001  0.000000e+000
      vertex -3.973405e+001 -4.269738e+001  0.000000e+000
      vertex -4.058035e+001 -4.103076e+001  0.000000e+000
    endloop
  endfacet
  facet normal  0.000000e+000  0.000000e+000 -9.999999e-001
    outer loop
      vertex -3.481732e+001 -4.862500e+001  0.000000e+000
      vertex -4.058035e+001 -4.103076e+001  0.000000e+000
      vertex -2.662500e+001 -3.862500e+001  0.000000e+000
    endloop
  endfacet
  facet normal  0.000000e+000  -0.000000e+000 -1.000000e+000
    outer loop
      vertex -3.481732e+001 -4.862500e+001  0.000000e+000
      vertex -2.662500e+001 -3.862500e+001  0.000000e+000
      vertex  2.662500e+001 -3.862500e+001  0.000000e+000
    endloop
  endfacet
  facet normal  0.000000e+000  0.000000e+000 -1.000000e+000
    outer loop
      vertex -3.481732e+001 -4.862500e+001  0.000000e+000
      vertex  2.662500e+001 -3.862500e+001  0.000000e+000
      vertex  1.421034e+001 -4.862500e+001  0.000000e+000
    endloop
  endfacet
  facet normal  -0.000000e+000  0.000000e+000 -1.000000e+000
    outer loop
      vertex -6.538892e+001  5.652680e+001  0.000000e+000
      vertex -3.685979e+001  5.078772e+001  0.000000e+000
      vertex -4.209161e+001  4.731942e+001  0.000000e+000
    endloop
  endfacet
  facet normal  0.000000e+000  0.000000e+000 -1.000000e+000
    outer loop
      vertex -6.538892e+001  5.652680e+001  0.000000e+000
      vertex -4.209161e+001  4.731942e+001  0.000000e+000
      vertex -4.393775e+001  4.761275e+001  0.000000e+000
    endloop
  endfacet
  facet normal  0.000000e+000  0.000000e+000 -1.000000e+000
    outer loop
      vertex -6.538892e+001  5.652680e+001  0.000000e+000
      vertex -4.393775e+001  4.761275e+001  0.000000e+000
      vertex -6.386705e+001  5.344714e+001  0.000000e+000
    endloop
  endfacet
  facet normal  0.000000e+000  0.000000e+000 -9.999999e-001
    outer loop
      vertex -6.538892e+001  5.652680e+001  0.000000e+000
      vertex -6.386705e+001  5.344714e+001  0.000000e+000
      vertex -6.541705e+001  5.457328e+001  0.000000e+000
    endloop
  endfacet
  facet normal  0.000000e+000  0.000000e+000 -1.000000e+000
    outer loop
      vertex -6.538892e+001  5.652680e+001  0.000000e+000
      vertex -6.541705e+001  5.457328e+001  0.000000e+000
      vertex -6.774976e+001  5.643229e+001  0.000000e+000
    endloop
  endfacet
  facet normal  0.000000e+000  0.000000e+000 -1.000000e+000
    outer loop
      vertex  5.765257e+001  4.866211e+001  0.000000e+000
      vertex  5.430734e+001  4.411483e+001  0.000000e+000
      vertex  5.458295e+001  4.867672e+001  0.000000e+000
    endloop
  endfacet
  facet normal  0.000000e+000  0.000000e+000 -1.000000e+000
    outer loop
      vertex  5.765257e+001  4.866211e+001  0.000000e+000
      vertex  5.458295e+001  4.867672e+001  0.000000e+000
      vertex  5.613295e+001  4.980286e+001  0.000000e+000
    endloop
  endfacet
  facet normal  0.000000e+000  0.000000e+000 -9.999999e-001
    outer loop
      vertex  5.765257e+001  4.866211e+001  0.000000e+000
      vertex  5.613295e+001  4.980286e+001  0.000000e+000
      vertex  5.672500e+001  5.162500e+001  0.000000e+000
    endloop
  endfacet
  facet normal  0.000000e+000  0.000000e+000 -1.000000e+000
    outer loop
      vertex  5.765257e+001  4.866211e+001  0.000000e+000
      vertex  5.672500e+001  5.162500e+001  0.000000e+000
      vertex  5.859442e+001  5.107284e+001  0.000000e+000
    endloop
  endfacet
  facet normal  0.000000e+000  -0.000000e+000 -1.000000e+000
    outer loop
      vertex  1.421034e+001 -4.862500e+001  0.000000e+000
      vertex  2.662500e+001 -3.862500e+001  0.000000e+000
      vertex  3.962500e+001 -4.362500e+001  0.000000e+000
    endloop
  endfacet
  facet normal  0.000000e+000  -0.000000e+000 -1.000000e+000
    outer loop
      vertex  1.421034e+001 -4.862500e+001  0.000000e+000
      vertex  3.962500e+001 -4.362500e+001  0.000000e+000
      vertex  3.973405e+001 -4.455262e+001  0.000000e+000
    endloop
  endfacet
  facet normal  0.000000e+000  -0.000000e+000 -1.000000e+000
    outer loop
      vertex  1.421034e+001 -4.862500e+001  0.000000e+000
      vertex  3.973405e+001 -4.455262e+001  0.000000e+000
      vertex  4.058035e+001 -4.621924e+001  0.000000e+000
    endloop
  endfacet
  facet normal  0.000000e+000  -0.000000e+000 -1.000000e+000
    outer loop
      vertex  1.421034e+001 -4.862500e+001  0.000000e+000
      vertex  4.058035e+001 -4.621924e+001  0.000000e+000
      vertex  4.209161e+001 -4.731942e+001  0.000000e+000
    endloop
  endfacet
  facet normal  0.000000e+000  0.000000e+000 -1.000000e+000
    outer loop
      vertex  1.421034e+001 -4.862500e+001  0.000000e+000
      vertex  4.209161e+001 -4.731942e+001  0.000000e+000
      vertex  2.515338e+001 -4.939900e+001  0.000000e+000
    endloop
  endfacet
  facet normal  -0.000000e+000  0.000000e+000 -1.000000e+000
    outer loop
      vertex -6.541705e+001  4.867672e+001  0.000000e+000
      vertex -4.393775e+001  4.761275e+001  0.000000e+000
      vertex -4.571559e+001  4.703520e+001  0.000000e+000
    endloop
  endfacet
  facet normal  -0.000000e+000  0.000000e+000 -9.999999e-001
    outer loop
      vertex -6.541705e+001  4.867672e+001  0.000000e+000
      vertex -4.571559e+001  4.703520e+001  0.000000e+000
      vertex -4.703686e+001  4.571288e+001  0.000000e+000
    endloop
  endfacet
  facet normal  -0.000000e+000  0.000000e+000 -1.000000e+000
    outer loop
      vertex -6.541705e+001  4.867672e+001  0.000000e+000
      vertex -4.703686e+001  4.571288e+001  0.000000e+000
      vertex -4.762500e+001  4.362500e+001  0.000000e+000
    endloop
  endfacet
  facet normal  -0.000000e+000  0.000000e+000 -1.000000e+000
    outer loop
      vertex -6.541705e+001  4.867672e+001  0.000000e+000
      vertex -4.762500e+001  4.362500e+001  0.000000e+000
      vertex -5.847798e+001  4.190561e+001  0.000000e+000
    endloop
  endfacet
  facet normal  0.000000e+000  0.000000e+000 -1.000000e+000
    outer loop
      vertex -6.541705e+001  4.867672e+001  0.000000e+000
      vertex -5.847798e+001  4.190561e+001  0.000000e+000
      vertex -6.867400e+001  4.718488e+001  0.000000e+000
    endloop
  endfacet
  facet normal  0.000000e+000  0.000000e+000 -1.000000e+000
    outer loop
      vertex -6.541705e+001  4.867672e+001  0.000000e+000
      vertex -6.867400e+001  4.718488e+001  0.000000e+000
      vertex -6.733295e+001  4.867672e+001  0.000000e+000
    endloop
  endfacet
  facet normal  -0.000000e+000  0.000000e+000 -1.000000e+000
    outer loop
      vertex  2.662500e+001 -3.862500e+001  0.000000e+000
      vertex  4.362500e+001 -3.962500e+001  0.000000e+000
      vertex  4.181399e+001 -4.005846e+001  0.000000e+000
    endloop
  endfacet
  facet normal  -0.000000e+000  0.000000e+000 -1.000000e+000
    outer loop
      vertex  2.662500e+001 -3.862500e+001  0.000000e+000
      vertex  4.181399e+001 -4.005846e+001  0.000000e+000
      vertex  4.039115e+001 -4.127081e+001  0.000000e+000
    endloop
  endfacet
  facet normal  -0.000000e+000  0.000000e+000 -1.000000e+000
    outer loop
      vertex  2.662500e+001 -3.862500e+001  0.000000e+000
      vertex  4.039115e+001 -4.127081e+001  0.000000e+000
      vertex  3.962500e+001 -4.362500e+001  0.000000e+000
    endloop
  endfacet
  facet normal  -0.000000e+000  0.000000e+000 -1.000000e+000
    outer loop
      vertex  1.573105e+001  4.762500e+001  0.000000e+000
      vertex  4.181399e+001  4.719154e+001  0.000000e+000
      vertex  4.039115e+001  4.597919e+001  0.000000e+000
    endloop
  endfacet
  facet normal  -0.000000e+000  0.000000e+000 -1.000000e+000
    outer loop
      vertex  1.573105e+001  4.762500e+001  0.000000e+000
      vertex  4.039115e+001  4.597919e+001  0.000000e+000
      vertex  3.962500e+001  4.362500e+001  0.000000e+000
    endloop
  endfacet
  facet normal  -0.000000e+000  0.000000e+000 -1.000000e+000
    outer loop
      vertex  1.573105e+001  4.762500e+001  0.000000e+000
      vertex  3.962500e+001  4.362500e+001  0.000000e+000
      vertex  2.662500e+001  3.862500e+001  0.000000e+000
    endloop
  endfacet
  facet normal  0.000000e+000  0.000000e+000 -1.000000e+000
    outer loop
      vertex  5.266705e+001 -5.042672e+001  0.000000e+000
      vertex  4.393775e+001 -4.761275e+001  0.000000e+000
      vertex  4.571559e+001 -4.703520e+001  0.000000e+000
    endloop
  endfacet
  facet normal  0.000000e+000  0.000000e+000 -1.000000e+000
    outer loop
      vertex  5.266705e+001 -5.042672e+001  0.000000e+000
      vertex  4.571559e+001 -4.703520e+001  0.000000e+000
      vertex  4.703686e+001 -4.571288e+001  0.000000e+000
    endloop
  endfacet
  facet normal  0.000000e+000  0.000000e+000 -9.999999e-001
    outer loop
      vertex  5.266705e+001 -5.042672e+001  0.000000e+000
      vertex  4.703686e+001 -4.571288e+001  0.000000e+000
      vertex  4.762500e+001 -4.362500e+001  0.000000e+000
    endloop
  endfacet
  facet normal  0.000000e+000  0.000000e+000 -9.999999e-001
    outer loop
      vertex  5.266705e+001 -5.042672e+001  0.000000e+000
      vertex  4.762500e+001 -4.362500e+001  0.000000e+000
      vertex  4.685885e+001 -4.127081e+001  0.000000e+000
    endloop
  endfacet
  facet normal  0.000000e+000  0.000000e+000 -1.000000e+000
    outer loop
      vertex  5.266705e+001 -5.042672e+001  0.000000e+000
      vertex  4.685885e+001 -4.127081e+001  0.000000e+000
      vertex  5.273872e+001 -3.895433e+001  0.000000e+000
    endloop
  endfacet
  facet normal  0.000000e+000  -0.000000e+000 -1.000000e+000
    outer loop
      vertex  5.266705e+001 -5.042672e+001  0.000000e+000
      vertex  5.273872e+001 -3.895433e+001  0.000000e+000
      vertex  5.588459e+001 -4.654554e+001  0.000000e+000
    endloop
  endfacet
  facet normal  0.000000e+000  0.000000e+000 -1.000000e+000
    outer loop
      vertex  5.266705e+001 -5.042672e+001  0.000000e+000
      vertex  5.588459e+001 -4.654554e+001  0.000000e+000
      vertex  5.458295e+001 -5.042672e+001  0.000000e+000
    endloop
  endfacet
  facet normal  -0.000000e+000  0.000000e+000 -1.000000e+000
    outer loop
      vertex  4.393775e+001 -4.761275e+001  0.000000e+000
      vertex  5.266705e+001 -5.042672e+001  0.000000e+000
      vertex  5.111705e+001 -5.155286e+001  0.000000e+000
    endloop
  endfacet
  facet normal  -0.000000e+000  0.000000e+000 -1.000000e+000
    outer loop
      vertex  4.393775e+001 -4.761275e+001  0.000000e+000
      vertex  5.111705e+001 -5.155286e+001  0.000000e+000
      vertex  5.052500e+001 -5.337500e+001  0.000000e+000
    endloop
  endfacet
  facet normal  -0.000000e+000  0.000000e+000 -1.000000e+000
    outer loop
      vertex  4.393775e+001 -4.761275e+001  0.000000e+000
      vertex  5.052500e+001 -5.337500e+001  0.000000e+000
      vertex  4.617224e+001 -5.549886e+001  0.000000e+000
    endloop
  endfacet
  facet normal  0.000000e+000  0.000000e+000 -1.000000e+000
    outer loop
      vertex  4.393775e+001 -4.761275e+001  0.000000e+000
      vertex  4.617224e+001 -5.549886e+001  0.000000e+000
      vertex  3.587854e+001 -5.170560e+001  0.000000e+000
    endloop
  endfacet
  facet normal  0.000000e+000  0.000000e+000 -1.000000e+000
    outer loop
      vertex  4.393775e+001 -4.761275e+001  0.000000e+000
      vertex  3.587854e+001 -5.170560e+001  0.000000e+000
      vertex  4.209161e+001 -4.731942e+001  0.000000e+000
    endloop
  endfacet
  facet normal  -0.000000e+000  0.000000e+000 -1.000000e+000
    outer loop
      vertex  4.209161e+001  3.993058e+001  0.000000e+000
      vertex  4.393775e+001  3.963725e+001  0.000000e+000
      vertex  4.362500e+001 -3.962500e+001  0.000000e+000
    endloop
  endfacet
  facet normal  0.000000e+000  0.000000e+000 -1.000000e+000
    outer loop
      vertex  4.209161e+001  3.993058e+001  0.000000e+000
      vertex  4.362500e+001 -3.962500e+001  0.000000e+000
      vertex  3.862500e+001  2.662500e+001  0.000000e+000
    endloop
  endfacet
  facet normal  0.000000e+000  0.000000e+000 -1.000000e+000
    outer loop
      vertex  4.209161e+001  3.993058e+001  0.000000e+000
      vertex  3.862500e+001  2.662500e+001  0.000000e+000
      vertex  3.803768e+001  3.033320e+001  0.000000e+000
    endloop
  endfacet
  facet normal  0.000000e+000  0.000000e+000 -9.999999e-001
    outer loop
      vertex  4.209161e+001  3.993058e+001  0.000000e+000
      vertex  3.803768e+001  3.033320e+001  0.000000e+000
      vertex  3.633320e+001  3.367842e+001  0.000000e+000
    endloop
  endfacet
  facet normal  0.000000e+000  0.000000e+000 -1.000000e+000
    outer loop
      vertex  4.209161e+001  3.993058e+001  0.000000e+000
      vertex  3.633320e+001  3.367842e+001  0.000000e+000
      vertex  3.367842e+001  3.633320e+001  0.000000e+000
    endloop
  endfacet
  facet normal  0.000000e+000  0.000000e+000 -1.000000e+000
    outer loop
      vertex  4.209161e+001  3.993058e+001  0.000000e+000
      vertex  3.367842e+001  3.633320e+001  0.000000e+000
      vertex  3.033320e+001  3.803768e+001  0.000000e+000
    endloop
  endfacet
  facet normal  0.000000e+000  0.000000e+000 -9.999999e-001
    outer loop
      vertex  4.209161e+001  3.993058e+001  0.000000e+000
      vertex  3.033320e+001  3.803768e+001  0.000000e+000
      vertex  2.662500e+001  3.862500e+001  0.000000e+000
    endloop
  endfacet
  facet normal  0.000000e+000  -0.000000e+000 -1.000000e+000
    outer loop
      vertex -4.209161e+001 -3.993058e+001  0.000000e+000
      vertex -3.862500e+001  2.662500e+001  0.000000e+000
      vertex -3.862500e+001 -2.662500e+001  0.000000e+000
    endloop
  endfacet
  facet normal  0.000000e+000  -0.000000e+000 -1.000000e+000
    outer loop
      vertex -4.209161e+001 -3.993058e+001  0.000000e+000
      vertex -3.862500e+001 -2.662500e+001  0.000000e+000
      vertex -3.803768e+001 -3.033320e+001  0.000000e+000
    endloop
  endfacet
  facet normal  0.000000e+000  -0.000000e+000 -9.999999e-001
    outer loop
      vertex -4.209161e+001 -3.993058e+001  0.000000e+000
      vertex -3.803768e+001 -3.033320e+001  0.000000e+000
      vertex -3.633320e+001 -3.367842e+001  0.000000e+000
    endloop
  endfacet
  facet normal  0.000000e+000  -0.000000e+000 -1.000000e+000
    outer loop
      vertex -4.209161e+001 -3.993058e+001  0.000000e+000
      vertex -3.633320e+001 -3.367842e+001  0.000000e+000
      vertex -3.367842e+001 -3.633320e+001  0.000000e+000
    endloop
  endfacet
  facet normal  0.000000e+000  -0.000000e+000 -1.000000e+000
    outer loop
      vertex -4.209161e+001 -3.993058e+001  0.000000e+000
      vertex -3.367842e+001 -3.633320e+001  0.000000e+000
      vertex -3.033320e+001 -3.803768e+001  0.000000e+000
    endloop
  endfacet
  facet normal  0.000000e+000  -0.000000e+000 -9.999999e-001
    outer loop
      vertex -4.209161e+001 -3.993058e+001  0.000000e+000
      vertex -3.033320e+001 -3.803768e+001  0.000000e+000
      vertex -2.662500e+001 -3.862500e+001  0.000000e+000
    endloop
  endfacet
  facet normal  0.000000e+000  0.000000e+000 -1.000000e+000
    outer loop
      vertex -4.209161e+001 -3.993058e+001  0.000000e+000
      vertex -2.662500e+001 -3.862500e+001  0.000000e+000
      vertex -4.058035e+001 -4.103076e+001  0.000000e+000
    endloop
  endfacet
  facet normal  0.000000e+000  -0.000000e+000 -1.000000e+000
    outer loop
      vertex -4.209161e+001  4.731942e+001  0.000000e+000
      vertex -3.685979e+001  5.078772e+001  0.000000e+000
      vertex -3.598334e+001  4.935236e+001  0.000000e+000
    endloop
  endfacet
  facet normal  0.000000e+000  -0.000000e+000 -9.999999e-001
    outer loop
      vertex -4.209161e+001  4.731942e+001  0.000000e+000
      vertex -3.598334e+001  4.935236e+001  0.000000e+000
      vertex -3.448637e+001  4.858588e+001  0.000000e+000
    endloop
  endfacet
  facet normal  0.000000e+000  -0.000000e+000 -1.000000e+000
    outer loop
      vertex -4.209161e+001  4.731942e+001  0.000000e+000
      vertex -3.448637e+001  4.858588e+001  0.000000e+000
      vertex -2.113784e+001  4.762500e+001  0.000000e+000
    endloop
  endfacet
  facet normal  0.000000e+000  -0.000000e+000 -1.000000e+000
    outer loop
      vertex -5.264142e+001 -4.186536e+001  0.000000e+000
      vertex -5.047706e+001 -3.949405e+001  0.000000e+000
      vertex -4.393775e+001 -3.963725e+001  0.000000e+000
    endloop
  endfacet
  facet normal  0.000000e+000  0.000000e+000 -1.000000e+000
    outer loop
      vertex -5.264142e+001 -4.186536e+001  0.000000e+000
      vertex -4.393775e+001 -3.963725e+001  0.000000e+000
      vertex -4.571559e+001 -4.021480e+001  0.000000e+000
    endloop
  endfacet
  facet normal  0.000000e+000  0.000000e+000 -1.000000e+000
    outer loop
      vertex -5.264142e+001 -4.186536e+001  0.000000e+000
      vertex -4.571559e+001 -4.021480e+001  0.000000e+000
      vertex -4.703686e+001 -4.153712e+001  0.000000e+000
    endloop
  endfacet
  facet normal  0.000000e+000  0.000000e+000 -1.000000e+000
    outer loop
      vertex -5.264142e+001 -4.186536e+001  0.000000e+000
      vertex -4.703686e+001 -4.153712e+001  0.000000e+000
      vertex -4.762500e+001 -4.362500e+001  0.000000e+000
    endloop
  endfacet
  facet normal  0.000000e+000  0.000000e+000 -9.999999e-001
    outer loop
      vertex -5.264142e+001 -4.186536e+001  0.000000e+000
      vertex -4.762500e+001 -4.362500e+001  0.000000e+000
      vertex -5.540322e+001 -4.350242e+001  0.000000e+000
    endloop
  endfacet
  facet normal  0.000000e+000  0.000000e+000 -9.999999e-001
    outer loop
      vertex -4.393775e+001  4.761275e+001  0.000000e+000
      vertex -6.541705e+001  4.867672e+001  0.000000e+000
      vertex -6.386705e+001  4.980286e+001  0.000000e+000
    endloop
  endfacet
  facet normal  0.000000e+000  0.000000e+000 -1.000000e+000
    outer loop
      vertex -4.393775e+001  4.761275e+001  0.000000e+000
      vertex -6.386705e+001  4.980286e+001  0.000000e+000
      vertex -6.327500e+001  5.162500e+001  0.000000e+000
    endloop
  endfacet
  facet normal  0.000000e+000  0.000000e+000 -1.000000e+000
    outer loop
      vertex -4.393775e+001  4.761275e+001  0.000000e+000
      vertex -6.327500e+001  5.162500e+001  0.000000e+000
      vertex -6.386705e+001  5.344714e+001  0.000000e+000
    endloop
  endfacet
  facet normal  0.000000e+000  0.000000e+000 -1.000000e+000
    outer loop
      vertex -5.441806e+001  3.904140e+001  0.000000e+000
      vertex -5.847798e+001  4.190561e+001  0.000000e+000
      vertex -4.685885e+001  4.127081e+001  0.000000e+000
    endloop
  endfacet
  facet normal  0.000000e+000  -0.000000e+000 -1.000000e+000
    outer loop
      vertex -5.441806e+001  3.904140e+001  0.000000e+000
      vertex -4.685885e+001  4.127081e+001  0.000000e+000
      vertex -4.543601e+001  4.005846e+001  0.000000e+000
    endloop
  endfacet
  facet normal  0.000000e+000  -0.000000e+000 -1.000000e+000
    outer loop
      vertex -5.441806e+001  3.904140e+001  0.000000e+000
      vertex -4.543601e+001  4.005846e+001  0.000000e+000
      vertex -4.362500e+001  3.962500e+001  0.000000e+000
    endloop
  endfacet
  facet normal  0.000000e+000  0.000000e+000 -1.000000e+000
    outer loop
      vertex -5.441806e+001  3.904140e+001  0.000000e+000
      vertex -4.362500e+001  3.962500e+001  0.000000e+000
      vertex -5.128173e+001  3.518781e+001  0.000000e+000
    endloop
  endfacet
  facet normal  0.000000e+000  -0.000000e+000 -1.000000e+000
    outer loop
      vertex -4.362500e+001  3.962500e+001  0.000000e+000
      vertex -4.181399e+001  4.005846e+001  0.000000e+000
      vertex -2.662500e+001  3.862500e+001  0.000000e+000
    endloop
  endfacet
  facet normal  -0.000000e+000  0.000000e+000 -1.000000e+000
    outer loop
      vertex -4.362500e+001  3.962500e+001  0.000000e+000
      vertex -2.662500e+001  3.862500e+001  0.000000e+000
      vertex -3.033320e+001  3.803768e+001  0.000000e+000
    endloop
  endfacet
  facet normal  -0.000000e+000  0.000000e+000 -1.000000e+000
    outer loop
      vertex -4.362500e+001  3.962500e+001  0.000000e+000
      vertex -3.033320e+001  3.803768e+001  0.000000e+000
      vertex -3.367842e+001  3.633320e+001  0.000000e+000
    endloop
  endfacet
  facet normal  -0.000000e+000  0.000000e+000 -1.000000e+000
    outer loop
      vertex -4.362500e+001  3.962500e+001  0.000000e+000
      vertex -3.367842e+001  3.633320e+001  0.000000e+000
      vertex -3.633320e+001  3.367842e+001  0.000000e+000
    endloop
  endfacet
  facet normal  -0.000000e+000  0.000000e+000 -1.000000e+000
    outer loop
      vertex -4.362500e+001  3.962500e+001  0.000000e+000
      vertex -3.633320e+001  3.367842e+001  0.000000e+000
      vertex -3.803768e+001  3.033320e+001  0.000000e+000
    endloop
  endfacet
  facet normal  -0.000000e+000  0.000000e+000 -1.000000e+000
    outer loop
      vertex -4.362500e+001  3.962500e+001  0.000000e+000
      vertex -3.803768e+001  3.033320e+001  0.000000e+000
      vertex -3.862500e+001  2.662500e+001  0.000000e+000
    endloop
  endfacet
  facet normal  0.000000e+000  0.000000e+000 -1.000000e+000
    outer loop
      vertex  4.362500e+001 -3.962500e+001  0.000000e+000
      vertex  2.662500e+001 -3.862500e+001  0.000000e+000
      vertex  3.033320e+001 -3.803768e+001  0.000000e+000
    endloop
  endfacet
  facet normal  0.000000e+000  0.000000e+000 -1.000000e+000
    outer loop
      vertex  4.362500e+001 -3.962500e+001  0.000000e+000
      vertex  3.033320e+001 -3.803768e+001  0.000000e+000
      vertex  3.367842e+001 -3.633320e+001  0.000000e+000
    endloop
  endfacet
  facet normal  0.000000e+000  0.000000e+000 -1.000000e+000
    outer loop
      vertex  4.362500e+001 -3.962500e+001  0.000000e+000
      vertex  3.367842e+001 -3.633320e+001  0.000000e+000
      vertex  3.633320e+001 -3.367842e+001  0.000000e+000
    endloop
  endfacet
  facet normal  0.000000e+000  0.000000e+000 -1.000000e+000
    outer loop
      vertex  4.362500e+001 -3.962500e+001  0.000000e+000
      vertex  3.633320e+001 -3.367842e+001  0.000000e+000
      vertex  3.803768e+001 -3.033320e+001  0.000000e+000
    endloop
  endfacet
  facet normal  0.000000e+000  0.000000e+000 -1.000000e+000
    outer loop
      vertex  4.362500e+001 -3.962500e+001  0.000000e+000
      vertex  3.803768e+001 -3.033320e+001  0.000000e+000
      vertex  3.862500e+001 -2.662500e+001  0.000000e+000
    endloop
  endfacet
  facet normal  0.000000e+000  0.000000e+000 -1.000000e+000
    outer loop
      vertex  4.362500e+001 -3.962500e+001  0.000000e+000
      vertex  3.862500e+001 -2.662500e+001  0.000000e+000
      vertex  3.862500e+001  2.662500e+001  0.000000e+000
    endloop
  endfacet
  facet normal  0.000000e+000  0.000000e+000 -1.000000e+000
    outer loop
      vertex  4.362500e+001  4.762500e+001  0.000000e+000
      vertex  4.181399e+001  4.719154e+001  0.000000e+000
      vertex  1.573105e+001  4.762500e+001  0.000000e+000
    endloop
  endfacet
  facet normal  0.000000e+000  0.000000e+000 -1.000000e+000
    outer loop
      vertex  4.362500e+001  4.762500e+001  0.000000e+000
      vertex  1.573105e+001  4.762500e+001  0.000000e+000
      vertex  2.641232e+001  4.836129e+001  0.000000e+000
    endloop
  endfacet
  facet normal  0.000000e+000  0.000000e+000 -1.000000e+000
    outer loop
      vertex  4.362500e+001  4.762500e+001  0.000000e+000
      vertex  2.641232e+001  4.836129e+001  0.000000e+000
      vertex  3.689153e+001  5.055622e+001  0.000000e+000
    endloop
  endfacet
  facet normal  0.000000e+000  0.000000e+000 -9.999999e-001
    outer loop
      vertex  4.362500e+001  4.762500e+001  0.000000e+000
      vertex  3.689153e+001  5.055622e+001  0.000000e+000
      vertex  4.697045e+001  5.416827e+001  0.000000e+000
    endloop
  endfacet
  facet normal  0.000000e+000  -0.000000e+000 -1.000000e+000
    outer loop
      vertex  4.362500e+001  4.762500e+001  0.000000e+000
      vertex  4.697045e+001  5.416827e+001  0.000000e+000
      vertex  5.111705e+001  5.344714e+001  0.000000e+000
    endloop
  endfacet
  facet normal  0.000000e+000  0.000000e+000 -1.000000e+000
    outer loop
      vertex  4.362500e+001  4.762500e+001  0.000000e+000
      vertex  5.111705e+001  5.344714e+001  0.000000e+000
      vertex  5.052500e+001  5.162500e+001  0.000000e+000
    endloop
  endfacet
  facet normal  0.000000e+000  -0.000000e+000 -1.000000e+000
    outer loop
      vertex  4.362500e+001  4.762500e+001  0.000000e+000
      vertex  5.052500e+001  5.162500e+001  0.000000e+000
      vertex  5.111705e+001  4.980286e+001  0.000000e+000
    endloop
  endfacet
  facet normal  0.000000e+000  -0.000000e+000 -1.000000e+000
    outer loop
      vertex  4.362500e+001  4.762500e+001  0.000000e+000
      vertex  5.111705e+001  4.980286e+001  0.000000e+000
      vertex  5.266705e+001  4.867672e+001  0.000000e+000
    endloop
  endfacet
  facet normal  0.000000e+000  0.000000e+000 -1.000000e+000
    outer loop
      vertex  4.362500e+001  4.762500e+001  0.000000e+000
      vertex  5.266705e+001  4.867672e+001  0.000000e+000
      vertex  4.543601e+001  4.719154e+001  0.000000e+000
    endloop
  endfacet
  facet normal  0.000000e+000  -0.000000e+000 -1.000000e+000
    outer loop
      vertex  4.362500e+001 -3.962500e+001  0.000000e+000
      vertex  4.393775e+001  3.963725e+001  0.000000e+000
      vertex  4.862500e+001  2.680144e+001  0.000000e+000
    endloop
  endfacet
  facet normal  0.000000e+000  -0.000000e+000 -9.999999e-001
    outer loop
      vertex  4.362500e+001 -3.962500e+001  0.000000e+000
      vertex  4.862500e+001  2.680144e+001  0.000000e+000
      vertex  4.862500e+001 -1.475318e+001  0.000000e+000
    endloop
  endfacet
  facet normal  0.000000e+000  -0.000000e+000 -1.000000e+000
    outer loop
      vertex  4.362500e+001 -3.962500e+001  0.000000e+000
      vertex  4.862500e+001 -1.475318e+001  0.000000e+000
      vertex  4.908594e+001 -2.295748e+001  0.000000e+000
    endloop
  endfacet
  facet normal  0.000000e+000  -0.000000e+000 -1.000000e+000
    outer loop
      vertex  4.362500e+001 -3.962500e+001  0.000000e+000
      vertex  4.908594e+001 -2.295748e+001  0.000000e+000
      vertex  5.046296e+001 -3.105852e+001  0.000000e+000
    endloop
  endfacet
  facet normal  0.000000e+000  -0.000000e+000 -1.000000e+000
    outer loop
      vertex  4.362500e+001 -3.962500e+001  0.000000e+000
      vertex  5.046296e+001 -3.105852e+001  0.000000e+000
      vertex  5.273872e+001 -3.895433e+001  0.000000e+000
    endloop
  endfacet
  facet normal  0.000000e+000  0.000000e+000 -1.000000e+000
    outer loop
      vertex  4.362500e+001 -3.962500e+001  0.000000e+000
      vertex  5.273872e+001 -3.895433e+001  0.000000e+000
      vertex  4.543601e+001 -4.005846e+001  0.000000e+000
    endloop
  endfacet
  facet normal  -0.000000e+000  0.000000e+000 -1.000000e+000
    outer loop
      vertex  5.458295e+001  5.457328e+001  0.000000e+000
      vertex  5.820472e+001  5.363153e+001  0.000000e+000
      vertex  5.613295e+001  5.344714e+001  0.000000e+000
    endloop
  endfacet
  facet normal  0.000000e+000  0.000000e+000 -9.999999e-001
    outer loop
      vertex  5.613295e+001  5.344714e+001  0.000000e+000
      vertex  5.820472e+001  5.363153e+001  0.000000e+000
      vertex  5.859442e+001  5.107284e+001  0.000000e+000
    endloop
  endfacet
  facet normal  0.000000e+000  0.000000e+000 -1.000000e+000
    outer loop
      vertex  5.613295e+001  5.344714e+001  0.000000e+000
      vertex  5.859442e+001  5.107284e+001  0.000000e+000
      vertex  5.672500e+001  5.162500e+001  0.000000e+000
    endloop
  endfacet
  facet normal  0.000000e+000  0.000000e+000 -1.000000e+000
    outer loop
      vertex  5.820472e+001  5.363153e+001  0.000000e+000
      vertex  5.458295e+001  5.457328e+001  0.000000e+000
      vertex  5.658789e+001  5.565257e+001  0.000000e+000
    endloop
  endfacet
  facet normal  0.000000e+000  0.000000e+000 -1.000000e+000
    outer loop
      vertex  5.658789e+001  5.565257e+001  0.000000e+000
      vertex  5.458295e+001  5.457328e+001  0.000000e+000
      vertex  5.266705e+001  5.457328e+001  0.000000e+000
    endloop
  endfacet
  facet normal  0.000000e+000  0.000000e+000 -1.000000e+000
    outer loop
      vertex  5.658789e+001  5.565257e+001  0.000000e+000
      vertex  5.266705e+001  5.457328e+001  0.000000e+000
      vertex  5.417716e+001  5.659442e+001  0.000000e+000
    endloop
  endfacet
  facet normal  0.000000e+000  0.000000e+000 -9.999999e-001
    outer loop
      vertex  5.417716e+001  5.659442e+001  0.000000e+000
      vertex  5.266705e+001  5.457328e+001  0.000000e+000
      vertex  4.697045e+001  5.416827e+001  0.000000e+000
    endloop
  endfacet
  facet normal  0.000000e+000  0.000000e+000 -1.000000e+000
    outer loop
      vertex  5.417716e+001  5.659442e+001  0.000000e+000
      vertex  4.697045e+001  5.416827e+001  0.000000e+000
      vertex  5.161847e+001  5.620472e+001  0.000000e+000
    endloop
  endfacet
  facet normal  0.000000e+000  -0.000000e+000 -1.000000e+000
    outer loop
      vertex -6.934644e+001 -5.739626e+001  0.000000e+000
      vertex -6.733295e+001 -5.632328e+001  0.000000e+000
      vertex -6.690826e+001 -5.834648e+001  0.000000e+000
    endloop
  endfacet
  facet normal  0.000000e+000  0.000000e+000 -1.000000e+000
    outer loop
      vertex -6.690826e+001 -5.834648e+001  0.000000e+000
      vertex -6.733295e+001 -5.632328e+001  0.000000e+000
      vertex -6.541705e+001 -5.632328e+001  0.000000e+000
    endloop
  endfacet
  facet normal  0.000000e+000  -0.000000e+000 -1.000000e+000
    outer loop
      vertex -6.690826e+001 -5.834648e+001  0.000000e+000
      vertex -6.541705e+001 -5.632328e+001  0.000000e+000
      vertex -6.432401e+001 -5.793499e+001  0.000000e+000
    endloop
  endfacet
  facet normal  0.000000e+000  0.000000e+000 -9.999999e-001
    outer loop
      vertex -4.762500e+001 -4.362500e+001  0.000000e+000
      vertex -6.541705e+001 -5.042672e+001  0.000000e+000
      vertex -5.540322e+001 -4.350242e+001  0.000000e+000
    endloop
  endfacet
  facet normal  0.000000e+000  0.000000e+000 -1.000000e+000
    outer loop
      vertex -5.540322e+001 -4.350242e+001  0.000000e+000
      vertex -6.541705e+001 -5.042672e+001  0.000000e+000
      vertex -6.733295e+001 -5.042672e+001  0.000000e+000
    endloop
  endfacet
  facet normal  0.000000e+000  0.000000e+000 -9.999999e-001
    outer loop
      vertex -5.540322e+001 -4.350242e+001  0.000000e+000
      vertex -6.733295e+001 -5.042672e+001  0.000000e+000
      vertex -6.826259e+001 -4.874499e+001  0.000000e+000
    endloop
  endfacet
  facet normal  0.000000e+000  0.000000e+000 -9.999999e-001
    outer loop
      vertex -6.327500e+001 -5.337500e+001  0.000000e+000
      vertex -6.386705e+001 -5.155286e+001  0.000000e+000
      vertex -5.165758e+001 -5.223788e+001  0.000000e+000
    endloop
  endfacet
  facet normal  0.000000e+000  0.000000e+000 -1.000000e+000
    outer loop
      vertex -5.165758e+001 -5.223788e+001  0.000000e+000
      vertex -6.386705e+001 -5.155286e+001  0.000000e+000
      vertex -6.541705e+001 -5.042672e+001  0.000000e+000
    endloop
  endfacet
  facet normal  0.000000e+000  0.000000e+000 -1.000000e+000
    outer loop
      vertex -5.165758e+001 -5.223788e+001  0.000000e+000
      vertex -6.541705e+001 -5.042672e+001  0.000000e+000
      vertex -4.623306e+001 -5.024409e+001  0.000000e+000
    endloop
  endfacet
  facet normal  -0.000000e+000  0.000000e+000 -1.000000e+000
    outer loop
      vertex -4.623306e+001 -5.024409e+001  0.000000e+000
      vertex -6.541705e+001 -5.042672e+001  0.000000e+000
      vertex -4.762500e+001 -4.362500e+001  0.000000e+000
    endloop
  endfacet
  facet normal  0.000000e+000  0.000000e+000 -1.000000e+000
    outer loop
      vertex -4.623306e+001 -5.024409e+001  0.000000e+000
      vertex -4.762500e+001 -4.362500e+001  0.000000e+000
      vertex -4.685885e+001 -4.597919e+001  0.000000e+000
    endloop
  endfacet
  facet normal  0.000000e+000  0.000000e+000 -1.000000e+000
    outer loop
      vertex -6.888295e+001  5.344714e+001  0.000000e+000
      vertex -6.980362e+001  5.526431e+001  0.000000e+000
      vertex -6.733295e+001  5.457328e+001  0.000000e+000
    endloop
  endfacet
  facet normal  0.000000e+000  0.000000e+000 -1.000000e+000
    outer loop
      vertex -6.733295e+001  5.457328e+001  0.000000e+000
      vertex -6.980362e+001  5.526431e+001  0.000000e+000
      vertex -6.774976e+001  5.643229e+001  0.000000e+000
    endloop
  endfacet
  facet normal  0.000000e+000  0.000000e+000 -9.999999e-001
    outer loop
      vertex -6.733295e+001  5.457328e+001  0.000000e+000
      vertex -6.774976e+001  5.643229e+001  0.000000e+000
      vertex -6.541705e+001  5.457328e+001  0.000000e+000
    endloop
  endfacet
  facet normal  -0.000000e+000  0.000000e+000 -1.000000e+000
    outer loop
      vertex -6.980362e+001  5.526431e+001  0.000000e+000
      vertex -6.888295e+001  5.344714e+001  0.000000e+000
      vertex -7.109187e+001  5.328368e+001  0.000000e+000
    endloop
  endfacet
  facet normal  0.000000e+000  0.000000e+000 -1.000000e+000
    outer loop
      vertex -7.109187e+001  5.328368e+001  0.000000e+000
      vertex -6.888295e+001  5.344714e+001  0.000000e+000
      vertex -6.947500e+001  5.162500e+001  0.000000e+000
    endloop
  endfacet
  facet normal  -0.000000e+000  0.000000e+000 -1.000000e+000
    outer loop
      vertex -7.109187e+001  5.328368e+001  0.000000e+000
      vertex -6.947500e+001  5.162500e+001  0.000000e+000
      vertex -7.132684e+001  5.093266e+001  0.000000e+000
    endloop
  endfacet
  facet normal  0.000000e+000  0.000000e+000 -1.000000e+000
    outer loop
      vertex -7.132684e+001  5.093266e+001  0.000000e+000
      vertex -6.947500e+001  5.162500e+001  0.000000e+000
      vertex -6.888295e+001  4.980286e+001  0.000000e+000
    endloop
  endfacet
  facet normal  -0.000000e+000  0.000000e+000 -1.000000e+000
    outer loop
      vertex -7.132684e+001  5.093266e+001  0.000000e+000
      vertex -6.888295e+001  4.980286e+001  0.000000e+000
      vertex -7.045606e+001  4.873624e+001  0.000000e+000
    endloop
  endfacet
  facet normal  0.000000e+000  0.000000e+000 -1.000000e+000
    outer loop
      vertex -7.045606e+001  4.873624e+001  0.000000e+000
      vertex -6.888295e+001  4.980286e+001  0.000000e+000
      vertex -6.733295e+001  4.867672e+001  0.000000e+000
    endloop
  endfacet
  facet normal  -0.000000e+000  0.000000e+000 -1.000000e+000
    outer loop
      vertex -7.045606e+001  4.873624e+001  0.000000e+000
      vertex -6.733295e+001  4.867672e+001  0.000000e+000
      vertex -6.867400e+001  4.718488e+001  0.000000e+000
    endloop
  endfacet
  facet normal  0.000000e+000  0.000000e+000 -9.999999e-001
    outer loop
      vertex  2.662500e+001  3.862500e+001  0.000000e+000
      vertex -2.662500e+001  3.862500e+001  0.000000e+000
      vertex  1.573105e+001  4.762500e+001  0.000000e+000
    endloop
  endfacet
  facet normal  -0.000000e+000  0.000000e+000 -1.000000e+000
    outer loop
      vertex  1.573105e+001  4.762500e+001  0.000000e+000
      vertex -2.662500e+001  3.862500e+001  0.000000e+000
      vertex -2.113784e+001  4.762500e+001  0.000000e+000
    endloop
  endfacet
  facet normal  0.000000e+000  0.000000e+000 -1.000000e+000
    outer loop
      vertex -2.662500e+001  3.862500e+001  0.000000e+000
      vertex -4.058035e+001  4.621924e+001  0.000000e+000
      vertex -2.113784e+001  4.762500e+001  0.000000e+000
    endloop
  endfacet
  facet normal  0.000000e+000  0.000000e+000 -1.000000e+000
    outer loop
      vertex -2.113784e+001  4.762500e+001  0.000000e+000
      vertex -4.058035e+001  4.621924e+001  0.000000e+000
      vertex -4.209161e+001  4.731942e+001  0.000000e+000
    endloop
  endfacet
  facet normal  0.000000e+000  -0.000000e+000 -1.000000e+000
    outer loop
      vertex  5.156944e+001 -5.793292e+001  0.000000e+000
      vertex  5.266705e+001 -5.632328e+001  0.000000e+000
      vertex  5.394986e+001 -5.836444e+001  0.000000e+000
    endloop
  endfacet
  facet normal  0.000000e+000  0.000000e+000 -1.000000e+000
    outer loop
      vertex  5.394986e+001 -5.836444e+001  0.000000e+000
      vertex  5.266705e+001 -5.632328e+001  0.000000e+000
      vertex  5.458295e+001 -5.632328e+001  0.000000e+000
    endloop
  endfacet
  facet normal  0.000000e+000  -0.000000e+000 -1.000000e+000
    outer loop
      vertex  5.394986e+001 -5.836444e+001  0.000000e+000
      vertex  5.458295e+001 -5.632328e+001  0.000000e+000
      vertex  5.625423e+001 -5.762790e+001  0.000000e+000
    endloop
  endfacet
  facet normal  0.000000e+000  0.000000e+000 -1.000000e+000
    outer loop
      vertex  5.430734e+001  4.411483e+001  0.000000e+000
      vertex  5.119820e+001  3.879064e+001  0.000000e+000
      vertex  5.458295e+001  4.867672e+001  0.000000e+000
    endloop
  endfacet
  facet normal  -0.000000e+000  0.000000e+000 -1.000000e+000
    outer loop
      vertex  5.458295e+001  4.867672e+001  0.000000e+000
      vertex  5.119820e+001  3.879064e+001  0.000000e+000
      vertex  5.266705e+001  4.867672e+001  0.000000e+000
    endloop
  endfacet
  facet normal  0.000000e+000  0.000000e+000 -1.000000e+000
    outer loop
      vertex  5.119820e+001  3.879064e+001  0.000000e+000
      vertex  4.762500e+001  4.362500e+001  0.000000e+000
      vertex  5.266705e+001  4.867672e+001  0.000000e+000
    endloop
  endfacet
  facet normal  0.000000e+000  0.000000e+000 -1.000000e+000
    outer loop
      vertex  5.266705e+001  4.867672e+001  0.000000e+000
      vertex  4.762500e+001  4.362500e+001  0.000000e+000
      vertex  4.685885e+001  4.597919e+001  0.000000e+000
    endloop
  endfacet
  facet normal  0.000000e+000  0.000000e+000 -9.999999e-001
    outer loop
      vertex -4.209161e+001 -3.993058e+001  0.000000e+000
      vertex -4.393775e+001 -3.963725e+001  0.000000e+000
      vertex -3.862500e+001  2.662500e+001  0.000000e+000
    endloop
  endfacet
  facet normal  -0.000000e+000  0.000000e+000 -1.000000e+000
    outer loop
      vertex -3.862500e+001  2.662500e+001  0.000000e+000
      vertex -4.393775e+001 -3.963725e+001  0.000000e+000
      vertex -4.362500e+001  3.962500e+001  0.000000e+000
    endloop
  endfacet
  facet normal  0.000000e+000  0.000000e+000 -9.999999e-001
    outer loop
      vertex -4.393775e+001 -3.963725e+001  0.000000e+000
      vertex -4.862500e+001 -3.341917e+001  0.000000e+000
      vertex -4.362500e+001  3.962500e+001  0.000000e+000
    endloop
  endfacet
  facet normal  0.000000e+000  0.000000e+000 -1.000000e+000
    outer loop
      vertex -4.362500e+001  3.962500e+001  0.000000e+000
      vertex -4.862500e+001 -3.341917e+001  0.000000e+000
      vertex -4.862500e+001  2.570854e+001  0.000000e+000
    endloop
  endfacet
  facet normal  0.000000e+000  0.000000e+000 -1.000000e+000
    outer loop
      vertex -6.826259e+001 -4.874499e+001  0.000000e+000
      vertex -6.733295e+001 -5.042672e+001  0.000000e+000
      vertex -7.034280e+001 -5.033254e+001  0.000000e+000
    endloop
  endfacet
  facet normal  0.000000e+000  0.000000e+000 -9.999999e-001
    outer loop
      vertex -7.034280e+001 -5.033254e+001  0.000000e+000
      vertex -6.733295e+001 -5.042672e+001  0.000000e+000
      vertex -6.888295e+001 -5.155286e+001  0.000000e+000
    endloop
  endfacet
  facet normal  -0.000000e+000  0.000000e+000 -1.000000e+000
    outer loop
      vertex -7.034280e+001 -5.033254e+001  0.000000e+000
      vertex -6.888295e+001 -5.155286e+001  0.000000e+000
      vertex -7.133622e+001 -5.275344e+001  0.000000e+000
    endloop
  endfacet
  facet normal  0.000000e+000  0.000000e+000 -1.000000e+000
    outer loop
      vertex -6.888295e+001 -5.155286e+001  0.000000e+000
      vertex -6.947500e+001 -5.337500e+001  0.000000e+000
      vertex -7.133622e+001 -5.275344e+001  0.000000e+000
    endloop
  endfacet
  facet normal  0.000000e+000  0.000000e+000 -1.000000e+000
    outer loop
      vertex -7.133622e+001 -5.275344e+001  0.000000e+000
      vertex -6.947500e+001 -5.337500e+001  0.000000e+000
      vertex -6.888295e+001 -5.519714e+001  0.000000e+000
    endloop
  endfacet
  facet normal  -0.000000e+000  0.000000e+000 -9.999999e-001
    outer loop
      vertex -7.133622e+001 -5.275344e+001  0.000000e+000
      vertex -6.888295e+001 -5.519714e+001  0.000000e+000
      vertex -7.097073e+001 -5.534460e+001  0.000000e+000
    endloop
  endfacet
  facet normal  0.000000e+000  0.000000e+000 -1.000000e+000
    outer loop
      vertex -7.097073e+001 -5.534460e+001  0.000000e+000
      vertex -6.888295e+001 -5.519714e+001  0.000000e+000
      vertex -6.733295e+001 -5.632328e+001  0.000000e+000
    endloop
  endfacet
  facet normal  -0.000000e+000  0.000000e+000 -9.999999e-001
    outer loop
      vertex -7.097073e+001 -5.534460e+001  0.000000e+000
      vertex -6.733295e+001 -5.632328e+001  0.000000e+000
      vertex -6.934644e+001 -5.739626e+001  0.000000e+000
    endloop
  endfacet
  facet normal  0.000000e+000  0.000000e+000 -9.999999e-001
    outer loop
      vertex -6.541705e+001 -5.632328e+001  0.000000e+000
      vertex -6.386705e+001 -5.519714e+001  0.000000e+000
      vertex -6.432401e+001 -5.793499e+001  0.000000e+000
    endloop
  endfacet
  facet normal  0.000000e+000  0.000000e+000 -1.000000e+000
    outer loop
      vertex -6.432401e+001 -5.793499e+001  0.000000e+000
      vertex -6.386705e+001 -5.519714e+001  0.000000e+000
      vertex -6.327500e+001 -5.337500e+001  0.000000e+000
    endloop
  endfacet
  facet normal  0.000000e+000  -0.000000e+000 -1.000000e+000
    outer loop
      vertex -6.432401e+001 -5.793499e+001  0.000000e+000
      vertex -6.327500e+001 -5.337500e+001  0.000000e+000
      vertex -5.165758e+001 -5.223788e+001  0.000000e+000
    endloop
  endfacet
  facet normal  0.000000e+000  -0.000000e+000 -9.999999e-001
    outer loop
      vertex  5.458295e+001 -5.632328e+001  0.000000e+000
      vertex  5.613295e+001 -5.519714e+001  0.000000e+000
      vertex  5.794309e+001 -5.589574e+001  0.000000e+000
    endloop
  endfacet
  facet normal  0.000000e+000  0.000000e+000 -1.000000e+000
    outer loop
      vertex  5.794309e+001 -5.589574e+001  0.000000e+000
      vertex  5.613295e+001 -5.519714e+001  0.000000e+000
      vertex  5.672500e+001 -5.337500e+001  0.000000e+000
    endloop
  endfacet
  facet normal  0.000000e+000  0.000000e+000 -1.000000e+000
    outer loop
      vertex  5.794309e+001 -5.589574e+001  0.000000e+000
      vertex  5.672500e+001 -5.337500e+001  0.000000e+000
      vertex  5.862106e+001 -5.357346e+001  0.000000e+000
    endloop
  endfacet
  facet normal  0.000000e+000  0.000000e+000 -1.000000e+000
    outer loop
      vertex  5.862106e+001 -5.357346e+001  0.000000e+000
      vertex  5.672500e+001 -5.337500e+001  0.000000e+000
      vertex  5.613295e+001 -5.155286e+001  0.000000e+000
    endloop
  endfacet
  facet normal  0.000000e+000  0.000000e+000 -1.000000e+000
    outer loop
      vertex  5.862106e+001 -5.357346e+001  0.000000e+000
      vertex  5.613295e+001 -5.155286e+001  0.000000e+000
      vertex  5.812943e+001 -5.120472e+001  0.000000e+000
    endloop
  endfacet
  facet normal  -0.000000e+000  0.000000e+000 -1.000000e+000
    outer loop
      vertex  5.812943e+001 -5.120472e+001  0.000000e+000
      vertex  5.613295e+001 -5.155286e+001  0.000000e+000
      vertex  5.458295e+001 -5.042672e+001  0.000000e+000
    endloop
  endfacet
  facet normal  0.000000e+000  0.000000e+000 -1.000000e+000
    outer loop
      vertex  5.812943e+001 -5.120472e+001  0.000000e+000
      vertex  5.458295e+001 -5.042672e+001  0.000000e+000
      vertex  5.588459e+001 -4.654554e+001  0.000000e+000
    endloop
  endfacet
  facet normal  -0.000000e+000  0.000000e+000 -1.000000e+000
    outer loop
      vertex  5.052500e+001 -5.337500e+001  0.000000e+000
      vertex  5.111705e+001 -5.519714e+001  0.000000e+000
      vertex  4.617224e+001 -5.549886e+001  0.000000e+000
    endloop
  endfacet
  facet normal  0.000000e+000  0.000000e+000 -9.999999e-001
    outer loop
      vertex  4.617224e+001 -5.549886e+001  0.000000e+000
      vertex  5.111705e+001 -5.519714e+001  0.000000e+000
      vertex  5.266705e+001 -5.632328e+001  0.000000e+000
    endloop
  endfacet
  facet normal  -0.000000e+000  0.000000e+000 -1.000000e+000
    outer loop
      vertex  4.617224e+001 -5.549886e+001  0.000000e+000
      vertex  5.266705e+001 -5.632328e+001  0.000000e+000
      vertex  5.156944e+001 -5.793292e+001  0.000000e+000
    endloop
  endfacet
  facet normal  3.826822e-001 -9.238800e-001  0.000000e+000
    outer loop
      vertex  4.362500e+001  4.562500e+001  2.000000e+000
      vertex  4.221078e+001  4.503922e+001  1.100000e+001
      vertex  4.221078e+001  4.503922e+001  2.000000e+000
    endloop
  endfacet
  facet normal  9.238800e-001 -3.826822e-001  0.000000e+000
    outer loop
      vertex  4.221078e+001  4.503922e+001  2.000000e+000
      vertex  4.221078e+001  4.503922e+001  1.100000e+001
      vertex  4.162500e+001  4.362500e+001  1.100000e+001
    endloop
  endfacet
  facet normal  9.238800e-001 -3.826822e-001  0.000000e+000
    outer loop
      vertex  4.221078e+001  4.503922e+001  2.000000e+000
      vertex  4.162500e+001  4.362500e+001  1.100000e+001
      vertex  4.162500e+001  4.362500e+001  2.000000e+000
    endloop
  endfacet
  facet normal  3.826822e-001 -9.238800e-001  0.000000e+000
    outer loop
      vertex  4.221078e+001  4.503922e+001  1.100000e+001
      vertex  4.362500e+001  4.562500e+001  2.000000e+000
      vertex  4.362500e+001  4.562500e+001  1.100000e+001
    endloop
  endfacet
  facet normal -3.826822e-001 -9.238800e-001  -0.000000e+000
    outer loop
      vertex  4.362500e+001  4.562500e+001  1.100000e+001
      vertex  4.362500e+001  4.562500e+001  2.000000e+000
      vertex  4.503922e+001  4.503922e+001  2.000000e+000
    endloop
  endfacet
  facet normal -3.826822e-001 -9.238800e-001  0.000000e+000
    outer loop
      vertex  4.362500e+001  4.562500e+001  1.100000e+001
      vertex  4.503922e+001  4.503922e+001  2.000000e+000
      vertex  4.503922e+001  4.503922e+001  1.100000e+001
    endloop
  endfacet
  facet normal -9.238800e-001 -3.826822e-001  -0.000000e+000
    outer loop
      vertex  4.503922e+001  4.503922e+001  1.100000e+001
      vertex  4.503922e+001  4.503922e+001  2.000000e+000
      vertex  4.562500e+001  4.362500e+001  2.000000e+000
    endloop
  endfacet
  facet normal -9.238800e-001 -3.826822e-001  0.000000e+000
    outer loop
      vertex  4.503922e+001  4.503922e+001  1.100000e+001
      vertex  4.562500e+001  4.362500e+001  2.000000e+000
      vertex  4.562500e+001  4.362500e+001  1.100000e+001
    endloop
  endfacet
  facet normal -3.826822e-001  9.238800e-001  0.000000e+000
    outer loop
      vertex  4.362500e+001  4.162500e+001  2.000000e+000
      vertex  4.503922e+001  4.221078e+001  1.100000e+001
      vertex  4.503922e+001  4.221078e+001  2.000000e+000
    endloop
  endfacet
  facet normal -9.238800e-001  3.826822e-001  0.000000e+000
    outer loop
      vertex  4.503922e+001  4.221078e+001  2.000000e+000
      vertex  4.503922e+001  4.221078e+001  1.100000e+001
      vertex  4.562500e+001  4.362500e+001  1.100000e+001
    endloop
  endfacet
  facet normal -9.238800e-001  3.826822e-001  0.000000e+000
    outer loop
      vertex  4.503922e+001  4.221078e+001  2.000000e+000
      vertex  4.562500e+001  4.362500e+001  1.100000e+001
      vertex  4.562500e+001  4.362500e+001  2.000000e+000
    endloop
  endfacet
  facet normal -3.826822e-001  9.238800e-001  0.000000e+000
    outer loop
      vertex  4.503922e+001  4.221078e+001  1.100000e+001
      vertex  4.362500e+001  4.162500e+001  2.000000e+000
      vertex  4.362500e+001  4.162500e+001  1.100000e+001
    endloop
  endfacet
  facet normal  3.826822e-001  9.238800e-001  0.000000e+000
    outer loop
      vertex  4.362500e+001  4.162500e+001  1.100000e+001
      vertex  4.362500e+001  4.162500e+001  2.000000e+000
      vertex  4.221078e+001  4.221078e+001  2.000000e+000
    endloop
  endfacet
  facet normal  3.826822e-001  9.238800e-001  -0.000000e+000
    outer loop
      vertex  4.362500e+001  4.162500e+001  1.100000e+001
      vertex  4.221078e+001  4.221078e+001  2.000000e+000
      vertex  4.221078e+001  4.221078e+001  1.100000e+001
    endloop
  endfacet
  facet normal  9.238800e-001  3.826822e-001  0.000000e+000
    outer loop
      vertex  4.221078e+001  4.221078e+001  1.100000e+001
      vertex  4.221078e+001  4.221078e+001  2.000000e+000
      vertex  4.162500e+001  4.362500e+001  2.000000e+000
    endloop
  endfacet
  facet normal  9.238800e-001  3.826822e-001  -0.000000e+000
    outer loop
      vertex  4.221078e+001  4.221078e+001  1.100000e+001
      vertex  4.162500e+001  4.362500e+001  2.000000e+000
      vertex  4.162500e+001  4.362500e+001  1.100000e+001
    endloop
  endfacet
  facet normal -6.934834e-001  1.953503e-001 -6.934834e-001
    outer loop
      vertex  4.762500e+001  4.362500e+001  0.000000e+000
      vertex  4.703686e+001  4.153712e+001  0.000000e+000
      vertex  4.562500e+001  4.362500e+001  2.000000e+000
    endloop
  endfacet
  facet normal -6.366212e-001  2.636962e-001 -7.246916e-001
    outer loop
      vertex  4.703686e+001  4.153712e+001  0.000000e+000
      vertex  4.503922e+001  4.221078e+001  2.000000e+000
      vertex  4.562500e+001  4.362500e+001  2.000000e+000
    endloop
  endfacet
  facet normal  6.368412e-001  2.637873e-001 -7.244650e-001
    outer loop
      vertex  4.221078e+001  4.221078e+001  2.000000e+000
      vertex  3.973405e+001  4.269738e+001  0.000000e+000
      vertex  4.162500e+001  4.362500e+001  2.000000e+000
    endloop
  endfacet
  facet normal  7.046773e-001  8.283622e-002 -7.046759e-001
    outer loop
      vertex  3.973405e+001  4.269738e+001  0.000000e+000
      vertex  3.962500e+001  4.362500e+001  0.000000e+000
      vertex  4.162500e+001  4.362500e+001  2.000000e+000
    endloop
  endfacet
  facet normal  4.252511e-001  5.841475e-001 -6.913272e-001
    outer loop
      vertex  4.209161e+001  3.993058e+001  0.000000e+000
      vertex  4.058035e+001  4.103076e+001  0.000000e+000
      vertex  4.221078e+001  4.221078e+001  2.000000e+000
    endloop
  endfacet
  facet normal  2.605008e-001  6.289070e-001 -7.325402e-001
    outer loop
      vertex  4.362500e+001  4.162500e+001  2.000000e+000
      vertex  4.209161e+001  3.993058e+001  0.000000e+000
      vertex  4.221078e+001  4.221078e+001  2.000000e+000
    endloop
  endfacet
  facet normal  1.133716e-001  7.135094e-001 -6.914125e-001
    outer loop
      vertex  4.362500e+001  4.162500e+001  2.000000e+000
      vertex  4.393775e+001  3.963725e+001  0.000000e+000
      vertex  4.209161e+001  3.993058e+001  0.000000e+000
    endloop
  endfacet
  facet normal  6.323689e-001  3.211129e-001 -7.049794e-001
    outer loop
      vertex  4.058035e+001  4.103076e+001  0.000000e+000
      vertex  3.973405e+001  4.269738e+001  0.000000e+000
      vertex  4.221078e+001  4.221078e+001  2.000000e+000
    endloop
  endfacet
  facet normal -5.142319e-001  5.138224e-001 -6.866965e-001
    outer loop
      vertex  4.703686e+001  4.153712e+001  0.000000e+000
      vertex  4.571559e+001  4.021480e+001  0.000000e+000
      vertex  4.503922e+001  4.221078e+001  2.000000e+000
    endloop
  endfacet
  facet normal -2.126942e-001  6.547170e-001 -7.253323e-001
    outer loop
      vertex  4.503922e+001  4.221078e+001  2.000000e+000
      vertex  4.571559e+001  4.021480e+001  0.000000e+000
      vertex  4.393775e+001  3.963725e+001  0.000000e+000
    endloop
  endfacet
  facet normal -2.735810e-001  6.604855e-001 -6.992226e-001
    outer loop
      vertex  4.503922e+001  4.221078e+001  2.000000e+000
      vertex  4.393775e+001  3.963725e+001  0.000000e+000
      vertex  4.362500e+001  4.162500e+001  2.000000e+000
    endloop
  endfacet
  facet normal  6.890970e-001 -2.242597e-001 -6.890957e-001
    outer loop
      vertex  3.962500e+001  4.362500e+001  0.000000e+000
      vertex  4.039115e+001  4.597919e+001  0.000000e+000
      vertex  4.162500e+001  4.362500e+001  2.000000e+000
    endloop
  endfacet
  facet normal  6.466470e-001 -2.678490e-001 -7.142160e-001
    outer loop
      vertex  4.039115e+001  4.597919e+001  0.000000e+000
      vertex  4.221078e+001  4.503922e+001  2.000000e+000
      vertex  4.162500e+001  4.362500e+001  2.000000e+000
    endloop
  endfacet
  facet normal -6.466470e-001 -2.678490e-001 -7.142160e-001
    outer loop
      vertex  4.503922e+001  4.503922e+001  2.000000e+000
      vertex  4.685885e+001  4.597919e+001  0.000000e+000
      vertex  4.562500e+001  4.362500e+001  2.000000e+000
    endloop
  endfacet
  facet normal -6.890962e-001 -2.242605e-001 -6.890962e-001
    outer loop
      vertex  4.685885e+001  4.597919e+001  0.000000e+000
      vertex  4.762500e+001  4.362500e+001  0.000000e+000
      vertex  4.562500e+001  4.362500e+001  2.000000e+000
    endloop
  endfacet
  facet normal  4.707208e-001 -5.524469e-001 -6.879131e-001
    outer loop
      vertex  4.039115e+001  4.597919e+001  0.000000e+000
      vertex  4.181399e+001  4.719154e+001  0.000000e+000
      vertex  4.221078e+001  4.503922e+001  2.000000e+000
    endloop
  endfacet
  facet normal  1.668697e-001 -6.971924e-001 -6.971924e-001
    outer loop
      vertex  4.181399e+001  4.719154e+001  0.000000e+000
      vertex  4.362500e+001  4.762500e+001  0.000000e+000
      vertex  4.362500e+001  4.562500e+001  2.000000e+000
    endloop
  endfacet
  facet normal  2.612751e-001 -6.307763e-001 -7.306550e-001
    outer loop
      vertex  4.221078e+001  4.503922e+001  2.000000e+000
      vertex  4.181399e+001  4.719154e+001  0.000000e+000
      vertex  4.362500e+001  4.562500e+001  2.000000e+000
    endloop
  endfacet
  facet normal -4.707208e-001 -5.524469e-001 -6.879131e-001
    outer loop
      vertex  4.543601e+001  4.719154e+001  0.000000e+000
      vertex  4.685885e+001  4.597919e+001  0.000000e+000
      vertex  4.503922e+001  4.503922e+001  2.000000e+000
    endloop
  endfacet
  facet normal -2.612751e-001 -6.307763e-001 -7.306550e-001
    outer loop
      vertex  4.362500e+001  4.562500e+001  2.000000e+000
      vertex  4.543601e+001  4.719154e+001  0.000000e+000
      vertex  4.503922e+001  4.503922e+001  2.000000e+000
    endloop
  endfacet
  facet normal -1.668697e-001 -6.971924e-001 -6.971924e-001
    outer loop
      vertex  4.362500e+001  4.762500e+001  0.000000e+000
      vertex  4.543601e+001  4.719154e+001  0.000000e+000
      vertex  4.362500e+001  4.562500e+001  2.000000e+000
    endloop
  endfacet
  facet normal  3.826822e-001 -9.238800e-001  0.000000e+000
    outer loop
      vertex  4.362500e+001 -4.162500e+001  2.000000e+000
      vertex  4.221078e+001 -4.221078e+001  1.100000e+001
      vertex  4.221078e+001 -4.221078e+001  2.000000e+000
    endloop
  endfacet
  facet normal  9.238800e-001 -3.826822e-001  0.000000e+000
    outer loop
      vertex  4.221078e+001 -4.221078e+001  2.000000e+000
      vertex  4.221078e+001 -4.221078e+001  1.100000e+001
      vertex  4.162500e+001 -4.362500e+001  1.100000e+001
    endloop
  endfacet
  facet normal  9.238800e-001 -3.826822e-001  0.000000e+000
    outer loop
      vertex  4.221078e+001 -4.221078e+001  2.000000e+000
      vertex  4.162500e+001 -4.362500e+001  1.100000e+001
      vertex  4.162500e+001 -4.362500e+001  2.000000e+000
    endloop
  endfacet
  facet normal  3.826822e-001 -9.238800e-001  0.000000e+000
    outer loop
      vertex  4.221078e+001 -4.221078e+001  1.100000e+001
      vertex  4.362500e+001 -4.162500e+001  2.000000e+000
      vertex  4.362500e+001 -4.162500e+001  1.100000e+001
    endloop
  endfacet
  facet normal -3.826822e-001 -9.238800e-001  -0.000000e+000
    outer loop
      vertex  4.362500e+001 -4.162500e+001  1.100000e+001
      vertex  4.362500e+001 -4.162500e+001  2.000000e+000
      vertex  4.503922e+001 -4.221078e+001  2.000000e+000
    endloop
  endfacet
  facet normal -3.826822e-001 -9.238800e-001  0.000000e+000
    outer loop
      vertex  4.362500e+001 -4.162500e+001  1.100000e+001
      vertex  4.503922e+001 -4.221078e+001  2.000000e+000
      vertex  4.503922e+001 -4.221078e+001  1.100000e+001
    endloop
  endfacet
  facet normal -9.238800e-001 -3.826822e-001  -0.000000e+000
    outer loop
      vertex  4.503922e+001 -4.221078e+001  1.100000e+001
      vertex  4.503922e+001 -4.221078e+001  2.000000e+000
      vertex  4.562500e+001 -4.362500e+001  2.000000e+000
    endloop
  endfacet
  facet normal -9.238800e-001 -3.826822e-001  0.000000e+000
    outer loop
      vertex  4.503922e+001 -4.221078e+001  1.100000e+001
      vertex  4.562500e+001 -4.362500e+001  2.000000e+000
      vertex  4.562500e+001 -4.362500e+001  1.100000e+001
    endloop
  endfacet
  facet normal -3.826822e-001  9.238800e-001  0.000000e+000
    outer loop
      vertex  4.362500e+001 -4.562500e+001  2.000000e+000
      vertex  4.503922e+001 -4.503922e+001  1.100000e+001
      vertex  4.503922e+001 -4.503922e+001  2.000000e+000
    endloop
  endfacet
  facet normal -9.238800e-001  3.826822e-001  0.000000e+000
    outer loop
      vertex  4.503922e+001 -4.503922e+001  2.000000e+000
      vertex  4.503922e+001 -4.503922e+001  1.100000e+001
      vertex  4.562500e+001 -4.362500e+001  1.100000e+001
    endloop
  endfacet
  facet normal -9.238800e-001  3.826822e-001  0.000000e+000
    outer loop
      vertex  4.503922e+001 -4.503922e+001  2.000000e+000
      vertex  4.562500e+001 -4.362500e+001  1.100000e+001
      vertex  4.562500e+001 -4.362500e+001  2.000000e+000
    endloop
  endfacet
  facet normal -3.826822e-001  9.238800e-001  0.000000e+000
    outer loop
      vertex  4.503922e+001 -4.503922e+001  1.100000e+001
      vertex  4.362500e+001 -4.562500e+001  2.000000e+000
      vertex  4.362500e+001 -4.562500e+001  1.100000e+001
    endloop
  endfacet
  facet normal  3.826822e-001  9.238800e-001  0.000000e+000
    outer loop
      vertex  4.362500e+001 -4.562500e+001  1.100000e+001
      vertex  4.362500e+001 -4.562500e+001  2.000000e+000
      vertex  4.221078e+001 -4.503922e+001  2.000000e+000
    endloop
  endfacet
  facet normal  3.826822e-001  9.238800e-001  -0.000000e+000
    outer loop
      vertex  4.362500e+001 -4.562500e+001  1.100000e+001
      vertex  4.221078e+001 -4.503922e+001  2.000000e+000
      vertex  4.221078e+001 -4.503922e+001  1.100000e+001
    endloop
  endfacet
  facet normal  9.238800e-001  3.826822e-001  0.000000e+000
    outer loop
      vertex  4.221078e+001 -4.503922e+001  1.100000e+001
      vertex  4.221078e+001 -4.503922e+001  2.000000e+000
      vertex  4.162500e+001 -4.362500e+001  2.000000e+000
    endloop
  endfacet
  facet normal  9.238800e-001  3.826822e-001  -0.000000e+000
    outer loop
      vertex  4.221078e+001 -4.503922e+001  1.100000e+001
      vertex  4.162500e+001 -4.362500e+001  2.000000e+000
      vertex  4.162500e+001 -4.362500e+001  1.100000e+001
    endloop
  endfacet
  facet normal -6.934834e-001  1.953503e-001 -6.934834e-001
    outer loop
      vertex  4.762500e+001 -4.362500e+001  0.000000e+000
      vertex  4.703686e+001 -4.571288e+001  0.000000e+000
      vertex  4.562500e+001 -4.362500e+001  2.000000e+000
    endloop
  endfacet
  facet normal -6.366212e-001  2.636962e-001 -7.246916e-001
    outer loop
      vertex  4.703686e+001 -4.571288e+001  0.000000e+000
      vertex  4.503922e+001 -4.503922e+001  2.000000e+000
      vertex  4.562500e+001 -4.362500e+001  2.000000e+000
    endloop
  endfacet
  facet normal  6.368412e-001  2.637873e-001 -7.244650e-001
    outer loop
      vertex  4.221078e+001 -4.503922e+001  2.000000e+000
      vertex  3.973405e+001 -4.455262e+001  0.000000e+000
      vertex  4.162500e+001 -4.362500e+001  2.000000e+000
    endloop
  endfacet
  facet normal  7.046773e-001  8.283622e-002 -7.046759e-001
    outer loop
      vertex  3.973405e+001 -4.455262e+001  0.000000e+000
      vertex  3.962500e+001 -4.362500e+001  0.000000e+000
      vertex  4.162500e+001 -4.362500e+001  2.000000e+000
    endloop
  endfacet
  facet normal  4.252511e-001  5.841475e-001 -6.913272e-001
    outer loop
      vertex  4.209161e+001 -4.731942e+001  0.000000e+000
      vertex  4.058035e+001 -4.621924e+001  0.000000e+000
      vertex  4.221078e+001 -4.503922e+001  2.000000e+000
    endloop
  endfacet
  facet normal  2.605008e-001  6.289070e-001 -7.325402e-001
    outer loop
      vertex  4.362500e+001 -4.562500e+001  2.000000e+000
      vertex  4.209161e+001 -4.731942e+001  0.000000e+000
      vertex  4.221078e+001 -4.503922e+001  2.000000e+000
    endloop
  endfacet
  facet normal  1.133716e-001  7.135094e-001 -6.914125e-001
    outer loop
      vertex  4.362500e+001 -4.562500e+001  2.000000e+000
      vertex  4.393775e+001 -4.761275e+001  0.000000e+000
      vertex  4.209161e+001 -4.731942e+001  0.000000e+000
    endloop
  endfacet
  facet normal  6.323689e-001  3.211129e-001 -7.049794e-001
    outer loop
      vertex  4.058035e+001 -4.621924e+001  0.000000e+000
      vertex  3.973405e+001 -4.455262e+001  0.000000e+000
      vertex  4.221078e+001 -4.503922e+001  2.000000e+000
    endloop
  endfacet
  facet normal -5.142319e-001  5.138224e-001 -6.866965e-001
    outer loop
      vertex  4.703686e+001 -4.571288e+001  0.000000e+000
      vertex  4.571559e+001 -4.703520e+001  0.000000e+000
      vertex  4.503922e+001 -4.503922e+001  2.000000e+000
    endloop
  endfacet
  facet normal -2.126942e-001  6.547170e-001 -7.253323e-001
    outer loop
      vertex  4.503922e+001 -4.503922e+001  2.000000e+000
      vertex  4.571559e+001 -4.703520e+001  0.000000e+000
      vertex  4.393775e+001 -4.761275e+001  0.000000e+000
    endloop
  endfacet
  facet normal -2.735810e-001  6.604855e-001 -6.992226e-001
    outer loop
      vertex  4.503922e+001 -4.503922e+001  2.000000e+000
      vertex  4.393775e+001 -4.761275e+001  0.000000e+000
      vertex  4.362500e+001 -4.562500e+001  2.000000e+000
    endloop
  endfacet
  facet normal  6.890970e-001 -2.242597e-001 -6.890957e-001
    outer loop
      vertex  3.962500e+001 -4.362500e+001  0.000000e+000
      vertex  4.039115e+001 -4.127081e+001  0.000000e+000
      vertex  4.162500e+001 -4.362500e+001  2.000000e+000
    endloop
  endfacet
  facet normal  6.466470e-001 -2.678490e-001 -7.142160e-001
    outer loop
      vertex  4.039115e+001 -4.127081e+001  0.000000e+000
      vertex  4.221078e+001 -4.221078e+001  2.000000e+000
      vertex  4.162500e+001 -4.362500e+001  2.000000e+000
    endloop
  endfacet
  facet normal -6.466470e-001 -2.678490e-001 -7.142160e-001
    outer loop
      vertex  4.503922e+001 -4.221078e+001  2.000000e+000
      vertex  4.685885e+001 -4.127081e+001  0.000000e+000
      vertex  4.562500e+001 -4.362500e+001  2.000000e+000
    endloop
  endfacet
  facet normal -6.890962e-001 -2.242605e-001 -6.890962e-001
    outer loop
      vertex  4.685885e+001 -4.127081e+001  0.000000e+000
      vertex  4.762500e+001 -4.362500e+001  0.000000e+000
      vertex  4.562500e+001 -4.362500e+001  2.000000e+000
    endloop
  endfacet
  facet normal  4.707208e-001 -5.524469e-001 -6.879131e-001
    outer loop
      vertex  4.039115e+001 -4.127081e+001  0.000000e+000
      vertex  4.181399e+001 -4.005846e+001  0.000000e+000
      vertex  4.221078e+001 -4.221078e+001  2.000000e+000
    endloop
  endfacet
  facet normal  1.668697e-001 -6.971924e-001 -6.971924e-001
    outer loop
      vertex  4.181399e+001 -4.005846e+001  0.000000e+000
      vertex  4.362500e+001 -3.962500e+001  0.000000e+000
      vertex  4.362500e+001 -4.162500e+001  2.000000e+000
    endloop
  endfacet
  facet normal  2.612751e-001 -6.307763e-001 -7.306550e-001
    outer loop
      vertex  4.221078e+001 -4.221078e+001  2.000000e+000
      vertex  4.181399e+001 -4.005846e+001  0.000000e+000
      vertex  4.362500e+001 -4.162500e+001  2.000000e+000
    endloop
  endfacet
  facet normal -4.707208e-001 -5.524469e-001 -6.879131e-001
    outer loop
      vertex  4.543601e+001 -4.005846e+001  0.000000e+000
      vertex  4.685885e+001 -4.127081e+001  0.000000e+000
      vertex  4.503922e+001 -4.221078e+001  2.000000e+000
    endloop
  endfacet
  facet normal -2.612751e-001 -6.307763e-001 -7.306550e-001
    outer loop
      vertex  4.362500e+001 -4.162500e+001  2.000000e+000
      vertex  4.543601e+001 -4.005846e+001  0.000000e+000
      vertex  4.503922e+001 -4.221078e+001  2.000000e+000
    endloop
  endfacet
  facet normal -1.668697e-001 -6.971924e-001 -6.971924e-001
    outer loop
      vertex  4.362500e+001 -3.962500e+001  0.000000e+000
      vertex  4.543601e+001 -4.005846e+001  0.000000e+000
      vertex  4.362500e+001 -4.162500e+001  2.000000e+000
    endloop
  endfacet
  facet normal -3.826822e-001  9.238800e-001  0.000000e+000
    outer loop
      vertex -4.362500e+001 -4.562500e+001  2.000000e+000
      vertex -4.221078e+001 -4.503922e+001  1.100000e+001
      vertex -4.221078e+001 -4.503922e+001  2.000000e+000
    endloop
  endfacet
  facet normal -9.238800e-001  3.826822e-001  0.000000e+000
    outer loop
      vertex -4.221078e+001 -4.503922e+001  2.000000e+000
      vertex -4.221078e+001 -4.503922e+001  1.100000e+001
      vertex -4.162500e+001 -4.362500e+001  1.100000e+001
    endloop
  endfacet
  facet normal -9.238800e-001  3.826822e-001  0.000000e+000
    outer loop
      vertex -4.221078e+001 -4.503922e+001  2.000000e+000
      vertex -4.162500e+001 -4.362500e+001  1.100000e+001
      vertex -4.162500e+001 -4.362500e+001  2.000000e+000
    endloop
  endfacet
  facet normal -3.826822e-001  9.238800e-001  0.000000e+000
    outer loop
      vertex -4.221078e+001 -4.503922e+001  1.100000e+001
      vertex -4.362500e+001 -4.562500e+001  2.000000e+000
      vertex -4.362500e+001 -4.562500e+001  1.100000e+001
    endloop
  endfacet
  facet normal  3.826822e-001  9.238800e-001  0.000000e+000
    outer loop
      vertex -4.362500e+001 -4.562500e+001  1.100000e+001
      vertex -4.362500e+001 -4.562500e+001  2.000000e+000
      vertex -4.503922e+001 -4.503922e+001  2.000000e+000
    endloop
  endfacet
  facet normal  3.826822e-001  9.238800e-001  -0.000000e+000
    outer loop
      vertex -4.362500e+001 -4.562500e+001  1.100000e+001
      vertex -4.503922e+001 -4.503922e+001  2.000000e+000
      vertex -4.503922e+001 -4.503922e+001  1.100000e+001
    endloop
  endfacet
  facet normal  9.238800e-001  3.826822e-001  0.000000e+000
    outer loop
      vertex -4.503922e+001 -4.503922e+001  1.100000e+001
      vertex -4.503922e+001 -4.503922e+001  2.000000e+000
      vertex -4.562500e+001 -4.362500e+001  2.000000e+000
    endloop
  endfacet
  facet normal  9.238800e-001  3.826822e-001  -0.000000e+000
    outer loop
      vertex -4.503922e+001 -4.503922e+001  1.100000e+001
      vertex -4.562500e+001 -4.362500e+001  2.000000e+000
      vertex -4.562500e+001 -4.362500e+001  1.100000e+001
    endloop
  endfacet
  facet normal  3.826822e-001 -9.238800e-001  0.000000e+000
    outer loop
      vertex -4.362500e+001 -4.162500e+001  2.000000e+000
      vertex -4.503922e+001 -4.221078e+001  1.100000e+001
      vertex -4.503922e+001 -4.221078e+001  2.000000e+000
    endloop
  endfacet
  facet normal  9.238800e-001 -3.826822e-001  0.000000e+000
    outer loop
      vertex -4.503922e+001 -4.221078e+001  2.000000e+000
      vertex -4.503922e+001 -4.221078e+001  1.100000e+001
      vertex -4.562500e+001 -4.362500e+001  1.100000e+001
    endloop
  endfacet
  facet normal  9.238800e-001 -3.826822e-001  0.000000e+000
    outer loop
      vertex -4.503922e+001 -4.221078e+001  2.000000e+000
      vertex -4.562500e+001 -4.362500e+001  1.100000e+001
      vertex -4.562500e+001 -4.362500e+001  2.000000e+000
    endloop
  endfacet
  facet normal  3.826822e-001 -9.238800e-001  0.000000e+000
    outer loop
      vertex -4.503922e+001 -4.221078e+001  1.100000e+001
      vertex -4.362500e+001 -4.162500e+001  2.000000e+000
      vertex -4.362500e+001 -4.162500e+001  1.100000e+001
    endloop
  endfacet
  facet normal -3.826822e-001 -9.238800e-001  -0.000000e+000
    outer loop
      vertex -4.362500e+001 -4.162500e+001  1.100000e+001
      vertex -4.362500e+001 -4.162500e+001  2.000000e+000
      vertex -4.221078e+001 -4.221078e+001  2.000000e+000
    endloop
  endfacet
  facet normal -3.826822e-001 -9.238800e-001  0.000000e+000
    outer loop
      vertex -4.362500e+001 -4.162500e+001  1.100000e+001
      vertex -4.221078e+001 -4.221078e+001  2.000000e+000
      vertex -4.221078e+001 -4.221078e+001  1.100000e+001
    endloop
  endfacet
  facet normal -9.238800e-001 -3.826822e-001  -0.000000e+000
    outer loop
      vertex -4.221078e+001 -4.221078e+001  1.100000e+001
      vertex -4.221078e+001 -4.221078e+001  2.000000e+000
      vertex -4.162500e+001 -4.362500e+001  2.000000e+000
    endloop
  endfacet
  facet normal -9.238800e-001 -3.826822e-001  0.000000e+000
    outer loop
      vertex -4.221078e+001 -4.221078e+001  1.100000e+001
      vertex -4.162500e+001 -4.362500e+001  2.000000e+000
      vertex -4.162500e+001 -4.362500e+001  1.100000e+001
    endloop
  endfacet
  facet normal  6.934834e-001 -1.953503e-001 -6.934834e-001
    outer loop
      vertex -4.762500e+001 -4.362500e+001  0.000000e+000
      vertex -4.703686e+001 -4.153712e+001  0.000000e+000
      vertex -4.562500e+001 -4.362500e+001  2.000000e+000
    endloop
  endfacet
  facet normal  6.366212e-001 -2.636962e-001 -7.246916e-001
    outer loop
      vertex -4.703686e+001 -4.153712e+001  0.000000e+000
      vertex -4.503922e+001 -4.221078e+001  2.000000e+000
      vertex -4.562500e+001 -4.362500e+001  2.000000e+000
    endloop
  endfacet
  facet normal -6.368412e-001 -2.637873e-001 -7.244650e-001
    outer loop
      vertex -4.221078e+001 -4.221078e+001  2.000000e+000
      vertex -3.973405e+001 -4.269738e+001  0.000000e+000
      vertex -4.162500e+001 -4.362500e+001  2.000000e+000
    endloop
  endfacet
  facet normal -7.046773e-001 -8.283622e-002 -7.046759e-001
    outer loop
      vertex -3.973405e+001 -4.269738e+001  0.000000e+000
      vertex -3.962500e+001 -4.362500e+001  0.000000e+000
      vertex -4.162500e+001 -4.362500e+001  2.000000e+000
    endloop
  endfacet
  facet normal -4.252511e-001 -5.841475e-001 -6.913272e-001
    outer loop
      vertex -4.209161e+001 -3.993058e+001  0.000000e+000
      vertex -4.058035e+001 -4.103076e+001  0.000000e+000
      vertex -4.221078e+001 -4.221078e+001  2.000000e+000
    endloop
  endfacet
  facet normal -2.605008e-001 -6.289070e-001 -7.325402e-001
    outer loop
      vertex -4.362500e+001 -4.162500e+001  2.000000e+000
      vertex -4.209161e+001 -3.993058e+001  0.000000e+000
      vertex -4.221078e+001 -4.221078e+001  2.000000e+000
    endloop
  endfacet
  facet normal -1.133716e-001 -7.135094e-001 -6.914125e-001
    outer loop
      vertex -4.362500e+001 -4.162500e+001  2.000000e+000
      vertex -4.393775e+001 -3.963725e+001  0.000000e+000
      vertex -4.209161e+001 -3.993058e+001  0.000000e+000
    endloop
  endfacet
  facet normal -6.323689e-001 -3.211129e-001 -7.049794e-001
    outer loop
      vertex -4.058035e+001 -4.103076e+001  0.000000e+000
      vertex -3.973405e+001 -4.269738e+001  0.000000e+000
      vertex -4.221078e+001 -4.221078e+001  2.000000e+000
    endloop
  endfacet
  facet normal  5.142319e-001 -5.138224e-001 -6.866965e-001
    outer loop
      vertex -4.703686e+001 -4.153712e+001  0.000000e+000
      vertex -4.571559e+001 -4.021480e+001  0.000000e+000
      vertex -4.503922e+001 -4.221078e+001  2.000000e+000
    endloop
  endfacet
  facet normal  2.126942e-001 -6.547170e-001 -7.253323e-001
    outer loop
      vertex -4.503922e+001 -4.221078e+001  2.000000e+000
      vertex -4.571559e+001 -4.021480e+001  0.000000e+000
      vertex -4.393775e+001 -3.963725e+001  0.000000e+000
    endloop
  endfacet
  facet normal  2.735810e-001 -6.604855e-001 -6.992226e-001
    outer loop
      vertex -4.503922e+001 -4.221078e+001  2.000000e+000
      vertex -4.393775e+001 -3.963725e+001  0.000000e+000
      vertex -4.362500e+001 -4.162500e+001  2.000000e+000
    endloop
  endfacet
  facet normal -6.890970e-001  2.242597e-001 -6.890957e-001
    outer loop
      vertex -3.962500e+001 -4.362500e+001  0.000000e+000
      vertex -4.039115e+001 -4.597919e+001  0.000000e+000
      vertex -4.162500e+001 -4.362500e+001  2.000000e+000
    endloop
  endfacet
  facet normal -6.466470e-001  2.678490e-001 -7.142160e-001
    outer loop
      vertex -4.039115e+001 -4.597919e+001  0.000000e+000
      vertex -4.221078e+001 -4.503922e+001  2.000000e+000
      vertex -4.162500e+001 -4.362500e+001  2.000000e+000
    endloop
  endfacet
  facet normal  6.466470e-001  2.678490e-001 -7.142160e-001
    outer loop
      vertex -4.503922e+001 -4.503922e+001  2.000000e+000
      vertex -4.685885e+001 -4.597919e+001  0.000000e+000
      vertex -4.562500e+001 -4.362500e+001  2.000000e+000
    endloop
  endfacet
  facet normal  6.890962e-001  2.242605e-001 -6.890962e-001
    outer loop
      vertex -4.685885e+001 -4.597919e+001  0.000000e+000
      vertex -4.762500e+001 -4.362500e+001  0.000000e+000
      vertex -4.562500e+001 -4.362500e+001  2.000000e+000
    endloop
  endfacet
  facet normal -4.707208e-001  5.524469e-001 -6.879131e-001
    outer loop
      vertex -4.039115e+001 -4.597919e+001  0.000000e+000
      vertex -4.181399e+001 -4.719154e+001  0.000000e+000
      vertex -4.221078e+001 -4.503922e+001  2.000000e+000
    endloop
  endfacet
  facet normal -1.668697e-001  6.971924e-001 -6.971924e-001
    outer loop
      vertex -4.181399e+001 -4.719154e+001  0.000000e+000
      vertex -4.362500e+001 -4.762500e+001  0.000000e+000
      vertex -4.362500e+001 -4.562500e+001  2.000000e+000
    endloop
  endfacet
  facet normal -2.612751e-001  6.307763e-001 -7.306550e-001
    outer loop
      vertex -4.221078e+001 -4.503922e+001  2.000000e+000
      vertex -4.181399e+001 -4.719154e+001  0.000000e+000
      vertex -4.362500e+001 -4.562500e+001  2.000000e+000
    endloop
  endfacet
  facet normal  4.707208e-001  5.524469e-001 -6.879131e-001
    outer loop
      vertex -4.543601e+001 -4.719154e+001  0.000000e+000
      vertex -4.685885e+001 -4.597919e+001  0.000000e+000
      vertex -4.503922e+001 -4.503922e+001  2.000000e+000
    endloop
  endfacet
  facet normal  2.612751e-001  6.307763e-001 -7.306550e-001
    outer loop
      vertex -4.362500e+001 -4.562500e+001  2.000000e+000
      vertex -4.543601e+001 -4.719154e+001  0.000000e+000
      vertex -4.503922e+001 -4.503922e+001  2.000000e+000
    endloop
  endfacet
  facet normal  1.668697e-001  6.971924e-001 -6.971924e-001
    outer loop
      vertex -4.362500e+001 -4.762500e+001  0.000000e+000
      vertex -4.543601e+001 -4.719154e+001  0.000000e+000
      vertex -4.362500e+001 -4.562500e+001  2.000000e+000
    endloop
  endfacet
  facet normal -3.826822e-001  9.238800e-001  0.000000e+000
    outer loop
      vertex -4.362500e+001  4.162500e+001  2.000000e+000
      vertex -4.221078e+001  4.221078e+001  1.100000e+001
      vertex -4.221078e+001  4.221078e+001  2.000000e+000
    endloop
  endfacet
  facet normal -9.238800e-001  3.826822e-001  0.000000e+000
    outer loop
      vertex -4.221078e+001  4.221078e+001  2.000000e+000
      vertex -4.221078e+001  4.221078e+001  1.100000e+001
      vertex -4.162500e+001  4.362500e+001  1.100000e+001
    endloop
  endfacet
  facet normal -9.238800e-001  3.826822e-001  0.000000e+000
    outer loop
      vertex -4.221078e+001  4.221078e+001  2.000000e+000
      vertex -4.162500e+001  4.362500e+001  1.100000e+001
      vertex -4.162500e+001  4.362500e+001  2.000000e+000
    endloop
  endfacet
  facet normal -3.826822e-001  9.238800e-001  0.000000e+000
    outer loop
      vertex -4.221078e+001  4.221078e+001  1.100000e+001
      vertex -4.362500e+001  4.162500e+001  2.000000e+000
      vertex -4.362500e+001  4.162500e+001  1.100000e+001
    endloop
  endfacet
  facet normal  3.826822e-001  9.238800e-001  0.000000e+000
    outer loop
      vertex -4.362500e+001  4.162500e+001  1.100000e+001
      vertex -4.362500e+001  4.162500e+001  2.000000e+000
      vertex -4.503922e+001  4.221078e+001  2.000000e+000
    endloop
  endfacet
  facet normal  3.826822e-001  9.238800e-001  -0.000000e+000
    outer loop
      vertex -4.362500e+001  4.162500e+001  1.100000e+001
      vertex -4.503922e+001  4.221078e+001  2.000000e+000
      vertex -4.503922e+001  4.221078e+001  1.100000e+001
    endloop
  endfacet
  facet normal  9.238800e-001  3.826822e-001  0.000000e+000
    outer loop
      vertex -4.503922e+001  4.221078e+001  1.100000e+001
      vertex -4.503922e+001  4.221078e+001  2.000000e+000
      vertex -4.562500e+001  4.362500e+001  2.000000e+000
    endloop
  endfacet
  facet normal  9.238800e-001  3.826822e-001  -0.000000e+000
    outer loop
      vertex -4.503922e+001  4.221078e+001  1.100000e+001
      vertex -4.562500e+001  4.362500e+001  2.000000e+000
      vertex -4.562500e+001  4.362500e+001  1.100000e+001
    endloop
  endfacet
  facet normal  3.826822e-001 -9.238800e-001  0.000000e+000
    outer loop
      vertex -4.362500e+001  4.562500e+001  2.000000e+000
      vertex -4.503922e+001  4.503922e+001  1.100000e+001
      vertex -4.503922e+001  4.503922e+001  2.000000e+000
    endloop
  endfacet
  facet normal  9.238800e-001 -3.826822e-001  0.000000e+000
    outer loop
      vertex -4.503922e+001  4.503922e+001  2.000000e+000
      vertex -4.503922e+001  4.503922e+001  1.100000e+001
      vertex -4.562500e+001  4.362500e+001  1.100000e+001
    endloop
  endfacet
  facet normal  9.238800e-001 -3.826822e-001  0.000000e+000
    outer loop
      vertex -4.503922e+001  4.503922e+001  2.000000e+000
      vertex -4.562500e+001  4.362500e+001  1.100000e+001
      vertex -4.562500e+001  4.362500e+001  2.000000e+000
    endloop
  endfacet
  facet normal  3.826822e-001 -9.238800e-001  0.000000e+000
    outer loop
      vertex -4.503922e+001  4.503922e+001  1.100000e+001
      vertex -4.362500e+001  4.562500e+001  2.000000e+000
      vertex -4.362500e+001  4.562500e+001  1.100000e+001
    endloop
  endfacet
  facet normal -3.826822e-001 -9.238800e-001  -0.000000e+000
    outer loop
      vertex -4.362500e+001  4.562500e+001  1.100000e+001
      vertex -4.362500e+001  4.562500e+001  2.000000e+000
      vertex -4.221078e+001  4.503922e+001  2.000000e+000
    endloop
  endfacet
  facet normal -3.826822e-001 -9.238800e-001  0.000000e+000
    outer loop
      vertex -4.362500e+001  4.562500e+001  1.100000e+001
      vertex -4.221078e+001  4.503922e+001  2.000000e+000
      vertex -4.221078e+001  4.503922e+001  1.100000e+001
    endloop
  endfacet
  facet normal -9.238800e-001 -3.826822e-001  -0.000000e+000
    outer loop
      vertex -4.221078e+001  4.503922e+001  1.100000e+001
      vertex -4.221078e+001  4.503922e+001  2.000000e+000
      vertex -4.162500e+001  4.362500e+001  2.000000e+000
    endloop
  endfacet
  facet normal -9.238800e-001 -3.826822e-001  0.000000e+000
    outer loop
      vertex -4.221078e+001  4.503922e+001  1.100000e+001
      vertex -4.162500e+001  4.362500e+001  2.000000e+000
      vertex -4.162500e+001  4.362500e+001  1.100000e+001
    endloop
  endfacet
  facet normal  6.934834e-001 -1.953503e-001 -6.934834e-001
    outer loop
      vertex -4.762500e+001  4.362500e+001  0.000000e+000
      vertex -4.703686e+001  4.571288e+001  0.000000e+000
      vertex -4.562500e+001  4.362500e+001  2.000000e+000
    endloop
  endfacet
  facet normal  6.366212e-001 -2.636962e-001 -7.246916e-001
    outer loop
      vertex -4.703686e+001  4.571288e+001  0.000000e+000
      vertex -4.503922e+001  4.503922e+001  2.000000e+000
      vertex -4.562500e+001  4.362500e+001  2.000000e+000
    endloop
  endfacet
  facet normal -6.368412e-001 -2.637873e-001 -7.244650e-001
    outer loop
      vertex -4.221078e+001  4.503922e+001  2.000000e+000
      vertex -3.973405e+001  4.455262e+001  0.000000e+000
      vertex -4.162500e+001  4.362500e+001  2.000000e+000
    endloop
  endfacet
  facet normal -7.046773e-001 -8.283622e-002 -7.046759e-001
    outer loop
      vertex -3.973405e+001  4.455262e+001  0.000000e+000
      vertex -3.962500e+001  4.362500e+001  0.000000e+000
      vertex -4.162500e+001  4.362500e+001  2.000000e+000
    endloop
  endfacet
  facet normal -4.252511e-001 -5.841475e-001 -6.913272e-001
    outer loop
      vertex -4.209161e+001  4.731942e+001  0.000000e+000
      vertex -4.058035e+001  4.621924e+001  0.000000e+000
      vertex -4.221078e+001  4.503922e+001  2.000000e+000
    endloop
  endfacet
  facet normal -2.605008e-001 -6.289070e-001 -7.325402e-001
    outer loop
      vertex -4.362500e+001  4.562500e+001  2.000000e+000
      vertex -4.209161e+001  4.731942e+001  0.000000e+000
      vertex -4.221078e+001  4.503922e+001  2.000000e+000
    endloop
  endfacet
  facet normal -1.133716e-001 -7.135094e-001 -6.914125e-001
    outer loop
      vertex -4.362500e+001  4.562500e+001  2.000000e+000
      vertex -4.393775e+001  4.761275e+001  0.000000e+000
      vertex -4.209161e+001  4.731942e+001  0.000000e+000
    endloop
  endfacet
  facet normal -6.323689e-001 -3.211129e-001 -7.049794e-001
    outer loop
      vertex -4.058035e+001  4.621924e+001  0.000000e+000
      vertex -3.973405e+001  4.455262e+001  0.000000e+000
      vertex -4.221078e+001  4.503922e+001  2.000000e+000
    endloop
  endfacet
  facet normal  5.142319e-001 -5.138224e-001 -6.866965e-001
    outer loop
      vertex -4.703686e+001  4.571288e+001  0.000000e+000
      vertex -4.571559e+001  4.703520e+001  0.000000e+000
      vertex -4.503922e+001  4.503922e+001  2.000000e+000
    endloop
  endfacet
  facet normal  2.126942e-001 -6.547170e-001 -7.253323e-001
    outer loop
      vertex -4.503922e+001  4.503922e+001  2.000000e+000
      vertex -4.571559e+001  4.703520e+001  0.000000e+000
      vertex -4.393775e+001  4.761275e+001  0.000000e+000
    endloop
  endfacet
  facet normal  2.735810e-001 -6.604855e-001 -6.992226e-001
    outer loop
      vertex -4.503922e+001  4.503922e+001  2.000000e+000
      vertex -4.393775e+001  4.761275e+001  0.000000e+000
      vertex -4.362500e+001  4.562500e+001  2.000000e+000
    endloop
  endfacet
  facet normal -6.890970e-001  2.242597e-001 -6.890957e-001
    outer loop
      vertex -3.962500e+001  4.362500e+001  0.000000e+000
      vertex -4.039115e+001  4.127081e+001  0.000000e+000
      vertex -4.162500e+001  4.362500e+001  2.000000e+000
    endloop
  endfacet
  facet normal -6.466470e-001  2.678490e-001 -7.142160e-001
    outer loop
      vertex -4.039115e+001  4.127081e+001  0.000000e+000
      vertex -4.221078e+001  4.221078e+001  2.000000e+000
      vertex -4.162500e+001  4.362500e+001  2.000000e+000
    endloop
  endfacet
  facet normal  6.466470e-001  2.678490e-001 -7.142160e-001
    outer loop
      vertex -4.503922e+001  4.221078e+001  2.000000e+000
      vertex -4.685885e+001  4.127081e+001  0.000000e+000
      vertex -4.562500e+001  4.362500e+001  2.000000e+000
    endloop
  endfacet
  facet normal  6.890962e-001  2.242605e-001 -6.890962e-001
    outer loop
      vertex -4.685885e+001  4.127081e+001  0.000000e+000
      vertex -4.762500e+001  4.362500e+001  0.000000e+000
      vertex -4.562500e+001  4.362500e+001  2.000000e+000
    endloop
  endfacet
  facet normal -4.707208e-001  5.524469e-001 -6.879131e-001
    outer loop
      vertex -4.039115e+001  4.127081e+001  0.000000e+000
      vertex -4.181399e+001  4.005846e+001  0.000000e+000
      vertex -4.221078e+001  4.221078e+001  2.000000e+000
    endloop
  endfacet
  facet normal -1.668697e-001  6.971924e-001 -6.971924e-001
    outer loop
      vertex -4.181399e+001  4.005846e+001  0.000000e+000
      vertex -4.362500e+001  3.962500e+001  0.000000e+000
      vertex -4.362500e+001  4.162500e+001  2.000000e+000
    endloop
  endfacet
  facet normal -2.612751e-001  6.307763e-001 -7.306550e-001
    outer loop
      vertex -4.221078e+001  4.221078e+001  2.000000e+000
      vertex -4.181399e+001  4.005846e+001  0.000000e+000
      vertex -4.362500e+001  4.162500e+001  2.000000e+000
    endloop
  endfacet
  facet normal  4.707208e-001  5.524469e-001 -6.879131e-001
    outer loop
      vertex -4.543601e+001  4.005846e+001  0.000000e+000
      vertex -4.685885e+001  4.127081e+001  0.000000e+000
      vertex -4.503922e+001  4.221078e+001  2.000000e+000
    endloop
  endfacet
  facet normal  2.612751e-001  6.307763e-001 -7.306550e-001
    outer loop
      vertex -4.362500e+001  4.162500e+001  2.000000e+000
      vertex -4.543601e+001  4.005846e+001  0.000000e+000
      vertex -4.503922e+001  4.221078e+001  2.000000e+000
    endloop
  endfacet
  facet normal  1.668697e-001  6.971924e-001 -6.971924e-001
    outer loop
      vertex -4.362500e+001  3.962500e+001  0.000000e+000
      vertex -4.543601e+001  4.005846e+001  0.000000e+000
      vertex -4.362500e+001  4.162500e+001  2.000000e+000
    endloop
  endfacet
  facet normal  9.791334e-001  2.032185e-001  0.000000e+000
    outer loop
      vertex  5.812943e+001 -5.120472e+001  0.000000e+000
      vertex  5.812943e+001 -5.120472e+001  5.000000e+000
      vertex  5.862106e+001 -5.357346e+001  0.000000e+000
    endloop
  endfacet
  facet normal  9.748616e-001  2.226041e-001 -9.603889e-003
    outer loop
      vertex  5.862106e+001 -5.357346e+001  0.000000e+000
      vertex  5.812943e+001 -5.120472e+001  5.000000e+000
      vertex  5.862500e+001 -5.337500e+001  5.000000e+000
    endloop
  endfacet
  facet normal  9.598773e-001 -2.802288e-001  1.036632e-002
    outer loop
      vertex  5.862106e+001 -5.357346e+001  0.000000e+000
      vertex  5.862500e+001 -5.337500e+001  5.000000e+000
      vertex  5.794309e+001 -5.589574e+001  0.000000e+000
    endloop
  endfacet
  facet normal  9.690537e-001 -2.467276e-001 -7.774713e-003
    outer loop
      vertex  5.794309e+001 -5.589574e+001  0.000000e+000
      vertex  5.862500e+001 -5.337500e+001  5.000000e+000
      vertex  5.801622e+001 -5.576606e+001  5.000000e+000
    endloop
  endfacet
  facet normal  7.159793e-001 -6.980797e-001  7.632813e-003
    outer loop
      vertex  5.794309e+001 -5.589574e+001  0.000000e+000
      vertex  5.801622e+001 -5.576606e+001  5.000000e+000
      vertex  5.625423e+001 -5.762790e+001  0.000000e+000
    endloop
  endfacet
  facet normal  7.330914e-001 -6.801112e-001 -5.088338e-003
    outer loop
      vertex  5.625423e+001 -5.762790e+001  0.000000e+000
      vertex  5.801622e+001 -5.576606e+001  5.000000e+000
      vertex  5.633813e+001 -5.757487e+001  5.000000e+000
    endloop
  endfacet
  facet normal  3.044492e-001 -9.525155e-001  4.993334e-003
    outer loop
      vertex  5.625423e+001 -5.762790e+001  0.000000e+000
      vertex  5.633813e+001 -5.757487e+001  5.000000e+000
      vertex  5.394986e+001 -5.836444e+001  0.000000e+000
    endloop
  endfacet
  facet normal  3.185987e-001 -9.478863e-001 -2.496245e-003
    outer loop
      vertex  5.394986e+001 -5.836444e+001  0.000000e+000
      vertex  5.633813e+001 -5.757487e+001  5.000000e+000
      vertex  5.399936e+001 -5.836097e+001  5.000000e+000
    endloop
  endfacet
  facet normal -1.783688e-001 -9.839606e-001  2.449109e-003
    outer loop
      vertex  5.394986e+001 -5.836444e+001  0.000000e+000
      vertex  5.399936e+001 -5.836097e+001  5.000000e+000
      vertex  5.156944e+001 -5.793292e+001  0.000000e+000
    endloop
  endfacet
  facet normal -1.734837e-001 -9.848368e-001  0.000000e+000
    outer loop
      vertex  5.156944e+001 -5.793292e+001  0.000000e+000
      vertex  5.399936e+001 -5.836097e+001  5.000000e+000
      vertex  5.156944e+001 -5.793292e+001  5.000000e+000
    endloop
  endfacet
  facet normal  0.000000e+000  0.000000e+000  1.000000e+000
    outer loop
      vertex -2.113784e+001  4.762500e+001  5.000000e+000
      vertex -3.280946e+001  4.871388e+001  5.000000e+000
      vertex -3.448637e+001  4.858588e+001  5.000000e+000
    endloop
  endfacet
  facet normal  0.000000e+000  0.000000e+000  9.999999e-001
    outer loop
      vertex -2.113784e+001  4.762500e+001  5.000000e+000
      vertex -3.144616e+001  4.969868e+001  5.000000e+000
      vertex -3.280946e+001  4.871388e+001  5.000000e+000
    endloop
  endfacet
  facet normal  -0.000000e+000  0.000000e+000  1.000000e+000
    outer loop
      vertex -6.137500e+001  5.162500e+001  5.000000e+000
      vertex -6.201651e+001  4.917477e+001  5.000000e+000
      vertex -4.470656e+001  4.695370e+001  5.000000e+000
    endloop
  endfacet
  facet normal  0.000000e+000  0.000000e+000  9.999999e-001
    outer loop
      vertex  2.662500e+001  3.862500e+001  5.000000e+000
      vertex  4.079344e+001  4.156775e+001  5.000000e+000
      vertex  4.012500e+001  4.362500e+001  5.000000e+000
    endloop
  endfacet
  facet normal  0.000000e+000  -0.000000e+000  9.999999e-001
    outer loop
      vertex  2.662500e+001 -3.862500e+001  5.000000e+000
      vertex  4.012500e+001 -4.362500e+001  5.000000e+000
      vertex  4.079344e+001 -4.156775e+001  5.000000e+000
    endloop
  endfacet
  facet normal  0.000000e+000  -0.000000e+000  1.000000e+000
    outer loop
      vertex  2.515338e+001 -4.939900e+001  5.000000e+000
      vertex  3.587854e+001 -5.170560e+001  5.000000e+000
      vertex  4.254344e+001 -4.695370e+001  5.000000e+000
    endloop
  endfacet
  facet normal  0.000000e+000  0.000000e+000  1.000000e+000
    outer loop
      vertex  4.862500e+001  2.680144e+001  5.000000e+000
      vertex  4.927554e+001  3.293255e+001  5.000000e+000
      vertex  4.470656e+001  4.029630e+001  5.000000e+000
    endloop
  endfacet
  facet normal  0.000000e+000  0.000000e+000  1.000000e+000
    outer loop
      vertex  4.470656e+001  4.695370e+001  5.000000e+000
      vertex  5.093585e+001  4.740974e+001  5.000000e+000
      vertex  4.924061e+001  4.922144e+001  5.000000e+000
    endloop
  endfacet
  facet normal  0.000000e+000  -0.000000e+000  1.000000e+000
    outer loop
      vertex -6.358555e+001 -4.922543e+001  5.000000e+000
      vertex -6.196210e+001 -5.102418e+001  5.000000e+000
      vertex -4.623306e+001 -5.024409e+001  5.000000e+000
    endloop
  endfacet
  facet normal  0.000000e+000  0.000000e+000  1.000000e+000
    outer loop
      vertex -4.470656e+001  4.695370e+001  5.000000e+000
      vertex -6.201651e+001  4.917477e+001  5.000000e+000
      vertex -6.377644e+001  4.735329e+001  5.000000e+000
    endloop
  endfacet
  facet normal  0.000000e+000  0.000000e+000  9.999999e-001
    outer loop
      vertex -6.377644e+001  4.735329e+001  5.000000e+000
      vertex -6.620317e+001  4.662795e+001  5.000000e+000
      vertex -4.470656e+001  4.695370e+001  5.000000e+000
    endloop
  endfacet
  facet normal  -0.000000e+000  0.000000e+000  1.000000e+000
    outer loop
      vertex  5.093585e+001  4.740974e+001  5.000000e+000
      vertex  4.470656e+001  4.695370e+001  5.000000e+000
      vertex  5.329327e+001  4.663602e+001  5.000000e+000
    endloop
  endfacet
  facet normal  0.000000e+000  0.000000e+000  1.000000e+000
    outer loop
      vertex -2.662500e+001  3.862500e+001  5.000000e+000
      vertex -4.079344e+001  4.568225e+001  5.000000e+000
      vertex -4.012500e+001  4.362500e+001  5.000000e+000
    endloop
  endfacet
  facet normal  0.000000e+000  0.000000e+000  9.999999e-001
    outer loop
      vertex -2.662500e+001  3.862500e+001  5.000000e+000
      vertex -4.012500e+001  4.362500e+001  5.000000e+000
      vertex -4.079344e+001  4.156775e+001  5.000000e+000
    endloop
  endfacet
  facet normal  0.000000e+000  0.000000e+000  1.000000e+000
    outer loop
      vertex -2.662500e+001  3.862500e+001  5.000000e+000
      vertex -4.079344e+001  4.156775e+001  5.000000e+000
      vertex -4.254344e+001  4.029630e+001  5.000000e+000
    endloop
  endfacet
  facet normal  0.000000e+000  0.000000e+000  1.000000e+000
    outer loop
      vertex  4.617224e+001 -5.549886e+001  5.000000e+000
      vertex  5.156944e+001 -5.793292e+001  5.000000e+000
      vertex  5.001722e+001 -5.683678e+001  5.000000e+000
    endloop
  endfacet
  facet normal  0.000000e+000  0.000000e+000  1.000000e+000
    outer loop
      vertex  4.617224e+001 -5.549886e+001  5.000000e+000
      vertex  5.001722e+001 -5.683678e+001  5.000000e+000
      vertex  4.898609e+001 -5.524062e+001  5.000000e+000
    endloop
  endfacet
  facet normal  0.000000e+000  0.000000e+000  1.000000e+000
    outer loop
      vertex  4.617224e+001 -5.549886e+001  5.000000e+000
      vertex  4.898609e+001 -5.524062e+001  5.000000e+000
      vertex  4.862500e+001 -5.337500e+001  5.000000e+000
    endloop
  endfacet
  facet normal  0.000000e+000  -0.000000e+000  1.000000e+000
    outer loop
      vertex -3.481732e+001 -4.862500e+001  5.000000e+000
      vertex  1.421034e+001 -4.862500e+001  5.000000e+000
      vertex  2.662500e+001 -3.862500e+001  5.000000e+000
    endloop
  endfacet
  facet normal  0.000000e+000  0.000000e+000  1.000000e+000
    outer loop
      vertex -3.481732e+001 -4.862500e+001  5.000000e+000
      vertex  2.662500e+001 -3.862500e+001  5.000000e+000
      vertex -2.662500e+001 -3.862500e+001  5.000000e+000
    endloop
  endfacet
  facet normal  0.000000e+000  0.000000e+000  1.000000e+000
    outer loop
      vertex -3.481732e+001 -4.862500e+001  5.000000e+000
      vertex -2.662500e+001 -3.862500e+001  5.000000e+000
      vertex -4.079344e+001 -4.156775e+001  5.000000e+000
    endloop
  endfacet
  facet normal  0.000000e+000  0.000000e+000  1.000000e+000
    outer loop
      vertex -3.481732e+001 -4.862500e+001  5.000000e+000
      vertex -4.079344e+001 -4.156775e+001  5.000000e+000
      vertex -4.012500e+001 -4.362500e+001  5.000000e+000
    endloop
  endfacet
  facet normal  0.000000e+000  0.000000e+000  1.000000e+000
    outer loop
      vertex -3.481732e+001 -4.862500e+001  5.000000e+000
      vertex -4.012500e+001 -4.362500e+001  5.000000e+000
      vertex -4.079344e+001 -4.568225e+001  5.000000e+000
    endloop
  endfacet
  facet normal  0.000000e+000  0.000000e+000  1.000000e+000
    outer loop
      vertex -3.481732e+001 -4.862500e+001  5.000000e+000
      vertex -4.079344e+001 -4.568225e+001  5.000000e+000
      vertex -4.254344e+001 -4.695370e+001  5.000000e+000
    endloop
  endfacet
  facet normal  0.000000e+000  0.000000e+000  1.000000e+000
    outer loop
      vertex -3.481732e+001 -4.862500e+001  5.000000e+000
      vertex -4.254344e+001 -4.695370e+001  5.000000e+000
      vertex -4.058231e+001 -4.903179e+001  5.000000e+000
    endloop
  endfacet
  facet normal  0.000000e+000  0.000000e+000  1.000000e+000
    outer loop
      vertex -5.165758e+001 -5.223788e+001  5.000000e+000
      vertex -4.623306e+001 -5.024409e+001  5.000000e+000
      vertex -6.196210e+001 -5.102418e+001  5.000000e+000
    endloop
  endfacet
  facet normal  0.000000e+000  0.000000e+000  1.000000e+000
    outer loop
      vertex -5.165758e+001 -5.223788e+001  5.000000e+000
      vertex -6.196210e+001 -5.102418e+001  5.000000e+000
      vertex -6.137500e+001 -5.337500e+001  5.000000e+000
    endloop
  endfacet
  facet normal  -0.000000e+000  0.000000e+000  1.000000e+000
    outer loop
      vertex -5.165758e+001 -5.223788e+001  5.000000e+000
      vertex -6.137500e+001 -5.337500e+001  5.000000e+000
      vertex -6.173672e+001 -5.524217e+001  5.000000e+000
    endloop
  endfacet
  facet normal  -0.000000e+000  0.000000e+000  1.000000e+000
    outer loop
      vertex -5.165758e+001 -5.223788e+001  5.000000e+000
      vertex -6.173672e+001 -5.524217e+001  5.000000e+000
      vertex -6.276954e+001 -5.683919e+001  5.000000e+000
    endloop
  endfacet
  facet normal  -0.000000e+000  0.000000e+000  1.000000e+000
    outer loop
      vertex -5.165758e+001 -5.223788e+001  5.000000e+000
      vertex -6.276954e+001 -5.683919e+001  5.000000e+000
      vertex -6.432401e+001 -5.793499e+001  5.000000e+000
    endloop
  endfacet
  facet normal  0.000000e+000  0.000000e+000  1.000000e+000
    outer loop
      vertex -5.847798e+001  4.190561e+001  5.000000e+000
      vertex -4.645656e+001  4.156775e+001  5.000000e+000
      vertex -4.712500e+001  4.362500e+001  5.000000e+000
    endloop
  endfacet
  facet normal  0.000000e+000  -0.000000e+000  1.000000e+000
    outer loop
      vertex -5.847798e+001  4.190561e+001  5.000000e+000
      vertex -4.712500e+001  4.362500e+001  5.000000e+000
      vertex -4.645656e+001  4.568225e+001  5.000000e+000
    endloop
  endfacet
  facet normal  0.000000e+000  -0.000000e+000  1.000000e+000
    outer loop
      vertex -5.847798e+001  4.190561e+001  5.000000e+000
      vertex -4.645656e+001  4.568225e+001  5.000000e+000
      vertex -4.470656e+001  4.695370e+001  5.000000e+000
    endloop
  endfacet
  facet normal  0.000000e+000  0.000000e+000  1.000000e+000
    outer loop
      vertex -5.847798e+001  4.190561e+001  5.000000e+000
      vertex -4.470656e+001  4.695370e+001  5.000000e+000
      vertex -6.620317e+001  4.662795e+001  5.000000e+000
    endloop
  endfacet
  facet normal  0.000000e+000  0.000000e+000  1.000000e+000
    outer loop
      vertex -5.847798e+001  4.190561e+001  5.000000e+000
      vertex -6.620317e+001  4.662795e+001  5.000000e+000
      vertex -6.867400e+001  4.718488e+001  5.000000e+000
    endloop
  endfacet
  facet normal  0.000000e+000  -0.000000e+000  1.000000e+000
    outer loop
      vertex  4.697045e+001  5.416827e+001  5.000000e+000
      vertex  4.862500e+001  5.162500e+001  5.000000e+000
      vertex  4.899280e+001  5.350721e+001  5.000000e+000
    endloop
  endfacet
  facet normal  0.000000e+000  -0.000000e+000  1.000000e+000
    outer loop
      vertex  4.697045e+001  5.416827e+001  5.000000e+000
      vertex  4.899280e+001  5.350721e+001  5.000000e+000
      vertex  5.004208e+001  5.511250e+001  5.000000e+000
    endloop
  endfacet
  facet normal  0.000000e+000  -0.000000e+000  1.000000e+000
    outer loop
      vertex  4.697045e+001  5.416827e+001  5.000000e+000
      vertex  5.004208e+001  5.511250e+001  5.000000e+000
      vertex  5.161847e+001  5.620472e+001  5.000000e+000
    endloop
  endfacet
  facet normal  0.000000e+000  0.000000e+000  9.999999e-001
    outer loop
      vertex  5.430734e+001  4.411483e+001  5.000000e+000
      vertex  5.765257e+001  4.866211e+001  5.000000e+000
      vertex  5.573238e+001  4.709081e+001  5.000000e+000
    endloop
  endfacet
  facet normal  0.000000e+000  0.000000e+000  1.000000e+000
    outer loop
      vertex  5.430734e+001  4.411483e+001  5.000000e+000
      vertex  5.573238e+001  4.709081e+001  5.000000e+000
      vertex  5.329327e+001  4.663602e+001  5.000000e+000
    endloop
  endfacet
  facet normal  0.000000e+000  0.000000e+000  1.000000e+000
    outer loop
      vertex  5.430734e+001  4.411483e+001  5.000000e+000
      vertex  5.329327e+001  4.663602e+001  5.000000e+000
      vertex  4.470656e+001  4.695370e+001  5.000000e+000
    endloop
  endfacet
  facet normal  0.000000e+000  0.000000e+000  9.999999e-001
    outer loop
      vertex  5.430734e+001  4.411483e+001  5.000000e+000
      vertex  4.470656e+001  4.695370e+001  5.000000e+000
      vertex  4.645656e+001  4.568225e+001  5.000000e+000
    endloop
  endfacet
  facet normal  0.000000e+000  0.000000e+000  1.000000e+000
    outer loop
      vertex  5.430734e+001  4.411483e+001  5.000000e+000
      vertex  4.645656e+001  4.568225e+001  5.000000e+000
      vertex  4.712500e+001  4.362500e+001  5.000000e+000
    endloop
  endfacet
  facet normal  -0.000000e+000  0.000000e+000  1.000000e+000
    outer loop
      vertex  5.430734e+001  4.411483e+001  5.000000e+000
      vertex  4.712500e+001  4.362500e+001  5.000000e+000
      vertex  5.119820e+001  3.879064e+001  5.000000e+000
    endloop
  endfacet
  facet normal  0.000000e+000  0.000000e+000  1.000000e+000
    outer loop
      vertex  5.588459e+001 -4.654554e+001  5.000000e+000
      vertex  5.273872e+001 -3.895433e+001  5.000000e+000
      vertex  4.470656e+001 -4.029630e+001  5.000000e+000
    endloop
  endfacet
  facet normal  0.000000e+000  0.000000e+000  1.000000e+000
    outer loop
      vertex  5.588459e+001 -4.654554e+001  5.000000e+000
      vertex  4.470656e+001 -4.029630e+001  5.000000e+000
      vertex  4.645656e+001 -4.156775e+001  5.000000e+000
    endloop
  endfacet
  facet normal  0.000000e+000  0.000000e+000  1.000000e+000
    outer loop
      vertex  5.588459e+001 -4.654554e+001  5.000000e+000
      vertex  4.645656e+001 -4.156775e+001  5.000000e+000
      vertex  4.712500e+001 -4.362500e+001  5.000000e+000
    endloop
  endfacet
  facet normal  0.000000e+000  0.000000e+000  1.000000e+000
    outer loop
      vertex  5.588459e+001 -4.654554e+001  5.000000e+000
      vertex  4.712500e+001 -4.362500e+001  5.000000e+000
      vertex  4.645656e+001 -4.568225e+001  5.000000e+000
    endloop
  endfacet
  facet normal  0.000000e+000  0.000000e+000  1.000000e+000
    outer loop
      vertex  5.588459e+001 -4.654554e+001  5.000000e+000
      vertex  4.645656e+001 -4.568225e+001  5.000000e+000
      vertex  4.470656e+001 -4.695370e+001  5.000000e+000
    endloop
  endfacet
  facet normal  -0.000000e+000  0.000000e+000  1.000000e+000
    outer loop
      vertex  5.588459e+001 -4.654554e+001  5.000000e+000
      vertex  4.470656e+001 -4.695370e+001  5.000000e+000
      vertex  5.384875e+001 -4.838001e+001  5.000000e+000
    endloop
  endfacet
  facet normal  -0.000000e+000  0.000000e+000  1.000000e+000
    outer loop
      vertex  5.588459e+001 -4.654554e+001  5.000000e+000
      vertex  5.384875e+001 -4.838001e+001  5.000000e+000
      vertex  5.637885e+001 -4.920171e+001  5.000000e+000
    endloop
  endfacet
  facet normal  -0.000000e+000  -0.000000e+000  1.000000e+000
    outer loop
      vertex  5.588459e+001 -4.654554e+001  5.000000e+000
      vertex  5.637885e+001 -4.920171e+001  5.000000e+000
      vertex  5.812943e+001 -5.120472e+001  5.000000e+000
    endloop
  endfacet
  facet normal  -0.000000e+000  0.000000e+000  1.000000e+000
    outer loop
      vertex  4.470656e+001 -4.695370e+001  5.000000e+000
      vertex  4.254344e+001 -4.695370e+001  5.000000e+000
      vertex  3.587854e+001 -5.170560e+001  5.000000e+000
    endloop
  endfacet
  facet normal  -0.000000e+000  0.000000e+000  1.000000e+000
    outer loop
      vertex  4.470656e+001 -4.695370e+001  5.000000e+000
      vertex  3.587854e+001 -5.170560e+001  5.000000e+000
      vertex  4.617224e+001 -5.549886e+001  5.000000e+000
    endloop
  endfacet
  facet normal  0.000000e+000  -0.000000e+000  1.000000e+000
    outer loop
      vertex  4.470656e+001 -4.695370e+001  5.000000e+000
      vertex  4.617224e+001 -5.549886e+001  5.000000e+000
      vertex  4.862500e+001 -5.337500e+001  5.000000e+000
    endloop
  endfacet
  facet normal  0.000000e+000  -0.000000e+000  1.000000e+000
    outer loop
      vertex  4.470656e+001 -4.695370e+001  5.000000e+000
      vertex  4.862500e+001 -5.337500e+001  5.000000e+000
      vertex  4.933266e+001 -5.081067e+001  5.000000e+000
    endloop
  endfacet
  facet normal  0.000000e+000  -0.000000e+000  1.000000e+000
    outer loop
      vertex  4.470656e+001 -4.695370e+001  5.000000e+000
      vertex  4.933266e+001 -5.081067e+001  5.000000e+000
      vertex  5.125532e+001 -4.897220e+001  5.000000e+000
    endloop
  endfacet
  facet normal  0.000000e+000  -0.000000e+000  1.000000e+000
    outer loop
      vertex  4.470656e+001 -4.695370e+001  5.000000e+000
      vertex  5.125532e+001 -4.897220e+001  5.000000e+000
      vertex  5.384875e+001 -4.838001e+001  5.000000e+000
    endloop
  endfacet
  facet normal  0.000000e+000  -0.000000e+000  1.000000e+000
    outer loop
      vertex  4.254344e+001 -4.029630e+001  5.000000e+000
      vertex  4.470656e+001 -4.029630e+001  5.000000e+000
      vertex  4.470656e+001  4.029630e+001  5.000000e+000
    endloop
  endfacet
  facet normal  0.000000e+000  0.000000e+000  1.000000e+000
    outer loop
      vertex  4.254344e+001 -4.029630e+001  5.000000e+000
      vertex  4.470656e+001  4.029630e+001  5.000000e+000
      vertex  4.254344e+001  4.029630e+001  5.000000e+000
    endloop
  endfacet
  facet normal  0.000000e+000  0.000000e+000  1.000000e+000
    outer loop
      vertex  4.254344e+001 -4.029630e+001  5.000000e+000
      vertex  4.254344e+001  4.029630e+001  5.000000e+000
      vertex  3.862500e+001  2.662500e+001  5.000000e+000
    endloop
  endfacet
  facet normal  0.000000e+000  0.000000e+000  1.000000e+000
    outer loop
      vertex  4.254344e+001 -4.029630e+001  5.000000e+000
      vertex  3.862500e+001  2.662500e+001  5.000000e+000
      vertex  3.862500e+001 -2.662500e+001  5.000000e+000
    endloop
  endfacet
  facet normal  0.000000e+000  0.000000e+000  1.000000e+000
    outer loop
      vertex  4.254344e+001 -4.029630e+001  5.000000e+000
      vertex  3.862500e+001 -2.662500e+001  5.000000e+000
      vertex  3.803768e+001 -3.033320e+001  5.000000e+000
    endloop
  endfacet
  facet normal  0.000000e+000  0.000000e+000  1.000000e+000
    outer loop
      vertex  4.254344e+001 -4.029630e+001  5.000000e+000
      vertex  3.803768e+001 -3.033320e+001  5.000000e+000
      vertex  3.633320e+001 -3.367842e+001  5.000000e+000
    endloop
  endfacet
  facet normal  0.000000e+000  0.000000e+000  1.000000e+000
    outer loop
      vertex  4.254344e+001 -4.029630e+001  5.000000e+000
      vertex  3.633320e+001 -3.367842e+001  5.000000e+000
      vertex  3.367842e+001 -3.633320e+001  5.000000e+000
    endloop
  endfacet
  facet normal  0.000000e+000  0.000000e+000  1.000000e+000
    outer loop
      vertex  4.254344e+001 -4.029630e+001  5.000000e+000
      vertex  3.367842e+001 -3.633320e+001  5.000000e+000
      vertex  3.033320e+001 -3.803768e+001  5.000000e+000
    endloop
  endfacet
  facet normal  0.000000e+000  0.000000e+000  9.999999e-001
    outer loop
      vertex  4.254344e+001 -4.029630e+001  5.000000e+000
      vertex  3.033320e+001 -3.803768e+001  5.000000e+000
      vertex  2.662500e+001 -3.862500e+001  5.000000e+000
    endloop
  endfacet
  facet normal  0.000000e+000  0.000000e+000  1.000000e+000
    outer loop
      vertex  4.254344e+001 -4.029630e+001  5.000000e+000
      vertex  2.662500e+001 -3.862500e+001  5.000000e+000
      vertex  4.079344e+001 -4.156775e+001  5.000000e+000
    endloop
  endfacet
  facet normal  0.000000e+000  0.000000e+000  1.000000e+000
    outer loop
      vertex  4.470656e+001 -4.029630e+001  5.000000e+000
      vertex  5.273872e+001 -3.895433e+001  5.000000e+000
      vertex  5.046296e+001 -3.105852e+001  5.000000e+000
    endloop
  endfacet
  facet normal  0.000000e+000  0.000000e+000  1.000000e+000
    outer loop
      vertex  4.470656e+001 -4.029630e+001  5.000000e+000
      vertex  5.046296e+001 -3.105852e+001  5.000000e+000
      vertex  4.908594e+001 -2.295748e+001  5.000000e+000
    endloop
  endfacet
  facet normal  0.000000e+000  0.000000e+000  1.000000e+000
    outer loop
      vertex  4.470656e+001 -4.029630e+001  5.000000e+000
      vertex  4.908594e+001 -2.295748e+001  5.000000e+000
      vertex  4.862500e+001 -1.475318e+001  5.000000e+000
    endloop
  endfacet
  facet normal  0.000000e+000  -0.000000e+000  1.000000e+000
    outer loop
      vertex  4.470656e+001 -4.029630e+001  5.000000e+000
      vertex  4.862500e+001 -1.475318e+001  5.000000e+000
      vertex  4.862500e+001  2.680144e+001  5.000000e+000
    endloop
  endfacet
  facet normal  0.000000e+000  0.000000e+000  1.000000e+000
    outer loop
      vertex  4.470656e+001 -4.029630e+001  5.000000e+000
      vertex  4.862500e+001  2.680144e+001  5.000000e+000
      vertex  4.470656e+001  4.029630e+001  5.000000e+000
    endloop
  endfacet
  facet normal  0.000000e+000  0.000000e+000  1.000000e+000
    outer loop
      vertex  4.254344e+001  4.029630e+001  5.000000e+000
      vertex  4.079344e+001  4.156775e+001  5.000000e+000
      vertex  2.662500e+001  3.862500e+001  5.000000e+000
    endloop
  endfacet
  facet normal  -0.000000e+000  0.000000e+000  1.000000e+000
    outer loop
      vertex  4.254344e+001  4.029630e+001  5.000000e+000
      vertex  2.662500e+001  3.862500e+001  5.000000e+000
      vertex  3.033320e+001  3.803768e+001  5.000000e+000
    endloop
  endfacet
  facet normal  -0.000000e+000  0.000000e+000  1.000000e+000
    outer loop
      vertex  4.254344e+001  4.029630e+001  5.000000e+000
      vertex  3.033320e+001  3.803768e+001  5.000000e+000
      vertex  3.367842e+001  3.633320e+001  5.000000e+000
    endloop
  endfacet
  facet normal  -0.000000e+000  0.000000e+000  1.000000e+000
    outer loop
      vertex  4.254344e+001  4.029630e+001  5.000000e+000
      vertex  3.367842e+001  3.633320e+001  5.000000e+000
      vertex  3.633320e+001  3.367842e+001  5.000000e+000
    endloop
  endfacet
  facet normal  -0.000000e+000  0.000000e+000  1.000000e+000
    outer loop
      vertex  4.254344e+001  4.029630e+001  5.000000e+000
      vertex  3.633320e+001  3.367842e+001  5.000000e+000
      vertex  3.803768e+001  3.033320e+001  5.000000e+000
    endloop
  endfacet
  facet normal  -0.000000e+000  0.000000e+000  1.000000e+000
    outer loop
      vertex  4.254344e+001  4.029630e+001  5.000000e+000
      vertex  3.803768e+001  3.033320e+001  5.000000e+000
      vertex  3.862500e+001  2.662500e+001  5.000000e+000
    endloop
  endfacet
  facet normal  0.000000e+000  -0.000000e+000  1.000000e+000
    outer loop
      vertex  1.421034e+001 -4.862500e+001  5.000000e+000
      vertex  2.515338e+001 -4.939900e+001  5.000000e+000
      vertex  4.254344e+001 -4.695370e+001  5.000000e+000
    endloop
  endfacet
  facet normal  0.000000e+000  0.000000e+000  1.000000e+000
    outer loop
      vertex  1.421034e+001 -4.862500e+001  5.000000e+000
      vertex  4.254344e+001 -4.695370e+001  5.000000e+000
      vertex  4.079344e+001 -4.568225e+001  5.000000e+000
    endloop
  endfacet
  facet normal  0.000000e+000  0.000000e+000  1.000000e+000
    outer loop
      vertex  1.421034e+001 -4.862500e+001  5.000000e+000
      vertex  4.079344e+001 -4.568225e+001  5.000000e+000
      vertex  4.012500e+001 -4.362500e+001  5.000000e+000
    endloop
  endfacet
  facet normal  0.000000e+000  0.000000e+000  1.000000e+000
    outer loop
      vertex  1.421034e+001 -4.862500e+001  5.000000e+000
      vertex  4.012500e+001 -4.362500e+001  5.000000e+000
      vertex  2.662500e+001 -3.862500e+001  5.000000e+000
    endloop
  endfacet
  facet normal  0.000000e+000  -0.000000e+000  1.000000e+000
    outer loop
      vertex  1.573105e+001  4.762500e+001  5.000000e+000
      vertex  2.662500e+001  3.862500e+001  5.000000e+000
      vertex  4.012500e+001  4.362500e+001  5.000000e+000
    endloop
  endfacet
  facet normal  0.000000e+000  -0.000000e+000  9.999999e-001
    outer loop
      vertex  1.573105e+001  4.762500e+001  5.000000e+000
      vertex  4.012500e+001  4.362500e+001  5.000000e+000
      vertex  4.079344e+001  4.568225e+001  5.000000e+000
    endloop
  endfacet
  facet normal  0.000000e+000  -0.000000e+000  1.000000e+000
    outer loop
      vertex  1.573105e+001  4.762500e+001  5.000000e+000
      vertex  4.079344e+001  4.568225e+001  5.000000e+000
      vertex  4.254344e+001  4.695370e+001  5.000000e+000
    endloop
  endfacet
  facet normal  0.000000e+000  0.000000e+000  1.000000e+000
    outer loop
      vertex  1.573105e+001  4.762500e+001  5.000000e+000
      vertex  4.254344e+001  4.695370e+001  5.000000e+000
      vertex  2.641232e+001  4.836129e+001  5.000000e+000
    endloop
  endfacet
  facet normal  0.000000e+000  -0.000000e+000  1.000000e+000
    outer loop
      vertex -4.470656e+001 -4.029630e+001  5.000000e+000
      vertex -4.254344e+001 -4.029630e+001  5.000000e+000
      vertex -4.254344e+001  4.029630e+001  5.000000e+000
    endloop
  endfacet
  facet normal  0.000000e+000  0.000000e+000  1.000000e+000
    outer loop
      vertex -4.470656e+001 -4.029630e+001  5.000000e+000
      vertex -4.254344e+001  4.029630e+001  5.000000e+000
      vertex -4.470656e+001  4.029630e+001  5.000000e+000
    endloop
  endfacet
  facet normal  0.000000e+000  0.000000e+000  1.000000e+000
    outer loop
      vertex -4.470656e+001 -4.029630e+001  5.000000e+000
      vertex -4.470656e+001  4.029630e+001  5.000000e+000
      vertex -4.862500e+001  2.570854e+001  5.000000e+000
    endloop
  endfacet
  facet normal  0.000000e+000  0.000000e+000  1.000000e+000
    outer loop
      vertex -4.470656e+001 -4.029630e+001  5.000000e+000
      vertex -4.862500e+001  2.570854e+001  5.000000e+000
      vertex -4.862500e+001 -3.341917e+001  5.000000e+000
    endloop
  endfacet
  facet normal  0.000000e+000  0.000000e+000  9.999999e-001
    outer loop
      vertex -4.470656e+001 -4.029630e+001  5.000000e+000
      vertex -4.862500e+001 -3.341917e+001  5.000000e+000
      vertex -4.909830e+001 -3.659464e+001  5.000000e+000
    endloop
  endfacet
  facet normal  0.000000e+000  0.000000e+000  1.000000e+000
    outer loop
      vertex -4.470656e+001 -4.029630e+001  5.000000e+000
      vertex -4.909830e+001 -3.659464e+001  5.000000e+000
      vertex -5.047706e+001 -3.949405e+001  5.000000e+000
    endloop
  endfacet
  facet normal  0.000000e+000  0.000000e+000  1.000000e+000
    outer loop
      vertex -4.470656e+001 -4.029630e+001  5.000000e+000
      vertex -5.047706e+001 -3.949405e+001  5.000000e+000
      vertex -5.264142e+001 -4.186536e+001  5.000000e+000
    endloop
  endfacet
  facet normal  0.000000e+000  0.000000e+000  1.000000e+000
    outer loop
      vertex -4.470656e+001 -4.029630e+001  5.000000e+000
      vertex -5.264142e+001 -4.186536e+001  5.000000e+000
      vertex -4.645656e+001 -4.156775e+001  5.000000e+000
    endloop
  endfacet
  facet normal  0.000000e+000  -0.000000e+000  1.000000e+000
    outer loop
      vertex -4.254344e+001 -4.029630e+001  5.000000e+000
      vertex -4.079344e+001 -4.156775e+001  5.000000e+000
      vertex -2.662500e+001 -3.862500e+001  5.000000e+000
    endloop
  endfacet
  facet normal  0.000000e+000  0.000000e+000  1.000000e+000
    outer loop
      vertex -4.254344e+001 -4.029630e+001  5.000000e+000
      vertex -2.662500e+001 -3.862500e+001  5.000000e+000
      vertex -3.033320e+001 -3.803768e+001  5.000000e+000
    endloop
  endfacet
  facet normal  0.000000e+000  0.000000e+000  1.000000e+000
    outer loop
      vertex -4.254344e+001 -4.029630e+001  5.000000e+000
      vertex -3.033320e+001 -3.803768e+001  5.000000e+000
      vertex -3.367842e+001 -3.633320e+001  5.000000e+000
    endloop
  endfacet
  facet normal  0.000000e+000  0.000000e+000  1.000000e+000
    outer loop
      vertex -4.254344e+001 -4.029630e+001  5.000000e+000
      vertex -3.367842e+001 -3.633320e+001  5.000000e+000
      vertex -3.633320e+001 -3.367842e+001  5.000000e+000
    endloop
  endfacet
  facet normal  0.000000e+000  0.000000e+000  1.000000e+000
    outer loop
      vertex -4.254344e+001 -4.029630e+001  5.000000e+000
      vertex -3.633320e+001 -3.367842e+001  5.000000e+000
      vertex -3.803768e+001 -3.033320e+001  5.000000e+000
    endloop
  endfacet
  facet normal  0.000000e+000  0.000000e+000  1.000000e+000
    outer loop
      vertex -4.254344e+001 -4.029630e+001  5.000000e+000
      vertex -3.803768e+001 -3.033320e+001  5.000000e+000
      vertex -3.862500e+001 -2.662500e+001  5.000000e+000
    endloop
  endfacet
  facet normal  0.000000e+000  -0.000000e+000  1.000000e+000
    outer loop
      vertex -4.254344e+001 -4.029630e+001  5.000000e+000
      vertex -3.862500e+001 -2.662500e+001  5.000000e+000
      vertex -3.862500e+001  2.662500e+001  5.000000e+000
    endloop
  endfacet
  facet normal  0.000000e+000  0.000000e+000  1.000000e+000
    outer loop
      vertex -4.254344e+001 -4.029630e+001  5.000000e+000
      vertex -3.862500e+001  2.662500e+001  5.000000e+000
      vertex -4.254344e+001  4.029630e+001  5.000000e+000
    endloop
  endfacet
  facet normal  -0.000000e+000  0.000000e+000  1.000000e+000
    outer loop
      vertex -4.470656e+001  4.029630e+001  5.000000e+000
      vertex -5.441806e+001  3.904140e+001  5.000000e+000
      vertex -5.128173e+001  3.518781e+001  5.000000e+000
    endloop
  endfacet
  facet normal  -0.000000e+000  0.000000e+000  1.000000e+000
    outer loop
      vertex -4.470656e+001  4.029630e+001  5.000000e+000
      vertex -5.128173e+001  3.518781e+001  5.000000e+000
      vertex -4.930174e+001  3.063081e+001  5.000000e+000
    endloop
  endfacet
  facet normal  -0.000000e+000  0.000000e+000  1.000000e+000
    outer loop
      vertex -4.470656e+001  4.029630e+001  5.000000e+000
      vertex -4.930174e+001  3.063081e+001  5.000000e+000
      vertex -4.862500e+001  2.570854e+001  5.000000e+000
    endloop
  endfacet
  facet normal  0.000000e+000  -0.000000e+000  1.000000e+000
    outer loop
      vertex -4.254344e+001  4.029630e+001  5.000000e+000
      vertex -3.862500e+001  2.662500e+001  5.000000e+000
      vertex -3.803768e+001  3.033320e+001  5.000000e+000
    endloop
  endfacet
  facet normal  0.000000e+000  -0.000000e+000  1.000000e+000
    outer loop
      vertex -4.254344e+001  4.029630e+001  5.000000e+000
      vertex -3.803768e+001  3.033320e+001  5.000000e+000
      vertex -3.633320e+001  3.367842e+001  5.000000e+000
    endloop
  endfacet
  facet normal  0.000000e+000  -0.000000e+000  1.000000e+000
    outer loop
      vertex -4.254344e+001  4.029630e+001  5.000000e+000
      vertex -3.633320e+001  3.367842e+001  5.000000e+000
      vertex -3.367842e+001  3.633320e+001  5.000000e+000
    endloop
  endfacet
  facet normal  0.000000e+000  -0.000000e+000  1.000000e+000
    outer loop
      vertex -4.254344e+001  4.029630e+001  5.000000e+000
      vertex -3.367842e+001  3.633320e+001  5.000000e+000
      vertex -3.033320e+001  3.803768e+001  5.000000e+000
    endloop
  endfacet
  facet normal  0.000000e+000  -0.000000e+000  9.999999e-001
    outer loop
      vertex -4.254344e+001  4.029630e+001  5.000000e+000
      vertex -3.033320e+001  3.803768e+001  5.000000e+000
      vertex -2.662500e+001  3.862500e+001  5.000000e+000
    endloop
  endfacet
  facet normal  0.000000e+000  0.000000e+000  9.999999e-001
    outer loop
      vertex -4.254344e+001  4.695370e+001  5.000000e+000
      vertex -2.113784e+001  4.762500e+001  5.000000e+000
      vertex -3.448637e+001  4.858588e+001  5.000000e+000
    endloop
  endfacet
  facet normal  0.000000e+000  0.000000e+000  1.000000e+000
    outer loop
      vertex -4.254344e+001  4.695370e+001  5.000000e+000
      vertex -3.448637e+001  4.858588e+001  5.000000e+000
      vertex -3.598334e+001  4.935236e+001  5.000000e+000
    endloop
  endfacet
  facet normal  0.000000e+000  0.000000e+000  1.000000e+000
    outer loop
      vertex -4.254344e+001  4.695370e+001  5.000000e+000
      vertex -3.598334e+001  4.935236e+001  5.000000e+000
      vertex -3.685979e+001  5.078772e+001  5.000000e+000
    endloop
  endfacet
  facet normal  0.000000e+000  0.000000e+000  1.000000e+000
    outer loop
      vertex -6.586407e+001 -4.840117e+001  5.000000e+000
      vertex -4.470656e+001 -4.695370e+001  5.000000e+000
      vertex -4.645656e+001 -4.568225e+001  5.000000e+000
    endloop
  endfacet
  facet normal  0.000000e+000  0.000000e+000  1.000000e+000
    outer loop
      vertex -6.586407e+001 -4.840117e+001  5.000000e+000
      vertex -4.645656e+001 -4.568225e+001  5.000000e+000
      vertex -4.712500e+001 -4.362500e+001  5.000000e+000
    endloop
  endfacet
  facet normal  0.000000e+000  0.000000e+000  9.999999e-001
    outer loop
      vertex -6.586407e+001 -4.840117e+001  5.000000e+000
      vertex -4.712500e+001 -4.362500e+001  5.000000e+000
      vertex -5.540322e+001 -4.350242e+001  5.000000e+000
    endloop
  endfacet
  facet normal  0.000000e+000  0.000000e+000  1.000000e+000
    outer loop
      vertex -6.586407e+001 -4.840117e+001  5.000000e+000
      vertex -5.540322e+001 -4.350242e+001  5.000000e+000
      vertex -6.826259e+001 -4.874499e+001  5.000000e+000
    endloop
  endfacet
  facet normal  0.000000e+000  0.000000e+000  1.000000e+000
    outer loop
      vertex  5.119820e+001  3.879064e+001  5.000000e+000
      vertex  4.712500e+001  4.362500e+001  5.000000e+000
      vertex  4.645656e+001  4.156775e+001  5.000000e+000
    endloop
  endfacet
  facet normal  0.000000e+000  0.000000e+000  1.000000e+000
    outer loop
      vertex  5.119820e+001  3.879064e+001  5.000000e+000
      vertex  4.645656e+001  4.156775e+001  5.000000e+000
      vertex  4.470656e+001  4.029630e+001  5.000000e+000
    endloop
  endfacet
  facet normal  0.000000e+000  0.000000e+000  9.999999e-001
    outer loop
      vertex  5.119820e+001  3.879064e+001  5.000000e+000
      vertex  4.470656e+001  4.029630e+001  5.000000e+000
      vertex  4.927554e+001  3.293255e+001  5.000000e+000
    endloop
  endfacet
  facet normal  0.000000e+000  -0.000000e+000  1.000000e+000
    outer loop
      vertex -5.847798e+001  4.190561e+001  5.000000e+000
      vertex -5.441806e+001  3.904140e+001  5.000000e+000
      vertex -4.645656e+001  4.156775e+001  5.000000e+000
    endloop
  endfacet
  facet normal  0.000000e+000  0.000000e+000  1.000000e+000
    outer loop
      vertex -4.645656e+001  4.156775e+001  5.000000e+000
      vertex -5.441806e+001  3.904140e+001  5.000000e+000
      vertex -4.470656e+001  4.029630e+001  5.000000e+000
    endloop
  endfacet
  facet normal  0.000000e+000  0.000000e+000  9.999999e-001
    outer loop
      vertex  4.924061e+001  4.922144e+001  5.000000e+000
      vertex  4.862500e+001  5.162500e+001  5.000000e+000
      vertex  4.470656e+001  4.695370e+001  5.000000e+000
    endloop
  endfacet
  facet normal  0.000000e+000  0.000000e+000  1.000000e+000
    outer loop
      vertex  4.470656e+001  4.695370e+001  5.000000e+000
      vertex  4.862500e+001  5.162500e+001  5.000000e+000
      vertex  4.697045e+001  5.416827e+001  5.000000e+000
    endloop
  endfacet
  facet normal  0.000000e+000  0.000000e+000  1.000000e+000
    outer loop
      vertex  4.470656e+001  4.695370e+001  5.000000e+000
      vertex  4.697045e+001  5.416827e+001  5.000000e+000
      vertex  4.254344e+001  4.695370e+001  5.000000e+000
    endloop
  endfacet
  facet normal  0.000000e+000  -0.000000e+000  1.000000e+000
    outer loop
      vertex  4.254344e+001  4.695370e+001  5.000000e+000
      vertex  4.697045e+001  5.416827e+001  5.000000e+000
      vertex  3.689153e+001  5.055622e+001  5.000000e+000
    endloop
  endfacet
  facet normal  0.000000e+000  0.000000e+000  1.000000e+000
    outer loop
      vertex  4.254344e+001  4.695370e+001  5.000000e+000
      vertex  3.689153e+001  5.055622e+001  5.000000e+000
      vertex  2.641232e+001  4.836129e+001  5.000000e+000
    endloop
  endfacet
  facet normal  0.000000e+000  0.000000e+000  9.999999e-001
    outer loop
      vertex  2.662500e+001  3.862500e+001  5.000000e+000
      vertex  1.573105e+001  4.762500e+001  5.000000e+000
      vertex -2.662500e+001  3.862500e+001  5.000000e+000
    endloop
  endfacet
  facet normal  0.000000e+000  0.000000e+000  1.000000e+000
    outer loop
      vertex -2.662500e+001  3.862500e+001  5.000000e+000
      vertex  1.573105e+001  4.762500e+001  5.000000e+000
      vertex -2.113784e+001  4.762500e+001  5.000000e+000
    endloop
  endfacet
  facet normal  0.000000e+000  0.000000e+000  1.000000e+000
    outer loop
      vertex -2.662500e+001  3.862500e+001  5.000000e+000
      vertex -2.113784e+001  4.762500e+001  5.000000e+000
      vertex -4.079344e+001  4.568225e+001  5.000000e+000
    endloop
  endfacet
  facet normal  0.000000e+000  -0.000000e+000  1.000000e+000
    outer loop
      vertex -4.079344e+001  4.568225e+001  5.000000e+000
      vertex -2.113784e+001  4.762500e+001  5.000000e+000
      vertex -4.254344e+001  4.695370e+001  5.000000e+000
    endloop
  endfacet
  facet normal  0.000000e+000  0.000000e+000  1.000000e+000
    outer loop
      vertex -4.058231e+001 -4.903179e+001  5.000000e+000
      vertex -4.254344e+001 -4.695370e+001  5.000000e+000
      vertex -4.623306e+001 -5.024409e+001  5.000000e+000
    endloop
  endfacet
  facet normal  0.000000e+000  0.000000e+000  1.000000e+000
    outer loop
      vertex -4.623306e+001 -5.024409e+001  5.000000e+000
      vertex -4.254344e+001 -4.695370e+001  5.000000e+000
      vertex -4.470656e+001 -4.695370e+001  5.000000e+000
    endloop
  endfacet
  facet normal  0.000000e+000  0.000000e+000  1.000000e+000
    outer loop
      vertex -4.623306e+001 -5.024409e+001  5.000000e+000
      vertex -4.470656e+001 -4.695370e+001  5.000000e+000
      vertex -6.358555e+001 -4.922543e+001  5.000000e+000
    endloop
  endfacet
  facet normal  0.000000e+000  -0.000000e+000  1.000000e+000
    outer loop
      vertex -6.358555e+001 -4.922543e+001  5.000000e+000
      vertex -4.470656e+001 -4.695370e+001  5.000000e+000
      vertex -6.586407e+001 -4.840117e+001  5.000000e+000
    endloop
  endfacet
  facet normal  0.000000e+000  0.000000e+000  1.000000e+000
    outer loop
      vertex -3.685979e+001  5.078772e+001  5.000000e+000
      vertex -6.538892e+001  5.652680e+001  5.000000e+000
      vertex -4.254344e+001  4.695370e+001  5.000000e+000
    endloop
  endfacet
  facet normal  0.000000e+000  0.000000e+000  1.000000e+000
    outer loop
      vertex -4.254344e+001  4.695370e+001  5.000000e+000
      vertex -6.538892e+001  5.652680e+001  5.000000e+000
      vertex -6.332547e+001  5.558736e+001  5.000000e+000
    endloop
  endfacet
  facet normal  0.000000e+000  0.000000e+000  1.000000e+000
    outer loop
      vertex -4.254344e+001  4.695370e+001  5.000000e+000
      vertex -6.332547e+001  5.558736e+001  5.000000e+000
      vertex -4.470656e+001  4.695370e+001  5.000000e+000
    endloop
  endfacet
  facet normal  0.000000e+000  0.000000e+000  1.000000e+000
    outer loop
      vertex -4.470656e+001  4.695370e+001  5.000000e+000
      vertex -6.332547e+001  5.558736e+001  5.000000e+000
      vertex -6.188904e+001  5.383320e+001  5.000000e+000
    endloop
  endfacet
  facet normal  0.000000e+000  0.000000e+000  1.000000e+000
    outer loop
      vertex -4.470656e+001  4.695370e+001  5.000000e+000
      vertex -6.188904e+001  5.383320e+001  5.000000e+000
      vertex -6.137500e+001  5.162500e+001  5.000000e+000
    endloop
  endfacet
  facet normal  0.000000e+000  0.000000e+000  1.000000e+000
    outer loop
      vertex -5.264142e+001 -4.186536e+001  5.000000e+000
      vertex -5.540322e+001 -4.350242e+001  5.000000e+000
      vertex -4.645656e+001 -4.156775e+001  5.000000e+000
    endloop
  endfacet
  facet normal  0.000000e+000  0.000000e+000  1.000000e+000
    outer loop
      vertex -4.645656e+001 -4.156775e+001  5.000000e+000
      vertex -5.540322e+001 -4.350242e+001  5.000000e+000
      vertex -4.712500e+001 -4.362500e+001  5.000000e+000
    endloop
  endfacet
  facet normal  7.807400e-001  6.245929e-001 -1.812747e-002
    outer loop
      vertex  5.658789e+001  5.565257e+001  0.000000e+000
      vertex  5.802262e+001  5.400427e+001  5.000000e+000
      vertex  5.820472e+001  5.363153e+001  0.000000e+000
    endloop
  endfacet
  facet normal  9.873909e-001 -1.578897e-001  1.139666e-002
    outer loop
      vertex  5.862500e+001  5.162500e+001  5.000000e+000
      vertex  5.837568e+001  5.006580e+001  5.000000e+000
      vertex  5.859442e+001  5.107284e+001  0.000000e+000
    endloop
  endfacet
  facet normal  9.883459e-001  1.505276e-001 -2.266821e-002
    outer loop
      vertex  5.862500e+001  5.162500e+001  5.000000e+000
      vertex  5.859442e+001  5.107284e+001  0.000000e+000
      vertex  5.820472e+001  5.363153e+001  0.000000e+000
    endloop
  endfacet
  facet normal  9.692730e-001  2.453988e-001  1.700728e-002
    outer loop
      vertex  5.862500e+001  5.162500e+001  5.000000e+000
      vertex  5.820472e+001  5.363153e+001  0.000000e+000
      vertex  5.802262e+001  5.400427e+001  5.000000e+000
    endloop
  endfacet
  facet normal -1.505663e-001  9.886000e-001  0.000000e+000
    outer loop
      vertex  5.161847e+001  5.620472e+001  0.000000e+000
      vertex  5.161847e+001  5.620472e+001  5.000000e+000
      vertex  5.417716e+001  5.659442e+001  0.000000e+000
    endloop
  endfacet
  facet normal -1.642226e-001  9.863974e-001 -7.160141e-003
    outer loop
      vertex  5.417716e+001  5.659442e+001  0.000000e+000
      vertex  5.161847e+001  5.620472e+001  5.000000e+000
      vertex  5.403949e+001  5.660779e+001  5.000000e+000
    endloop
  endfacet
  facet normal  3.638939e-001  9.314100e-001  7.527958e-003
    outer loop
      vertex  5.417716e+001  5.659442e+001  0.000000e+000
      vertex  5.403949e+001  5.660779e+001  5.000000e+000
      vertex  5.658789e+001  5.565257e+001  0.000000e+000
    endloop
  endfacet
  facet normal  3.249151e-001  9.456233e-001 -1.505416e-002
    outer loop
      vertex  5.658789e+001  5.565257e+001  0.000000e+000
      vertex  5.403949e+001  5.660779e+001  5.000000e+000
      vertex  5.636063e+001  5.581025e+001  5.000000e+000
    endloop
  endfacet
  facet normal  7.357787e-001  6.771141e-001  1.208809e-002
    outer loop
      vertex  5.658789e+001  5.565257e+001  0.000000e+000
      vertex  5.636063e+001  5.581025e+001  5.000000e+000
      vertex  5.802262e+001  5.400427e+001  5.000000e+000
    endloop
  endfacet
  facet normal  8.889759e-001 -4.579541e-001  0.000000e+000
    outer loop
      vertex  5.765257e+001  4.866211e+001  5.000000e+000
      vertex  5.765257e+001  4.866211e+001  0.000000e+000
      vertex  5.837568e+001  5.006580e+001  5.000000e+000
    endloop
  endfacet
  facet normal  9.309435e-001 -3.637117e-001 -3.252695e-002
    outer loop
      vertex  5.837568e+001  5.006580e+001  5.000000e+000
      vertex  5.765257e+001  4.866211e+001  0.000000e+000
      vertex  5.859442e+001  5.107284e+001  0.000000e+000
    endloop
  endfacet
  facet normal  0.000000e+000  -0.000000e+000  9.999999e-001
    outer loop
      vertex  5.362500e+001 -5.837500e+001  1.400000e+001
      vertex  5.612500e+001 -5.770513e+001  1.400000e+001
      vertex  5.795513e+001 -5.587500e+001  1.400000e+001
    endloop
  endfacet
  facet normal  -0.000000e+000  -0.000000e+000  9.999999e-001
    outer loop
      vertex  4.929487e+001 -5.587500e+001  1.400000e+001
      vertex  5.112500e+001 -5.770513e+001  1.400000e+001
      vertex  5.362500e+001 -5.837500e+001  1.400000e+001
    endloop
  endfacet
  facet normal  0.000000e+000  -0.000000e+000  1.000000e+000
    outer loop
      vertex  4.929487e+001 -5.587500e+001  1.400000e+001
      vertex  5.362500e+001 -5.837500e+001  1.400000e+001
      vertex  5.362500e+001 -5.437500e+001  1.400000e+001
    endloop
  endfacet
  facet normal  0.000000e+000  0.000000e+000  1.000000e+000
    outer loop
      vertex  4.929487e+001 -5.587500e+001  1.400000e+001
      vertex  5.362500e+001 -5.437500e+001  1.400000e+001
      vertex  5.291789e+001 -5.408211e+001  1.400000e+001
    endloop
  endfacet
  facet normal  0.000000e+000  0.000000e+000  1.000000e+000
    outer loop
      vertex  4.929487e+001 -5.587500e+001  1.400000e+001
      vertex  5.291789e+001 -5.408211e+001  1.400000e+001
      vertex  5.262500e+001 -5.337500e+001  1.400000e+001
    endloop
  endfacet
  facet normal  0.000000e+000  0.000000e+000  1.000000e+000
    outer loop
      vertex  4.929487e+001 -5.587500e+001  1.400000e+001
      vertex  5.262500e+001 -5.337500e+001  1.400000e+001
      vertex  4.862500e+001 -5.337500e+001  1.400000e+001
    endloop
  endfacet
  facet normal  0.000000e+000  0.000000e+000  1.000000e+000
    outer loop
      vertex  5.795513e+001 -5.087500e+001  1.400000e+001
      vertex  5.612500e+001 -4.904487e+001  1.400000e+001
      vertex  5.362500e+001 -5.237500e+001  1.400000e+001
    endloop
  endfacet
  facet normal  0.000000e+000  0.000000e+000  1.000000e+000
    outer loop
      vertex  5.362500e+001 -5.237500e+001  1.400000e+001
      vertex  5.612500e+001 -4.904487e+001  1.400000e+001
      vertex  5.362500e+001 -4.837500e+001  1.400000e+001
    endloop
  endfacet
  facet normal  0.000000e+000  0.000000e+000  1.000000e+000
    outer loop
      vertex  5.362500e+001 -5.237500e+001  1.400000e+001
      vertex  5.362500e+001 -4.837500e+001  1.400000e+001
      vertex  4.929487e+001 -5.087500e+001  1.400000e+001
    endloop
  endfacet
  facet normal  0.000000e+000  0.000000e+000  9.999999e-001
    outer loop
      vertex  4.929487e+001 -5.087500e+001  1.400000e+001
      vertex  5.362500e+001 -4.837500e+001  1.400000e+001
      vertex  5.112500e+001 -4.904487e+001  1.400000e+001
    endloop
  endfacet
  facet normal  0.000000e+000  0.000000e+000  1.000000e+000
    outer loop
      vertex  5.362500e+001 -5.237500e+001  1.400000e+001
      vertex  4.929487e+001 -5.087500e+001  1.400000e+001
      vertex  5.291789e+001 -5.266789e+001  1.400000e+001
    endloop
  endfacet
  facet normal  0.000000e+000  0.000000e+000  1.000000e+000
    outer loop
      vertex  5.291789e+001 -5.266789e+001  1.400000e+001
      vertex  4.929487e+001 -5.087500e+001  1.400000e+001
      vertex  4.862500e+001 -5.337500e+001  1.400000e+001
    endloop
  endfacet
  facet normal  0.000000e+000  0.000000e+000  9.999999e-001
    outer loop
      vertex  5.291789e+001 -5.266789e+001  1.400000e+001
      vertex  4.862500e+001 -5.337500e+001  1.400000e+001
      vertex  5.262500e+001 -5.337500e+001  1.400000e+001
    endloop
  endfacet
  facet normal  -0.000000e+000  0.000000e+000  1.000000e+000
    outer loop
      vertex  5.795513e+001 -5.087500e+001  1.400000e+001
      vertex  5.362500e+001 -5.237500e+001  1.400000e+001
      vertex  5.862500e+001 -5.337500e+001  1.400000e+001
    endloop
  endfacet
  facet normal  0.000000e+000  0.000000e+000  1.000000e+000
    outer loop
      vertex  5.862500e+001 -5.337500e+001  1.400000e+001
      vertex  5.362500e+001 -5.237500e+001  1.400000e+001
      vertex  5.433211e+001 -5.266789e+001  1.400000e+001
    endloop
  endfacet
  facet normal  0.000000e+000  0.000000e+000  9.999999e-001
    outer loop
      vertex  5.862500e+001 -5.337500e+001  1.400000e+001
      vertex  5.433211e+001 -5.266789e+001  1.400000e+001
      vertex  5.462500e+001 -5.337500e+001  1.400000e+001
    endloop
  endfacet
  facet normal  -0.000000e+000  0.000000e+000  1.000000e+000
    outer loop
      vertex  5.862500e+001 -5.337500e+001  1.400000e+001
      vertex  5.462500e+001 -5.337500e+001  1.400000e+001
      vertex  5.795513e+001 -5.587500e+001  1.400000e+001
    endloop
  endfacet
  facet normal  0.000000e+000  0.000000e+000  1.000000e+000
    outer loop
      vertex  5.795513e+001 -5.587500e+001  1.400000e+001
      vertex  5.462500e+001 -5.337500e+001  1.400000e+001
      vertex  5.433211e+001 -5.408211e+001  1.400000e+001
    endloop
  endfacet
  facet normal  0.000000e+000  0.000000e+000  1.000000e+000
    outer loop
      vertex  5.795513e+001 -5.587500e+001  1.400000e+001
      vertex  5.433211e+001 -5.408211e+001  1.400000e+001
      vertex  5.362500e+001 -5.837500e+001  1.400000e+001
    endloop
  endfacet
  facet normal  0.000000e+000  0.000000e+000  9.999999e-001
    outer loop
      vertex  5.362500e+001 -5.837500e+001  1.400000e+001
      vertex  5.433211e+001 -5.408211e+001  1.400000e+001
      vertex  5.362500e+001 -5.437500e+001  1.400000e+001
    endloop
  endfacet
  facet normal  0.000000e+000  -0.000000e+000  9.999999e-001
    outer loop
      vertex  5.362500e+001  4.662500e+001  1.400000e+001
      vertex  5.612500e+001  4.729487e+001  1.400000e+001
      vertex  5.795513e+001  4.912500e+001  1.400000e+001
    endloop
  endfacet
  facet normal  -0.000000e+000  -0.000000e+000  9.999999e-001
    outer loop
      vertex  4.929487e+001  4.912500e+001  1.400000e+001
      vertex  5.112500e+001  4.729487e+001  1.400000e+001
      vertex  5.362500e+001  4.662500e+001  1.400000e+001
    endloop
  endfacet
  facet normal  0.000000e+000  -0.000000e+000  1.000000e+000
    outer loop
      vertex  4.929487e+001  4.912500e+001  1.400000e+001
      vertex  5.362500e+001  4.662500e+001  1.400000e+001
      vertex  5.362500e+001  5.062500e+001  1.400000e+001
    endloop
  endfacet
  facet normal  0.000000e+000  0.000000e+000  1.000000e+000
    outer loop
      vertex  4.929487e+001  4.912500e+001  1.400000e+001
      vertex  5.362500e+001  5.062500e+001  1.400000e+001
      vertex  5.291789e+001  5.091789e+001  1.400000e+001
    endloop
  endfacet
  facet normal  0.000000e+000  0.000000e+000  1.000000e+000
    outer loop
      vertex  4.929487e+001  4.912500e+001  1.400000e+001
      vertex  5.291789e+001  5.091789e+001  1.400000e+001
      vertex  5.262500e+001  5.162500e+001  1.400000e+001
    endloop
  endfacet
  facet normal  0.000000e+000  0.000000e+000  1.000000e+000
    outer loop
      vertex  4.929487e+001  4.912500e+001  1.400000e+001
      vertex  5.262500e+001  5.162500e+001  1.400000e+001
      vertex  4.862500e+001  5.162500e+001  1.400000e+001
    endloop
  endfacet
  facet normal  0.000000e+000  0.000000e+000  1.000000e+000
    outer loop
      vertex  5.795513e+001  5.412500e+001  1.400000e+001
      vertex  5.612500e+001  5.595513e+001  1.400000e+001
      vertex  5.362500e+001  5.262500e+001  1.400000e+001
    endloop
  endfacet
  facet normal  0.000000e+000  0.000000e+000  1.000000e+000
    outer loop
      vertex  5.362500e+001  5.262500e+001  1.400000e+001
      vertex  5.612500e+001  5.595513e+001  1.400000e+001
      vertex  5.362500e+001  5.662500e+001  1.400000e+001
    endloop
  endfacet
  facet normal  0.000000e+000  0.000000e+000  1.000000e+000
    outer loop
      vertex  5.362500e+001  5.262500e+001  1.400000e+001
      vertex  5.362500e+001  5.662500e+001  1.400000e+001
      vertex  4.929487e+001  5.412500e+001  1.400000e+001
    endloop
  endfacet
  facet normal  0.000000e+000  0.000000e+000  9.999999e-001
    outer loop
      vertex  4.929487e+001  5.412500e+001  1.400000e+001
      vertex  5.362500e+001  5.662500e+001  1.400000e+001
      vertex  5.112500e+001  5.595513e+001  1.400000e+001
    endloop
  endfacet
  facet normal  0.000000e+000  0.000000e+000  1.000000e+000
    outer loop
      vertex  5.362500e+001  5.262500e+001  1.400000e+001
      vertex  4.929487e+001  5.412500e+001  1.400000e+001
      vertex  5.291789e+001  5.233211e+001  1.400000e+001
    endloop
  endfacet
  facet normal  0.000000e+000  0.000000e+000  1.000000e+000
    outer loop
      vertex  5.291789e+001  5.233211e+001  1.400000e+001
      vertex  4.929487e+001  5.412500e+001  1.400000e+001
      vertex  4.862500e+001  5.162500e+001  1.400000e+001
    endloop
  endfacet
  facet normal  0.000000e+000  0.000000e+000  9.999999e-001
    outer loop
      vertex  5.291789e+001  5.233211e+001  1.400000e+001
      vertex  4.862500e+001  5.162500e+001  1.400000e+001
      vertex  5.262500e+001  5.162500e+001  1.400000e+001
    endloop
  endfacet
  facet normal  -0.000000e+000  0.000000e+000  1.000000e+000
    outer loop
      vertex  5.795513e+001  5.412500e+001  1.400000e+001
      vertex  5.362500e+001  5.262500e+001  1.400000e+001
      vertex  5.862500e+001  5.162500e+001  1.400000e+001
    endloop
  endfacet
  facet normal  0.000000e+000  0.000000e+000  1.000000e+000
    outer loop
      vertex  5.862500e+001  5.162500e+001  1.400000e+001
      vertex  5.362500e+001  5.262500e+001  1.400000e+001
      vertex  5.433211e+001  5.233211e+001  1.400000e+001
    endloop
  endfacet
  facet normal  0.000000e+000  0.000000e+000  9.999999e-001
    outer loop
      vertex  5.862500e+001  5.162500e+001  1.400000e+001
      vertex  5.433211e+001  5.233211e+001  1.400000e+001
      vertex  5.462500e+001  5.162500e+001  1.400000e+001
    endloop
  endfacet
  facet normal  -0.000000e+000  0.000000e+000  1.000000e+000
    outer loop
      vertex  5.862500e+001  5.162500e+001  1.400000e+001
      vertex  5.462500e+001  5.162500e+001  1.400000e+001
      vertex  5.795513e+001  4.912500e+001  1.400000e+001
    endloop
  endfacet
  facet normal  0.000000e+000  0.000000e+000  1.000000e+000
    outer loop
      vertex  5.795513e+001  4.912500e+001  1.400000e+001
      vertex  5.462500e+001  5.162500e+001  1.400000e+001
      vertex  5.433211e+001  5.091789e+001  1.400000e+001
    endloop
  endfacet
  facet normal  0.000000e+000  0.000000e+000  1.000000e+000
    outer loop
      vertex  5.795513e+001  4.912500e+001  1.400000e+001
      vertex  5.433211e+001  5.091789e+001  1.400000e+001
      vertex  5.362500e+001  4.662500e+001  1.400000e+001
    endloop
  endfacet
  facet normal  0.000000e+000  0.000000e+000  9.999999e-001
    outer loop
      vertex  5.362500e+001  4.662500e+001  1.400000e+001
      vertex  5.433211e+001  5.091789e+001  1.400000e+001
      vertex  5.362500e+001  5.062500e+001  1.400000e+001
    endloop
  endfacet
  facet normal  0.000000e+000  -0.000000e+000  9.999999e-001
    outer loop
      vertex -6.637500e+001 -5.837500e+001  1.400000e+001
      vertex -6.387500e+001 -5.770513e+001  1.400000e+001
      vertex -6.204487e+001 -5.587500e+001  1.400000e+001
    endloop
  endfacet
  facet normal  -0.000000e+000  -0.000000e+000  9.999999e-001
    outer loop
      vertex -7.070512e+001 -5.587500e+001  1.400000e+001
      vertex -6.887500e+001 -5.770513e+001  1.400000e+001
      vertex -6.637500e+001 -5.837500e+001  1.400000e+001
    endloop
  endfacet
  facet normal  0.000000e+000  -0.000000e+000  1.000000e+000
    outer loop
      vertex -7.070512e+001 -5.587500e+001  1.400000e+001
      vertex -6.637500e+001 -5.837500e+001  1.400000e+001
      vertex -6.637500e+001 -5.437500e+001  1.400000e+001
    endloop
  endfacet
  facet normal  0.000000e+000  0.000000e+000  1.000000e+000
    outer loop
      vertex -7.070512e+001 -5.587500e+001  1.400000e+001
      vertex -6.637500e+001 -5.437500e+001  1.400000e+001
      vertex -6.708211e+001 -5.408211e+001  1.400000e+001
    endloop
  endfacet
  facet normal  0.000000e+000  0.000000e+000  1.000000e+000
    outer loop
      vertex -7.070512e+001 -5.587500e+001  1.400000e+001
      vertex -6.708211e+001 -5.408211e+001  1.400000e+001
      vertex -6.737500e+001 -5.337500e+001  1.400000e+001
    endloop
  endfacet
  facet normal  0.000000e+000  0.000000e+000  1.000000e+000
    outer loop
      vertex -7.070512e+001 -5.587500e+001  1.400000e+001
      vertex -6.737500e+001 -5.337500e+001  1.400000e+001
      vertex -7.137500e+001 -5.337500e+001  1.400000e+001
    endloop
  endfacet
  facet normal  0.000000e+000  0.000000e+000  1.000000e+000
    outer loop
      vertex -6.204487e+001 -5.087500e+001  1.400000e+001
      vertex -6.387500e+001 -4.904487e+001  1.400000e+001
      vertex -6.637500e+001 -5.237500e+001  1.400000e+001
    endloop
  endfacet
  facet normal  0.000000e+000  0.000000e+000  1.000000e+000
    outer loop
      vertex -6.637500e+001 -5.237500e+001  1.400000e+001
      vertex -6.387500e+001 -4.904487e+001  1.400000e+001
      vertex -6.637500e+001 -4.837500e+001  1.400000e+001
    endloop
  endfacet
  facet normal  0.000000e+000  0.000000e+000  1.000000e+000
    outer loop
      vertex -6.637500e+001 -5.237500e+001  1.400000e+001
      vertex -6.637500e+001 -4.837500e+001  1.400000e+001
      vertex -7.070512e+001 -5.087500e+001  1.400000e+001
    endloop
  endfacet
  facet normal  0.000000e+000  0.000000e+000  9.999999e-001
    outer loop
      vertex -7.070512e+001 -5.087500e+001  1.400000e+001
      vertex -6.637500e+001 -4.837500e+001  1.400000e+001
      vertex -6.887500e+001 -4.904487e+001  1.400000e+001
    endloop
  endfacet
  facet normal  0.000000e+000  0.000000e+000  1.000000e+000
    outer loop
      vertex -6.637500e+001 -5.237500e+001  1.400000e+001
      vertex -7.070512e+001 -5.087500e+001  1.400000e+001
      vertex -6.708211e+001 -5.266789e+001  1.400000e+001
    endloop
  endfacet
  facet normal  0.000000e+000  0.000000e+000  1.000000e+000
    outer loop
      vertex -6.708211e+001 -5.266789e+001  1.400000e+001
      vertex -7.070512e+001 -5.087500e+001  1.400000e+001
      vertex -7.137500e+001 -5.337500e+001  1.400000e+001
    endloop
  endfacet
  facet normal  0.000000e+000  0.000000e+000  9.999999e-001
    outer loop
      vertex -6.708211e+001 -5.266789e+001  1.400000e+001
      vertex -7.137500e+001 -5.337500e+001  1.400000e+001
      vertex -6.737500e+001 -5.337500e+001  1.400000e+001
    endloop
  endfacet
  facet normal  -0.000000e+000  0.000000e+000  1.000000e+000
    outer loop
      vertex -6.204487e+001 -5.087500e+001  1.400000e+001
      vertex -6.637500e+001 -5.237500e+001  1.400000e+001
      vertex -6.137500e+001 -5.337500e+001  1.400000e+001
    endloop
  endfacet
  facet normal  0.000000e+000  0.000000e+000  1.000000e+000
    outer loop
      vertex -6.137500e+001 -5.337500e+001  1.400000e+001
      vertex -6.637500e+001 -5.237500e+001  1.400000e+001
      vertex -6.566789e+001 -5.266789e+001  1.400000e+001
    endloop
  endfacet
  facet normal  0.000000e+000  0.000000e+000  9.999999e-001
    outer loop
      vertex -6.137500e+001 -5.337500e+001  1.400000e+001
      vertex -6.566789e+001 -5.266789e+001  1.400000e+001
      vertex -6.537500e+001 -5.337500e+001  1.400000e+001
    endloop
  endfacet
  facet normal  -0.000000e+000  0.000000e+000  1.000000e+000
    outer loop
      vertex -6.137500e+001 -5.337500e+001  1.400000e+001
      vertex -6.537500e+001 -5.337500e+001  1.400000e+001
      vertex -6.204487e+001 -5.587500e+001  1.400000e+001
    endloop
  endfacet
  facet normal  0.000000e+000  0.000000e+000  1.000000e+000
    outer loop
      vertex -6.204487e+001 -5.587500e+001  1.400000e+001
      vertex -6.537500e+001 -5.337500e+001  1.400000e+001
      vertex -6.566789e+001 -5.408211e+001  1.400000e+001
    endloop
  endfacet
  facet normal  0.000000e+000  0.000000e+000  1.000000e+000
    outer loop
      vertex -6.204487e+001 -5.587500e+001  1.400000e+001
      vertex -6.566789e+001 -5.408211e+001  1.400000e+001
      vertex -6.637500e+001 -5.837500e+001  1.400000e+001
    endloop
  endfacet
  facet normal  0.000000e+000  0.000000e+000  9.999999e-001
    outer loop
      vertex -6.637500e+001 -5.837500e+001  1.400000e+001
      vertex -6.566789e+001 -5.408211e+001  1.400000e+001
      vertex -6.637500e+001 -5.437500e+001  1.400000e+001
    endloop
  endfacet
  facet normal  0.000000e+000  -0.000000e+000  9.999999e-001
    outer loop
      vertex -6.637500e+001  4.662500e+001  1.400000e+001
      vertex -6.387500e+001  4.729487e+001  1.400000e+001
      vertex -6.204487e+001  4.912500e+001  1.400000e+001
    endloop
  endfacet
  facet normal  -0.000000e+000  -0.000000e+000  9.999999e-001
    outer loop
      vertex -7.070512e+001  4.912500e+001  1.400000e+001
      vertex -6.887500e+001  4.729487e+001  1.400000e+001
      vertex -6.637500e+001  4.662500e+001  1.400000e+001
    endloop
  endfacet
  facet normal  0.000000e+000  -0.000000e+000  1.000000e+000
    outer loop
      vertex -7.070512e+001  4.912500e+001  1.400000e+001
      vertex -6.637500e+001  4.662500e+001  1.400000e+001
      vertex -6.637500e+001  5.062500e+001  1.400000e+001
    endloop
  endfacet
  facet normal  0.000000e+000  0.000000e+000  1.000000e+000
    outer loop
      vertex -7.070512e+001  4.912500e+001  1.400000e+001
      vertex -6.637500e+001  5.062500e+001  1.400000e+001
      vertex -6.708211e+001  5.091789e+001  1.400000e+001
    endloop
  endfacet
  facet normal  0.000000e+000  0.000000e+000  1.000000e+000
    outer loop
      vertex -7.070512e+001  4.912500e+001  1.400000e+001
      vertex -6.708211e+001  5.091789e+001  1.400000e+001
      vertex -6.737500e+001  5.162500e+001  1.400000e+001
    endloop
  endfacet
  facet normal  0.000000e+000  0.000000e+000  1.000000e+000
    outer loop
      vertex -7.070512e+001  4.912500e+001  1.400000e+001
      vertex -6.737500e+001  5.162500e+001  1.400000e+001
      vertex -7.137500e+001  5.162500e+001  1.400000e+001
    endloop
  endfacet
  facet normal  0.000000e+000  0.000000e+000  1.000000e+000
    outer loop
      vertex -6.204487e+001  5.412500e+001  1.400000e+001
      vertex -6.387500e+001  5.595513e+001  1.400000e+001
      vertex -6.637500e+001  5.262500e+001  1.400000e+001
    endloop
  endfacet
  facet normal  0.000000e+000  0.000000e+000  1.000000e+000
    outer loop
      vertex -6.637500e+001  5.262500e+001  1.400000e+001
      vertex -6.387500e+001  5.595513e+001  1.400000e+001
      vertex -6.637500e+001  5.662500e+001  1.400000e+001
    endloop
  endfacet
  facet normal  0.000000e+000  0.000000e+000  1.000000e+000
    outer loop
      vertex -6.637500e+001  5.262500e+001  1.400000e+001
      vertex -6.637500e+001  5.662500e+001  1.400000e+001
      vertex -7.070512e+001  5.412500e+001  1.400000e+001
    endloop
  endfacet
  facet normal  0.000000e+000  0.000000e+000  9.999999e-001
    outer loop
      vertex -7.070512e+001  5.412500e+001  1.400000e+001
      vertex -6.637500e+001  5.662500e+001  1.400000e+001
      vertex -6.887500e+001  5.595513e+001  1.400000e+001
    endloop
  endfacet
  facet normal  0.000000e+000  0.000000e+000  1.000000e+000
    outer loop
      vertex -6.637500e+001  5.262500e+001  1.400000e+001
      vertex -7.070512e+001  5.412500e+001  1.400000e+001
      vertex -6.708211e+001  5.233211e+001  1.400000e+001
    endloop
  endfacet
  facet normal  0.000000e+000  0.000000e+000  1.000000e+000
    outer loop
      vertex -6.708211e+001  5.233211e+001  1.400000e+001
      vertex -7.070512e+001  5.412500e+001  1.400000e+001
      vertex -7.137500e+001  5.162500e+001  1.400000e+001
    endloop
  endfacet
  facet normal  0.000000e+000  0.000000e+000  9.999999e-001
    outer loop
      vertex -6.708211e+001  5.233211e+001  1.400000e+001
      vertex -7.137500e+001  5.162500e+001  1.400000e+001
      vertex -6.737500e+001  5.162500e+001  1.400000e+001
    endloop
  endfacet
  facet normal  -0.000000e+000  0.000000e+000  1.000000e+000
    outer loop
      vertex -6.204487e+001  5.412500e+001  1.400000e+001
      vertex -6.637500e+001  5.262500e+001  1.400000e+001
      vertex -6.137500e+001  5.162500e+001  1.400000e+001
    endloop
  endfacet
  facet normal  0.000000e+000  0.000000e+000  1.000000e+000
    outer loop
      vertex -6.137500e+001  5.162500e+001  1.400000e+001
      vertex -6.637500e+001  5.262500e+001  1.400000e+001
      vertex -6.566789e+001  5.233211e+001  1.400000e+001
    endloop
  endfacet
  facet normal  0.000000e+000  0.000000e+000  9.999999e-001
    outer loop
      vertex -6.137500e+001  5.162500e+001  1.400000e+001
      vertex -6.566789e+001  5.233211e+001  1.400000e+001
      vertex -6.537500e+001  5.162500e+001  1.400000e+001
    endloop
  endfacet
  facet normal  -0.000000e+000  0.000000e+000  1.000000e+000
    outer loop
      vertex -6.137500e+001  5.162500e+001  1.400000e+001
      vertex -6.537500e+001  5.162500e+001  1.400000e+001
      vertex -6.204487e+001  4.912500e+001  1.400000e+001
    endloop
  endfacet
  facet normal  0.000000e+000  0.000000e+000  1.000000e+000
    outer loop
      vertex -6.204487e+001  4.912500e+001  1.400000e+001
      vertex -6.537500e+001  5.162500e+001  1.400000e+001
      vertex -6.566789e+001  5.091789e+001  1.400000e+001
    endloop
  endfacet
  facet normal  0.000000e+000  0.000000e+000  1.000000e+000
    outer loop
      vertex -6.204487e+001  4.912500e+001  1.400000e+001
      vertex -6.566789e+001  5.091789e+001  1.400000e+001
      vertex -6.637500e+001  4.662500e+001  1.400000e+001
    endloop
  endfacet
  facet normal  0.000000e+000  0.000000e+000  9.999999e-001
    outer loop
      vertex -6.637500e+001  4.662500e+001  1.400000e+001
      vertex -6.566789e+001  5.091789e+001  1.400000e+001
      vertex -6.637500e+001  5.062500e+001  1.400000e+001
    endloop
  endfacet
  facet normal -7.070147e-001  7.070133e-001  1.619345e-002
    outer loop
      vertex -7.070512e+001  5.412500e+001  1.400000e+001
      vertex -6.887500e+001  5.595513e+001  1.400000e+001
      vertex -6.954278e+001  5.549348e+001  5.000000e+000
    endloop
  endfacet
  facet normal -4.483658e-001  8.937617e-001 -1.257669e-002
    outer loop
      vertex -6.758202e+001  5.647712e+001  5.000000e+000
      vertex -6.954278e+001  5.549348e+001  5.000000e+000
      vertex -6.887500e+001  5.595513e+001  1.400000e+001
    endloop
  endfacet
  facet normal -2.587729e-001  9.657545e-001  1.883671e-002
    outer loop
      vertex -6.887500e+001  5.595513e+001  1.400000e+001
      vertex -6.637500e+001  5.662500e+001  1.400000e+001
      vertex -6.758202e+001  5.647712e+001  5.000000e+000
    endloop
  endfacet
  facet normal  7.070346e-001  7.070346e-001  1.427977e-002
    outer loop
      vertex -6.332547e+001  5.558736e+001  5.000000e+000
      vertex -6.387500e+001  5.595513e+001  1.400000e+001
      vertex -6.204487e+001  5.412500e+001  1.400000e+001
    endloop
  endfacet
  facet normal -2.264456e-002  9.996539e-001 -1.338814e-002
    outer loop
      vertex -6.538892e+001  5.652680e+001  5.000000e+000
      vertex -6.758202e+001  5.647712e+001  5.000000e+000
      vertex -6.637500e+001  5.662500e+001  1.400000e+001
    endloop
  endfacet
  facet normal  2.587777e-001  9.657726e-001  1.781530e-002
    outer loop
      vertex -6.538892e+001  5.652680e+001  5.000000e+000
      vertex -6.637500e+001  5.662500e+001  1.400000e+001
      vertex -6.387500e+001  5.595513e+001  1.400000e+001
    endloop
  endfacet
  facet normal  4.143229e-001  9.100523e-001 -1.188885e-002
    outer loop
      vertex -6.538892e+001  5.652680e+001  5.000000e+000
      vertex -6.387500e+001  5.595513e+001  1.400000e+001
      vertex -6.332547e+001  5.558736e+001  5.000000e+000
    endloop
  endfacet
  facet normal -9.756432e-001  2.193639e-001  0.000000e+000
    outer loop
      vertex -7.137500e+001  5.162500e+001  5.000000e+000
      vertex -7.137500e+001  5.162500e+001  1.400000e+001
      vertex -7.089379e+001  5.376522e+001  5.000000e+000
    endloop
  endfacet
  facet normal -9.658781e-001  2.588075e-001  9.901891e-003
    outer loop
      vertex -7.089379e+001  5.376522e+001  5.000000e+000
      vertex -7.137500e+001  5.162500e+001  1.400000e+001
      vertex -7.070512e+001  5.412500e+001  1.400000e+001
    endloop
  endfacet
  facet normal -7.878193e-001  6.158531e-001 -8.103682e-003
    outer loop
      vertex -7.089379e+001  5.376522e+001  5.000000e+000
      vertex -7.070512e+001  5.412500e+001  1.400000e+001
      vertex -6.954278e+001  5.549348e+001  5.000000e+000
    endloop
  endfacet
  facet normal  9.659259e-001  2.588188e-001  -0.000000e+000
    outer loop
      vertex -6.137500e+001  5.162500e+001  1.400000e+001
      vertex -6.137500e+001  5.162500e+001  5.000000e+000
      vertex -6.204487e+001  5.412500e+001  1.400000e+001
    endloop
  endfacet
  facet normal  9.739146e-001  2.267151e-001  9.512283e-003
    outer loop
      vertex -6.204487e+001  5.412500e+001  1.400000e+001
      vertex -6.137500e+001  5.162500e+001  5.000000e+000
      vertex -6.188904e+001  5.383320e+001  5.000000e+000
    endloop
  endfacet
  facet normal  7.736779e-001  6.335388e-001 -7.144736e-003
    outer loop
      vertex -6.204487e+001  5.412500e+001  1.400000e+001
      vertex -6.188904e+001  5.383320e+001  5.000000e+000
      vertex -6.332547e+001  5.558736e+001  5.000000e+000
    endloop
  endfacet
  facet normal -7.070900e-001 -7.070885e-001  7.055414e-003
    outer loop
      vertex -6.887500e+001  4.729487e+001  1.400000e+001
      vertex -7.070512e+001  4.912500e+001  1.400000e+001
      vertex -7.045606e+001  4.873624e+001  0.000000e+000
    endloop
  endfacet
  facet normal -9.295912e-001 -3.685383e-001 -6.303859e-003
    outer loop
      vertex -7.132684e+001  5.093266e+001  0.000000e+000
      vertex -7.045606e+001  4.873624e+001  0.000000e+000
      vertex -7.070512e+001  4.912500e+001  1.400000e+001
    endloop
  endfacet
  facet normal -9.658821e-001 -2.588086e-001  9.475902e-003
    outer loop
      vertex -7.137500e+001  5.162500e+001  1.400000e+001
      vertex -7.132684e+001  5.093266e+001  0.000000e+000
      vertex -7.070512e+001  4.912500e+001  1.400000e+001
    endloop
  endfacet
  facet normal -9.754933e-001  2.193303e-001  1.752042e-002
    outer loop
      vertex -7.137500e+001  5.162500e+001  5.000000e+000
      vertex -7.089379e+001  5.376522e+001  5.000000e+000
      vertex -7.109187e+001  5.328368e+001  0.000000e+000
    endloop
  endfacet
  facet normal -9.947714e-001  9.942146e-002 -2.334922e-002
    outer loop
      vertex -7.137500e+001  5.162500e+001  5.000000e+000
      vertex -7.109187e+001  5.328368e+001  0.000000e+000
      vertex -7.132684e+001  5.093266e+001  0.000000e+000
    endloop
  endfacet
  facet normal -9.975890e-001 -6.939969e-002  0.000000e+000
    outer loop
      vertex -7.137500e+001  5.162500e+001  5.000000e+000
      vertex -7.132684e+001  5.093266e+001  0.000000e+000
      vertex -7.137500e+001  5.162500e+001  1.400000e+001
    endloop
  endfacet
  facet normal  9.673927e-001 -2.532811e-001  0.000000e+000
    outer loop
      vertex -6.137500e+001  5.162500e+001  5.000000e+000
      vertex -6.137500e+001  5.162500e+001  1.400000e+001
      vertex -6.201651e+001  4.917477e+001  5.000000e+000
    endloop
  endfacet
  facet normal  9.659247e-001 -2.588184e-001  1.612184e-003
    outer loop
      vertex -6.201651e+001  4.917477e+001  5.000000e+000
      vertex -6.137500e+001  5.162500e+001  1.400000e+001
      vertex -6.204487e+001  4.912500e+001  1.400000e+001
    endloop
  endfacet
  facet normal  7.191535e-001 -6.948494e-001 -1.576830e-003
    outer loop
      vertex -6.201651e+001  4.917477e+001  5.000000e+000
      vertex -6.204487e+001  4.912500e+001  1.400000e+001
      vertex -6.377644e+001  4.735329e+001  5.000000e+000
    endloop
  endfacet
  facet normal  7.071033e-001 -7.071033e-001  3.153842e-003
    outer loop
      vertex -6.377644e+001  4.735329e+001  5.000000e+000
      vertex -6.204487e+001  4.912500e+001  1.400000e+001
      vertex -6.387500e+001  4.729487e+001  1.400000e+001
    endloop
  endfacet
  facet normal  2.863751e-001 -9.581126e-001 -3.082895e-003
    outer loop
      vertex -6.377644e+001  4.735329e+001  5.000000e+000
      vertex -6.387500e+001  4.729487e+001  1.400000e+001
      vertex -6.620317e+001  4.662795e+001  5.000000e+000
    endloop
  endfacet
  facet normal  2.588160e-001 -9.659156e-001  4.624469e-003
    outer loop
      vertex -6.620317e+001  4.662795e+001  5.000000e+000
      vertex -6.387500e+001  4.729487e+001  1.400000e+001
      vertex -6.637500e+001  4.662500e+001  1.400000e+001
    endloop
  endfacet
  facet normal -2.198838e-001 -9.755156e-001 -4.518083e-003
    outer loop
      vertex -6.620317e+001  4.662795e+001  5.000000e+000
      vertex -6.637500e+001  4.662500e+001  1.400000e+001
      vertex -6.867400e+001  4.718488e+001  5.000000e+000
    endloop
  endfacet
  facet normal -2.588141e-001 -9.659083e-001  6.024087e-003
    outer loop
      vertex -6.867400e+001  4.718488e+001  5.000000e+000
      vertex -6.637500e+001  4.662500e+001  1.400000e+001
      vertex -6.887500e+001  4.729487e+001  1.400000e+001
    endloop
  endfacet
  facet normal -4.800310e-001 -8.772516e-001  0.000000e+000
    outer loop
      vertex -6.867400e+001  4.718488e+001  5.000000e+000
      vertex -6.887500e+001  4.729487e+001  1.400000e+001
      vertex -6.867400e+001  4.718488e+001  0.000000e+000
    endloop
  endfacet
  facet normal -6.565935e-001 -7.542365e-001 -3.501435e-003
    outer loop
      vertex -6.867400e+001  4.718488e+001  0.000000e+000
      vertex -6.887500e+001  4.729487e+001  1.400000e+001
      vertex -7.045606e+001  4.873624e+001  0.000000e+000
    endloop
  endfacet
  facet normal -8.381264e-001  5.451344e-001 -1.929944e-002
    outer loop
      vertex -7.109187e+001  5.328368e+001  0.000000e+000
      vertex -7.089379e+001  5.376522e+001  5.000000e+000
      vertex -6.980362e+001  5.526431e+001  0.000000e+000
    endloop
  endfacet
  facet normal -7.877799e-001  6.158223e-001  1.287130e-002
    outer loop
      vertex -6.980362e+001  5.526431e+001  0.000000e+000
      vertex -7.089379e+001  5.376522e+001  5.000000e+000
      vertex -6.954278e+001  5.549348e+001  5.000000e+000
    endloop
  endfacet
  facet normal -4.942846e-001  8.691866e-001 -1.405263e-002
    outer loop
      vertex -6.980362e+001  5.526431e+001  0.000000e+000
      vertex -6.954278e+001  5.549348e+001  5.000000e+000
      vertex -6.774976e+001  5.643229e+001  0.000000e+000
    endloop
  endfacet
  facet normal -4.483902e-001  8.938103e-001  7.028624e-003
    outer loop
      vertex -6.774976e+001  5.643229e+001  0.000000e+000
      vertex -6.954278e+001  5.549348e+001  5.000000e+000
      vertex -6.758202e+001  5.647712e+001  5.000000e+000
    endloop
  endfacet
  facet normal -4.000041e-002  9.991706e-001 -7.617397e-003
    outer loop
      vertex -6.774976e+001  5.643229e+001  0.000000e+000
      vertex -6.758202e+001  5.647712e+001  5.000000e+000
      vertex -6.538892e+001  5.652680e+001  0.000000e+000
    endloop
  endfacet
  facet normal -2.264659e-002  9.997436e-001  0.000000e+000
    outer loop
      vertex -6.538892e+001  5.652680e+001  0.000000e+000
      vertex -6.758202e+001  5.647712e+001  5.000000e+000
      vertex -6.538892e+001  5.652680e+001  5.000000e+000
    endloop
  endfacet
  facet normal -7.069808e-001  7.069793e-001  1.892320e-002
    outer loop
      vertex -7.070512e+001 -5.087500e+001  1.400000e+001
      vertex -6.887500e+001 -4.904487e+001  1.400000e+001
      vertex -6.989735e+001 -4.982632e+001  5.000000e+000
    endloop
  endfacet
  facet normal  2.588005e-001  9.658576e-001  1.188319e-002
    outer loop
      vertex -6.586407e+001 -4.840117e+001  5.000000e+000
      vertex -6.637500e+001 -4.837500e+001  1.400000e+001
      vertex -6.387500e+001 -4.904487e+001  1.400000e+001
    endloop
  endfacet
  facet normal -5.516675e-001  8.340072e-001 -9.749052e-003
    outer loop
      vertex -6.826259e+001 -4.874499e+001  5.000000e+000
      vertex -6.989735e+001 -4.982632e+001  5.000000e+000
      vertex -6.887500e+001 -4.904487e+001  1.400000e+001
    endloop
  endfacet
  facet normal -2.587913e-001  9.658233e-001  1.457211e-002
    outer loop
      vertex -6.826259e+001 -4.874499e+001  5.000000e+000
      vertex -6.887500e+001 -4.904487e+001  1.400000e+001
      vertex -6.637500e+001 -4.837500e+001  1.400000e+001
    endloop
  endfacet
  facet normal -1.418861e-001  9.898226e-001 -1.093327e-002
    outer loop
      vertex -6.826259e+001 -4.874499e+001  5.000000e+000
      vertex -6.637500e+001 -4.837500e+001  1.400000e+001
      vertex -6.586407e+001 -4.840117e+001  5.000000e+000
    endloop
  endfacet
  facet normal -9.806035e-001  1.960020e-001  0.000000e+000
    outer loop
      vertex -7.137500e+001 -5.337500e+001  5.000000e+000
      vertex -7.137500e+001 -5.337500e+001  1.400000e+001
      vertex -7.099083e+001 -5.145298e+001  5.000000e+000
    endloop
  endfacet
  facet normal -9.658303e-001  2.587946e-001  1.404044e-002
    outer loop
      vertex -7.099083e+001 -5.145298e+001  5.000000e+000
      vertex -7.137500e+001 -5.337500e+001  1.400000e+001
      vertex -7.070512e+001 -5.087500e+001  1.400000e+001
    endloop
  endfacet
  facet normal -8.298774e-001  5.578653e-001 -9.481837e-003
    outer loop
      vertex -7.099083e+001 -5.145298e+001  5.000000e+000
      vertex -7.070512e+001 -5.087500e+001  1.400000e+001
      vertex -6.989735e+001 -4.982632e+001  5.000000e+000
    endloop
  endfacet
  facet normal  9.659259e-001  2.588188e-001  -0.000000e+000
    outer loop
      vertex -6.137500e+001 -5.337500e+001  1.400000e+001
      vertex -6.137500e+001 -5.337500e+001  5.000000e+000
      vertex -6.204487e+001 -5.087500e+001  1.400000e+001
    endloop
  endfacet
  facet normal  9.701892e-001  2.422993e-001  4.906055e-003
    outer loop
      vertex -6.204487e+001 -5.087500e+001  1.400000e+001
      vertex -6.137500e+001 -5.337500e+001  5.000000e+000
      vertex -6.196210e+001 -5.102418e+001  5.000000e+000
    endloop
  endfacet
  facet normal  7.070971e-001  7.070971e-001 -5.217596e-003
    outer loop
      vertex -6.204487e+001 -5.087500e+001  1.400000e+001
      vertex -6.196210e+001 -5.102418e+001  5.000000e+000
      vertex -6.387500e+001 -4.904487e+001  1.400000e+001
    endloop
  endfacet
  facet normal  7.423158e-001  6.699690e-001  1.043325e-002
    outer loop
      vertex -6.387500e+001 -4.904487e+001  1.400000e+001
      vertex -6.196210e+001 -5.102418e+001  5.000000e+000
      vertex -6.358555e+001 -4.922543e+001  5.000000e+000
    endloop
  endfacet
  facet normal  3.401638e-001  9.403328e-001 -7.924372e-003
    outer loop
      vertex -6.387500e+001 -4.904487e+001  1.400000e+001
      vertex -6.358555e+001 -4.922543e+001  5.000000e+000
      vertex -6.586407e+001 -4.840117e+001  5.000000e+000
    endloop
  endfacet
  facet normal  7.069816e-001 -7.069816e-001  1.881582e-002
    outer loop
      vertex -6.204487e+001 -5.587500e+001  1.400000e+001
      vertex -6.387500e+001 -5.770513e+001  1.400000e+001
      vertex -6.276954e+001 -5.683919e+001  5.000000e+000
    endloop
  endfacet
  facet normal -2.588108e-001 -9.658959e-001  7.890461e-003
    outer loop
      vertex -6.690826e+001 -5.834648e+001  0.000000e+000
      vertex -6.637500e+001 -5.837500e+001  1.400000e+001
      vertex -6.887500e+001 -5.770513e+001  1.400000e+001
    endloop
  endfacet
  facet normal -3.631099e-001 -9.317091e-001 -8.327787e-003
    outer loop
      vertex -6.690826e+001 -5.834648e+001  0.000000e+000
      vertex -6.887500e+001 -5.770513e+001  1.400000e+001
      vertex -6.934644e+001 -5.739626e+001  0.000000e+000
    endloop
  endfacet
  facet normal -7.070837e-001 -7.070822e-001  8.210837e-003
    outer loop
      vertex -6.934644e+001 -5.739626e+001  0.000000e+000
      vertex -6.887500e+001 -5.770513e+001  1.400000e+001
      vertex -7.070512e+001 -5.587500e+001  1.400000e+001
    endloop
  endfacet
  facet normal -7.840064e-001 -6.206926e-001 -8.641683e-003
    outer loop
      vertex -6.934644e+001 -5.739626e+001  0.000000e+000
      vertex -7.070512e+001 -5.587500e+001  1.400000e+001
      vertex -7.097073e+001 -5.534460e+001  0.000000e+000
    endloop
  endfacet
  facet normal -9.245777e-001  3.793999e-001 -3.481091e-002
    outer loop
      vertex -7.133622e+001 -5.275344e+001  0.000000e+000
      vertex -7.099083e+001 -5.145298e+001  5.000000e+000
      vertex -7.034280e+001 -5.033254e+001  0.000000e+000
    endloop
  endfacet
  facet normal  5.761445e-001 -8.173099e-001 -7.870078e-003
    outer loop
      vertex -6.432401e+001 -5.793499e+001  5.000000e+000
      vertex -6.276954e+001 -5.683919e+001  5.000000e+000
      vertex -6.387500e+001 -5.770513e+001  1.400000e+001
    endloop
  endfacet
  facet normal  2.588009e-001 -9.658591e-001  1.175621e-002
    outer loop
      vertex -6.432401e+001 -5.793499e+001  5.000000e+000
      vertex -6.387500e+001 -5.770513e+001  1.400000e+001
      vertex -6.637500e+001 -5.837500e+001  1.400000e+001
    endloop
  endfacet
  facet normal  1.734781e-001 -9.848002e-001 -8.613823e-003
    outer loop
      vertex -6.432401e+001 -5.793499e+001  5.000000e+000
      vertex -6.637500e+001 -5.837500e+001  1.400000e+001
      vertex -6.690826e+001 -5.834648e+001  0.000000e+000
    endloop
  endfacet
  facet normal  1.572513e-001 -9.875587e-001  0.000000e+000
    outer loop
      vertex -6.432401e+001 -5.793499e+001  5.000000e+000
      vertex -6.690826e+001 -5.834648e+001  0.000000e+000
      vertex -6.432401e+001 -5.793499e+001  0.000000e+000
    endloop
  endfacet
  facet normal -9.804658e-001  1.959745e-001  1.675726e-002
    outer loop
      vertex -7.137500e+001 -5.337500e+001  5.000000e+000
      vertex -7.099083e+001 -5.145298e+001  5.000000e+000
      vertex -7.133622e+001 -5.275344e+001  0.000000e+000
    endloop
  endfacet
  facet normal -9.898875e-001 -1.396281e-001 -2.503493e-002
    outer loop
      vertex -7.137500e+001 -5.337500e+001  5.000000e+000
      vertex -7.133622e+001 -5.275344e+001  0.000000e+000
      vertex -7.097073e+001 -5.534460e+001  0.000000e+000
    endloop
  endfacet
  facet normal -9.742544e-001 -2.252318e-001  9.950028e-003
    outer loop
      vertex -7.137500e+001 -5.337500e+001  5.000000e+000
      vertex -7.097073e+001 -5.534460e+001  0.000000e+000
      vertex -7.070512e+001 -5.587500e+001  1.400000e+001
    endloop
  endfacet
  facet normal -9.659255e-001 -2.588201e-001  0.000000e+000
    outer loop
      vertex -7.137500e+001 -5.337500e+001  5.000000e+000
      vertex -7.070512e+001 -5.587500e+001  1.400000e+001
      vertex -7.137500e+001 -5.337500e+001  1.400000e+001
    endloop
  endfacet
  facet normal  9.817475e-001 -1.901887e-001  0.000000e+000
    outer loop
      vertex -6.137500e+001 -5.337500e+001  5.000000e+000
      vertex -6.137500e+001 -5.337500e+001  1.400000e+001
      vertex -6.173672e+001 -5.524217e+001  5.000000e+000
    endloop
  endfacet
  facet normal  9.658191e-001 -2.587902e-001  1.487249e-002
    outer loop
      vertex -6.173672e+001 -5.524217e+001  5.000000e+000
      vertex -6.137500e+001 -5.337500e+001  1.400000e+001
      vertex -6.204487e+001 -5.587500e+001  1.400000e+001
    endloop
  endfacet
  facet normal  8.396641e-001 -5.430242e-001 -9.432671e-003
    outer loop
      vertex -6.173672e+001 -5.524217e+001  5.000000e+000
      vertex -6.204487e+001 -5.587500e+001  1.400000e+001
      vertex -6.276954e+001 -5.683919e+001  5.000000e+000
    endloop
  endfacet
  facet normal -5.516937e-001  8.340468e-001  0.000000e+000
    outer loop
      vertex -6.826259e+001 -4.874499e+001  5.000000e+000
      vertex -6.826259e+001 -4.874499e+001  0.000000e+000
      vertex -6.989735e+001 -4.982632e+001  5.000000e+000
    endloop
  endfacet
  facet normal -6.064668e-001  7.946696e-001 -2.642417e-002
    outer loop
      vertex -6.989735e+001 -4.982632e+001  5.000000e+000
      vertex -6.826259e+001 -4.874499e+001  0.000000e+000
      vertex -7.034280e+001 -5.033254e+001  0.000000e+000
    endloop
  endfacet
  facet normal -8.297883e-001  5.578054e-001  1.745286e-002
    outer loop
      vertex -6.989735e+001 -4.982632e+001  5.000000e+000
      vertex -7.034280e+001 -5.033254e+001  0.000000e+000
      vertex -7.099083e+001 -5.145298e+001  5.000000e+000
    endloop
  endfacet
  facet normal -7.069808e-001  7.069808e-001  1.887632e-002
    outer loop
      vertex  4.929487e+001  5.412500e+001  1.400000e+001
      vertex  5.112500e+001  5.595513e+001  1.400000e+001
      vertex  5.004208e+001  5.511250e+001  5.000000e+000
    endloop
  endfacet
  facet normal  2.588057e-001  9.658769e-001  1.007238e-002
    outer loop
      vertex  5.403949e+001  5.660779e+001  5.000000e+000
      vertex  5.362500e+001  5.662500e+001  1.400000e+001
      vertex  5.612500e+001  5.595513e+001  1.400000e+001
    endloop
  endfacet
  facet normal -5.694959e-001  8.219509e-001 -8.430609e-003
    outer loop
      vertex  5.161847e+001  5.620472e+001  5.000000e+000
      vertex  5.004208e+001  5.511250e+001  5.000000e+000
      vertex  5.112500e+001  5.595513e+001  1.400000e+001
    endloop
  endfacet
  facet normal -2.587982e-001  9.658492e-001  1.259575e-002
    outer loop
      vertex  5.161847e+001  5.620472e+001  5.000000e+000
      vertex  5.112500e+001  5.595513e+001  1.400000e+001
      vertex  5.362500e+001  5.662500e+001  1.400000e+001
    endloop
  endfacet
  facet normal -1.642195e-001  9.863786e-001 -9.449000e-003
    outer loop
      vertex  5.161847e+001  5.620472e+001  5.000000e+000
      vertex  5.362500e+001  5.662500e+001  1.400000e+001
      vertex  5.403949e+001  5.660779e+001  5.000000e+000
    endloop
  endfacet
  facet normal -9.814377e-001  1.917807e-001  0.000000e+000
    outer loop
      vertex  4.862500e+001  5.162500e+001  5.000000e+000
      vertex  4.862500e+001  5.162500e+001  1.400000e+001
      vertex  4.899280e+001  5.350721e+001  5.000000e+000
    endloop
  endfacet
  facet normal -9.658222e-001  2.587910e-001  1.465230e-002
    outer loop
      vertex  4.899280e+001  5.350721e+001  5.000000e+000
      vertex  4.862500e+001  5.162500e+001  1.400000e+001
      vertex  4.929487e+001  5.412500e+001  1.400000e+001
    endloop
  endfacet
  facet normal -8.370131e-001  5.471010e-001 -9.461720e-003
    outer loop
      vertex  4.899280e+001  5.350721e+001  5.000000e+000
      vertex  4.929487e+001  5.412500e+001  1.400000e+001
      vertex  5.004208e+001  5.511250e+001  5.000000e+000
    endloop
  endfacet
  facet normal  9.659259e-001  2.588188e-001  -0.000000e+000
    outer loop
      vertex  5.862500e+001  5.162500e+001  1.400000e+001
      vertex  5.862500e+001  5.162500e+001  5.000000e+000
      vertex  5.795513e+001  5.412500e+001  1.400000e+001
    endloop
  endfacet
  facet normal  9.694055e-001  2.454323e-001  3.977460e-003
    outer loop
      vertex  5.795513e+001  5.412500e+001  1.400000e+001
      vertex  5.862500e+001  5.162500e+001  5.000000e+000
      vertex  5.802262e+001  5.400427e+001  5.000000e+000
    endloop
  endfacet
  facet normal  7.071006e-001  7.071006e-001 -4.182728e-003
    outer loop
      vertex  5.795513e+001  5.412500e+001  1.400000e+001
      vertex  5.802262e+001  5.400427e+001  5.000000e+000
      vertex  5.612500e+001  5.595513e+001  1.400000e+001
    endloop
  endfacet
  facet normal  7.358068e-001  6.771399e-001  8.364229e-003
    outer loop
      vertex  5.612500e+001  5.595513e+001  1.400000e+001
      vertex  5.802262e+001  5.400427e+001  5.000000e+000
      vertex  5.636063e+001  5.581025e+001  5.000000e+000
    endloop
  endfacet
  facet normal  3.249446e-001  9.457092e-001 -6.716097e-003
    outer loop
      vertex  5.612500e+001  5.595513e+001  1.400000e+001
      vertex  5.636063e+001  5.581025e+001  5.000000e+000
      vertex  5.403949e+001  5.660779e+001  5.000000e+000
    endloop
  endfacet
  facet normal  2.588042e-001 -9.658715e-001  1.061022e-002
    outer loop
      vertex  5.573238e+001  4.709081e+001  5.000000e+000
      vertex  5.612500e+001  4.729487e+001  1.400000e+001
      vertex  5.362500e+001  4.662500e+001  1.400000e+001
    endloop
  endfacet
  facet normal  1.832918e-001 -9.830263e-001 -7.959168e-003
    outer loop
      vertex  5.573238e+001  4.709081e+001  5.000000e+000
      vertex  5.362500e+001  4.662500e+001  1.400000e+001
      vertex  5.329327e+001  4.663602e+001  5.000000e+000
    endloop
  endfacet
  facet normal -2.588097e-001 -9.658921e-001  8.356984e-003
    outer loop
      vertex  5.329327e+001  4.663602e+001  5.000000e+000
      vertex  5.362500e+001  4.662500e+001  1.400000e+001
      vertex  5.112500e+001  4.729487e+001  1.400000e+001
    endloop
  endfacet
  facet normal  8.889580e-001 -4.579449e-001 -6.331905e-003
    outer loop
      vertex  5.765257e+001  4.866211e+001  5.000000e+000
      vertex  5.837568e+001  5.006580e+001  5.000000e+000
      vertex  5.795513e+001  4.912500e+001  1.400000e+001
    endloop
  endfacet
  facet normal  7.070507e-001 -7.070507e-001  1.259555e-002
    outer loop
      vertex  5.765257e+001  4.866211e+001  5.000000e+000
      vertex  5.795513e+001  4.912500e+001  1.400000e+001
      vertex  5.612500e+001  4.729487e+001  1.400000e+001
    endloop
  endfacet
  facet normal  6.332653e-001 -7.738692e-001 -1.007877e-002
    outer loop
      vertex  5.765257e+001  4.866211e+001  5.000000e+000
      vertex  5.612500e+001  4.729487e+001  1.400000e+001
      vertex  5.573238e+001  4.709081e+001  5.000000e+000
    endloop
  endfacet
  facet normal  9.657681e-001 -2.587765e-001  1.807705e-002
    outer loop
      vertex  5.795513e+001  4.912500e+001  1.400000e+001
      vertex  5.837568e+001  5.006580e+001  5.000000e+000
      vertex  5.862500e+001  5.162500e+001  1.400000e+001
    endloop
  endfacet
  facet normal  9.874552e-001 -1.579000e-001  0.000000e+000
    outer loop
      vertex  5.862500e+001  5.162500e+001  1.400000e+001
      vertex  5.837568e+001  5.006580e+001  5.000000e+000
      vertex  5.862500e+001  5.162500e+001  5.000000e+000
    endloop
  endfacet
  facet normal -9.659259e-001 -2.588188e-001  0.000000e+000
    outer loop
      vertex  4.862500e+001  5.162500e+001  1.400000e+001
      vertex  4.862500e+001  5.162500e+001  5.000000e+000
      vertex  4.929487e+001  4.912500e+001  1.400000e+001
    endloop
  endfacet
  facet normal -9.687259e-001 -2.481130e-001  3.182233e-003
    outer loop
      vertex  4.929487e+001  4.912500e+001  1.400000e+001
      vertex  4.862500e+001  5.162500e+001  5.000000e+000
      vertex  4.924061e+001  4.922144e+001  5.000000e+000
    endloop
  endfacet
  facet normal -7.071029e-001 -7.071029e-001 -3.313286e-003
    outer loop
      vertex  4.929487e+001  4.912500e+001  1.400000e+001
      vertex  4.924061e+001  4.922144e+001  5.000000e+000
      vertex  5.112500e+001  4.729487e+001  1.400000e+001
    endloop
  endfacet
  facet normal -7.301700e-001 -6.832334e-001  6.625974e-003
    outer loop
      vertex  5.112500e+001  4.729487e+001  1.400000e+001
      vertex  4.924061e+001  4.922144e+001  5.000000e+000
      vertex  5.093585e+001  4.740974e+001  5.000000e+000
    endloop
  endfacet
  facet normal -3.118345e-001 -9.501202e-001 -5.572320e-003
    outer loop
      vertex  5.112500e+001  4.729487e+001  1.400000e+001
      vertex  5.093585e+001  4.740974e+001  5.000000e+000
      vertex  5.329327e+001  4.663602e+001  5.000000e+000
    endloop
  endfacet
  facet normal -2.226098e-001  9.748887e-001 -6.076900e-003
    outer loop
      vertex  5.125532e+001 -4.897220e+001  5.000000e+000
      vertex  5.362500e+001 -4.837500e+001  1.400000e+001
      vertex  5.384875e+001 -4.838001e+001  5.000000e+000
    endloop
  endfacet
  facet normal  2.588143e-001  9.659091e-001  5.896892e-003
    outer loop
      vertex  5.384875e+001 -4.838001e+001  5.000000e+000
      vertex  5.362500e+001 -4.837500e+001  1.400000e+001
      vertex  5.612500e+001 -4.904487e+001  1.400000e+001
    endloop
  endfacet
  facet normal  3.088803e-001  9.510684e-001 -7.861978e-003
    outer loop
      vertex  5.384875e+001 -4.838001e+001  5.000000e+000
      vertex  5.612500e+001 -4.904487e+001  1.400000e+001
      vertex  5.637885e+001 -4.920171e+001  5.000000e+000
    endloop
  endfacet
  facet normal  7.070863e-001  7.070863e-001  7.621428e-003
    outer loop
      vertex  5.637885e+001 -4.920171e+001  5.000000e+000
      vertex  5.612500e+001 -4.904487e+001  1.400000e+001
      vertex  5.795513e+001 -5.087500e+001  1.400000e+001
    endloop
  endfacet
  facet normal -9.639680e-001  2.660182e-001  0.000000e+000
    outer loop
      vertex  4.862500e+001 -5.337500e+001  5.000000e+000
      vertex  4.862500e+001 -5.337500e+001  1.400000e+001
      vertex  4.933266e+001 -5.081067e+001  5.000000e+000
    endloop
  endfacet
  facet normal -9.659235e-001  2.588181e-001 -2.205218e-003
    outer loop
      vertex  4.933266e+001 -5.081067e+001  5.000000e+000
      vertex  4.862500e+001 -5.337500e+001  1.400000e+001
      vertex  4.929487e+001 -5.087500e+001  1.400000e+001
    endloop
  endfacet
  facet normal -6.911023e-001  7.227533e-001  2.264720e-003
    outer loop
      vertex  4.933266e+001 -5.081067e+001  5.000000e+000
      vertex  4.929487e+001 -5.087500e+001  1.400000e+001
      vertex  5.125532e+001 -4.897220e+001  5.000000e+000
    endloop
  endfacet
  facet normal -7.070996e-001  7.070996e-001 -4.529485e-003
    outer loop
      vertex  5.125532e+001 -4.897220e+001  5.000000e+000
      vertex  4.929487e+001 -5.087500e+001  1.400000e+001
      vertex  5.112500e+001 -4.904487e+001  1.400000e+001
    endloop
  endfacet
  facet normal -2.588167e-001  9.659179e-001  4.051541e-003
    outer loop
      vertex  5.125532e+001 -4.897220e+001  5.000000e+000
      vertex  5.112500e+001 -4.904487e+001  1.400000e+001
      vertex  5.362500e+001 -4.837500e+001  1.400000e+001
    endloop
  endfacet
  facet normal  9.659259e-001  2.588188e-001  -0.000000e+000
    outer loop
      vertex  5.862500e+001 -5.337500e+001  1.400000e+001
      vertex  5.862500e+001 -5.337500e+001  5.000000e+000
      vertex  5.795513e+001 -5.087500e+001  1.400000e+001
    endloop
  endfacet
  facet normal  9.748505e-001  2.226015e-001  1.072461e-002
    outer loop
      vertex  5.795513e+001 -5.087500e+001  1.400000e+001
      vertex  5.862500e+001 -5.337500e+001  5.000000e+000
      vertex  5.812943e+001 -5.120472e+001  5.000000e+000
    endloop
  endfacet
  facet normal  7.529244e-001  6.580381e-001 -9.525827e-003
    outer loop
      vertex  5.795513e+001 -5.087500e+001  1.400000e+001
      vertex  5.812943e+001 -5.120472e+001  5.000000e+000
      vertex  5.637885e+001 -4.920171e+001  5.000000e+000
    endloop
  endfacet
  facet normal  2.588077e-001 -9.658845e-001  9.259170e-003
    outer loop
      vertex  5.612500e+001 -5.770513e+001  1.400000e+001
      vertex  5.362500e+001 -5.837500e+001  1.400000e+001
      vertex  5.399936e+001 -5.836097e+001  5.000000e+000
    endloop
  endfacet
  facet normal -7.069817e-001 -7.069817e-001  1.880833e-002
    outer loop
      vertex  5.112500e+001 -5.770513e+001  1.400000e+001
      vertex  4.929487e+001 -5.587500e+001  1.400000e+001
      vertex  5.001722e+001 -5.683678e+001  5.000000e+000
    endloop
  endfacet
  facet normal -1.734770e-001 -9.847990e-001 -8.751590e-003
    outer loop
      vertex  5.156944e+001 -5.793292e+001  5.000000e+000
      vertex  5.399936e+001 -5.836097e+001  5.000000e+000
      vertex  5.362500e+001 -5.837500e+001  1.400000e+001
    endloop
  endfacet
  facet normal -2.588012e-001 -9.658602e-001  1.166639e-002
    outer loop
      vertex  5.156944e+001 -5.793292e+001  5.000000e+000
      vertex  5.362500e+001 -5.837500e+001  1.400000e+001
      vertex  5.112500e+001 -5.770513e+001  1.400000e+001
    endloop
  endfacet
  facet normal -5.768276e-001 -8.168285e-001 -7.810366e-003
    outer loop
      vertex  5.156944e+001 -5.793292e+001  5.000000e+000
      vertex  5.112500e+001 -5.770513e+001  1.400000e+001
      vertex  5.001722e+001 -5.683678e+001  5.000000e+000
    endloop
  endfacet
  facet normal  9.690830e-001 -2.467350e-001  0.000000e+000
    outer loop
      vertex  5.862500e+001 -5.337500e+001  5.000000e+000
      vertex  5.862500e+001 -5.337500e+001  1.400000e+001
      vertex  5.801622e+001 -5.576606e+001  5.000000e+000
    endloop
  endfacet
  facet normal  9.659203e-001 -2.588173e-001  3.423864e-003
    outer loop
      vertex  5.801622e+001 -5.576606e+001  5.000000e+000
      vertex  5.862500e+001 -5.337500e+001  1.400000e+001
      vertex  5.795513e+001 -5.587500e+001  1.400000e+001
    endloop
  endfacet
  facet normal  7.330970e-001 -6.801164e-001 -3.256147e-003
    outer loop
      vertex  5.801622e+001 -5.576606e+001  5.000000e+000
      vertex  5.795513e+001 -5.587500e+001  1.400000e+001
      vertex  5.633813e+001 -5.757487e+001  5.000000e+000
    endloop
  endfacet
  facet normal  7.070918e-001 -7.070918e-001  6.511082e-003
    outer loop
      vertex  5.633813e+001 -5.757487e+001  5.000000e+000
      vertex  5.795513e+001 -5.587500e+001  1.400000e+001
      vertex  5.612500e+001 -5.770513e+001  1.400000e+001
    endloop
  endfacet
  facet normal  3.185936e-001 -9.478713e-001 -6.173820e-003
    outer loop
      vertex  5.633813e+001 -5.757487e+001  5.000000e+000
      vertex  5.612500e+001 -5.770513e+001  1.400000e+001
      vertex  5.399936e+001 -5.836097e+001  5.000000e+000
    endloop
  endfacet
  facet normal -9.659259e-001 -2.588188e-001  0.000000e+000
    outer loop
      vertex  4.862500e+001 -5.337500e+001  1.400000e+001
      vertex  4.862500e+001 -5.337500e+001  5.000000e+000
      vertex  4.929487e+001 -5.587500e+001  1.400000e+001
    endloop
  endfacet
  facet normal -9.815774e-001 -1.899848e-001  2.028550e-002
    outer loop
      vertex  4.929487e+001 -5.587500e+001  1.400000e+001
      vertex  4.862500e+001 -5.337500e+001  5.000000e+000
      vertex  4.898609e+001 -5.524062e+001  5.000000e+000
    endloop
  endfacet
  facet normal -8.399366e-001 -5.426025e-001 -9.428909e-003
    outer loop
      vertex  4.929487e+001 -5.587500e+001  1.400000e+001
      vertex  4.898609e+001 -5.524062e+001  5.000000e+000
      vertex  5.001722e+001 -5.683678e+001  5.000000e+000
    endloop
  endfacet
  facet normal  -0.000000e+000  0.000000e+000 -1.000000e+000
    outer loop
      vertex -6.541705e+001 -5.042672e+001  1.100000e+001
      vertex -6.386705e+001 -5.155286e+001  1.100000e+001
      vertex -6.637500e+001 -5.237500e+001  1.100000e+001
    endloop
  endfacet
  facet normal  0.000000e+000  0.000000e+000 -1.000000e+000
    outer loop
      vertex -6.888295e+001 -5.519714e+001  1.100000e+001
      vertex -6.947500e+001 -5.337500e+001  1.100000e+001
      vertex -6.737500e+001 -5.337500e+001  1.100000e+001
    endloop
  endfacet
  facet normal  0.000000e+000  -0.000000e+000 -1.000000e+000
    outer loop
      vertex -6.888295e+001 -5.519714e+001  1.100000e+001
      vertex -6.737500e+001 -5.337500e+001  1.100000e+001
      vertex -6.708211e+001 -5.408211e+001  1.100000e+001
    endloop
  endfacet
  facet normal  0.000000e+000  -0.000000e+000 -1.000000e+000
    outer loop
      vertex -6.888295e+001 -5.519714e+001  1.100000e+001
      vertex -6.708211e+001 -5.408211e+001  1.100000e+001
      vertex -6.637500e+001 -5.437500e+001  1.100000e+001
    endloop
  endfacet
  facet normal  0.000000e+000  0.000000e+000 -1.000000e+000
    outer loop
      vertex -6.888295e+001 -5.519714e+001  1.100000e+001
      vertex -6.637500e+001 -5.437500e+001  1.100000e+001
      vertex -6.733295e+001 -5.632328e+001  1.100000e+001
    endloop
  endfacet
  facet normal  0.000000e+000  0.000000e+000 -1.000000e+000
    outer loop
      vertex -6.566789e+001 -5.408211e+001  1.100000e+001
      vertex -6.386705e+001 -5.519714e+001  1.100000e+001
      vertex -6.637500e+001 -5.437500e+001  1.100000e+001
    endloop
  endfacet
  facet normal  0.000000e+000  0.000000e+000 -1.000000e+000
    outer loop
      vertex -6.637500e+001 -5.437500e+001  1.100000e+001
      vertex -6.386705e+001 -5.519714e+001  1.100000e+001
      vertex -6.541705e+001 -5.632328e+001  1.100000e+001
    endloop
  endfacet
  facet normal  0.000000e+000  0.000000e+000 -1.000000e+000
    outer loop
      vertex -6.637500e+001 -5.437500e+001  1.100000e+001
      vertex -6.541705e+001 -5.632328e+001  1.100000e+001
      vertex -6.733295e+001 -5.632328e+001  1.100000e+001
    endloop
  endfacet
  facet normal  0.000000e+000  0.000000e+000 -1.000000e+000
    outer loop
      vertex -6.737500e+001 -5.337500e+001  1.100000e+001
      vertex -6.947500e+001 -5.337500e+001  1.100000e+001
      vertex -6.708211e+001 -5.266789e+001  1.100000e+001
    endloop
  endfacet
  facet normal  -0.000000e+000  0.000000e+000 -1.000000e+000
    outer loop
      vertex -6.708211e+001 -5.266789e+001  1.100000e+001
      vertex -6.947500e+001 -5.337500e+001  1.100000e+001
      vertex -6.888295e+001 -5.155286e+001  1.100000e+001
    endloop
  endfacet
  facet normal  0.000000e+000  0.000000e+000 -1.000000e+000
    outer loop
      vertex -6.708211e+001 -5.266789e+001  1.100000e+001
      vertex -6.888295e+001 -5.155286e+001  1.100000e+001
      vertex -6.637500e+001 -5.237500e+001  1.100000e+001
    endloop
  endfacet
  facet normal  0.000000e+000  0.000000e+000 -1.000000e+000
    outer loop
      vertex -6.637500e+001 -5.237500e+001  1.100000e+001
      vertex -6.888295e+001 -5.155286e+001  1.100000e+001
      vertex -6.733295e+001 -5.042672e+001  1.100000e+001
    endloop
  endfacet
  facet normal  0.000000e+000  0.000000e+000 -1.000000e+000
    outer loop
      vertex -6.637500e+001 -5.237500e+001  1.100000e+001
      vertex -6.733295e+001 -5.042672e+001  1.100000e+001
      vertex -6.541705e+001 -5.042672e+001  1.100000e+001
    endloop
  endfacet
  facet normal  0.000000e+000  0.000000e+000 -1.000000e+000
    outer loop
      vertex -6.537500e+001 -5.337500e+001  1.100000e+001
      vertex -6.566789e+001 -5.266789e+001  1.100000e+001
      vertex -6.327500e+001 -5.337500e+001  1.100000e+001
    endloop
  endfacet
  facet normal  0.000000e+000  0.000000e+000 -9.999999e-001
    outer loop
      vertex -6.327500e+001 -5.337500e+001  1.100000e+001
      vertex -6.566789e+001 -5.266789e+001  1.100000e+001
      vertex -6.637500e+001 -5.237500e+001  1.100000e+001
    endloop
  endfacet
  facet normal  0.000000e+000  0.000000e+000 -1.000000e+000
    outer loop
      vertex -6.327500e+001 -5.337500e+001  1.100000e+001
      vertex -6.637500e+001 -5.237500e+001  1.100000e+001
      vertex -6.386705e+001 -5.155286e+001  1.100000e+001
    endloop
  endfacet
  facet normal  0.000000e+000  -0.000000e+000 -9.999999e-001
    outer loop
      vertex -6.566789e+001 -5.408211e+001  1.100000e+001
      vertex -6.537500e+001 -5.337500e+001  1.100000e+001
      vertex -6.386705e+001 -5.519714e+001  1.100000e+001
    endloop
  endfacet
  facet normal  0.000000e+000  0.000000e+000 -1.000000e+000
    outer loop
      vertex -6.386705e+001 -5.519714e+001  1.100000e+001
      vertex -6.537500e+001 -5.337500e+001  1.100000e+001
      vertex -6.327500e+001 -5.337500e+001  1.100000e+001
    endloop
  endfacet
  facet normal  -0.000000e+000  0.000000e+000 -1.000000e+000
    outer loop
      vertex  5.458295e+001 -5.042672e+001  1.100000e+001
      vertex  5.613295e+001 -5.155286e+001  1.100000e+001
      vertex  5.362500e+001 -5.237500e+001  1.100000e+001
    endloop
  endfacet
  facet normal  0.000000e+000  0.000000e+000 -1.000000e+000
    outer loop
      vertex  5.111705e+001 -5.519714e+001  1.100000e+001
      vertex  5.052500e+001 -5.337500e+001  1.100000e+001
      vertex  5.262500e+001 -5.337500e+001  1.100000e+001
    endloop
  endfacet
  facet normal  0.000000e+000  -0.000000e+000 -9.999999e-001
    outer loop
      vertex  5.111705e+001 -5.519714e+001  1.100000e+001
      vertex  5.262500e+001 -5.337500e+001  1.100000e+001
      vertex  5.291789e+001 -5.408211e+001  1.100000e+001
    endloop
  endfacet
  facet normal  0.000000e+000  -0.000000e+000 -9.999999e-001
    outer loop
      vertex  5.111705e+001 -5.519714e+001  1.100000e+001
      vertex  5.291789e+001 -5.408211e+001  1.100000e+001
      vertex  5.362500e+001 -5.437500e+001  1.100000e+001
    endloop
  endfacet
  facet normal  0.000000e+000  0.000000e+000 -1.000000e+000
    outer loop
      vertex  5.111705e+001 -5.519714e+001  1.100000e+001
      vertex  5.362500e+001 -5.437500e+001  1.100000e+001
      vertex  5.266705e+001 -5.632328e+001  1.100000e+001
    endloop
  endfacet
  facet normal  0.000000e+000  0.000000e+000 -1.000000e+000
    outer loop
      vertex  5.433211e+001 -5.408211e+001  1.100000e+001
      vertex  5.613295e+001 -5.519714e+001  1.100000e+001
      vertex  5.362500e+001 -5.437500e+001  1.100000e+001
    endloop
  endfacet
  facet normal  0.000000e+000  0.000000e+000 -1.000000e+000
    outer loop
      vertex  5.362500e+001 -5.437500e+001  1.100000e+001
      vertex  5.613295e+001 -5.519714e+001  1.100000e+001
      vertex  5.458295e+001 -5.632328e+001  1.100000e+001
    endloop
  endfacet
  facet normal  0.000000e+000  0.000000e+000 -1.000000e+000
    outer loop
      vertex  5.362500e+001 -5.437500e+001  1.100000e+001
      vertex  5.458295e+001 -5.632328e+001  1.100000e+001
      vertex  5.266705e+001 -5.632328e+001  1.100000e+001
    endloop
  endfacet
  facet normal  0.000000e+000  0.000000e+000 -1.000000e+000
    outer loop
      vertex  5.262500e+001 -5.337500e+001  1.100000e+001
      vertex  5.052500e+001 -5.337500e+001  1.100000e+001
      vertex  5.291789e+001 -5.266789e+001  1.100000e+001
    endloop
  endfacet
  facet normal  -0.000000e+000  0.000000e+000 -1.000000e+000
    outer loop
      vertex  5.291789e+001 -5.266789e+001  1.100000e+001
      vertex  5.052500e+001 -5.337500e+001  1.100000e+001
      vertex  5.111705e+001 -5.155286e+001  1.100000e+001
    endloop
  endfacet
  facet normal  0.000000e+000  0.000000e+000 -1.000000e+000
    outer loop
      vertex  5.291789e+001 -5.266789e+001  1.100000e+001
      vertex  5.111705e+001 -5.155286e+001  1.100000e+001
      vertex  5.362500e+001 -5.237500e+001  1.100000e+001
    endloop
  endfacet
  facet normal  0.000000e+000  0.000000e+000 -1.000000e+000
    outer loop
      vertex  5.362500e+001 -5.237500e+001  1.100000e+001
      vertex  5.111705e+001 -5.155286e+001  1.100000e+001
      vertex  5.266705e+001 -5.042672e+001  1.100000e+001
    endloop
  endfacet
  facet normal  0.000000e+000  0.000000e+000 -1.000000e+000
    outer loop
      vertex  5.362500e+001 -5.237500e+001  1.100000e+001
      vertex  5.266705e+001 -5.042672e+001  1.100000e+001
      vertex  5.458295e+001 -5.042672e+001  1.100000e+001
    endloop
  endfacet
  facet normal  0.000000e+000  0.000000e+000 -1.000000e+000
    outer loop
      vertex  5.462500e+001 -5.337500e+001  1.100000e+001
      vertex  5.433211e+001 -5.266789e+001  1.100000e+001
      vertex  5.672500e+001 -5.337500e+001  1.100000e+001
    endloop
  endfacet
  facet normal  0.000000e+000  0.000000e+000 -9.999999e-001
    outer loop
      vertex  5.672500e+001 -5.337500e+001  1.100000e+001
      vertex  5.433211e+001 -5.266789e+001  1.100000e+001
      vertex  5.362500e+001 -5.237500e+001  1.100000e+001
    endloop
  endfacet
  facet normal  0.000000e+000  0.000000e+000 -1.000000e+000
    outer loop
      vertex  5.672500e+001 -5.337500e+001  1.100000e+001
      vertex  5.362500e+001 -5.237500e+001  1.100000e+001
      vertex  5.613295e+001 -5.155286e+001  1.100000e+001
    endloop
  endfacet
  facet normal  0.000000e+000  -0.000000e+000 -9.999999e-001
    outer loop
      vertex  5.433211e+001 -5.408211e+001  1.100000e+001
      vertex  5.462500e+001 -5.337500e+001  1.100000e+001
      vertex  5.613295e+001 -5.519714e+001  1.100000e+001
    endloop
  endfacet
  facet normal  0.000000e+000  0.000000e+000 -1.000000e+000
    outer loop
      vertex  5.613295e+001 -5.519714e+001  1.100000e+001
      vertex  5.462500e+001 -5.337500e+001  1.100000e+001
      vertex  5.672500e+001 -5.337500e+001  1.100000e+001
    endloop
  endfacet
  facet normal  -0.000000e+000  0.000000e+000 -1.000000e+000
    outer loop
      vertex  5.458295e+001  5.457328e+001  1.100000e+001
      vertex  5.613295e+001  5.344714e+001  1.100000e+001
      vertex  5.362500e+001  5.262500e+001  1.100000e+001
    endloop
  endfacet
  facet normal  0.000000e+000  0.000000e+000 -1.000000e+000
    outer loop
      vertex  5.111705e+001  4.980286e+001  1.100000e+001
      vertex  5.052500e+001  5.162500e+001  1.100000e+001
      vertex  5.262500e+001  5.162500e+001  1.100000e+001
    endloop
  endfacet
  facet normal  0.000000e+000  -0.000000e+000 -9.999999e-001
    outer loop
      vertex  5.111705e+001  4.980286e+001  1.100000e+001
      vertex  5.262500e+001  5.162500e+001  1.100000e+001
      vertex  5.291789e+001  5.091789e+001  1.100000e+001
    endloop
  endfacet
  facet normal  0.000000e+000  -0.000000e+000 -9.999999e-001
    outer loop
      vertex  5.111705e+001  4.980286e+001  1.100000e+001
      vertex  5.291789e+001  5.091789e+001  1.100000e+001
      vertex  5.362500e+001  5.062500e+001  1.100000e+001
    endloop
  endfacet
  facet normal  0.000000e+000  0.000000e+000 -1.000000e+000
    outer loop
      vertex  5.111705e+001  4.980286e+001  1.100000e+001
      vertex  5.362500e+001  5.062500e+001  1.100000e+001
      vertex  5.266705e+001  4.867672e+001  1.100000e+001
    endloop
  endfacet
  facet normal  0.000000e+000  0.000000e+000 -1.000000e+000
    outer loop
      vertex  5.433211e+001  5.091789e+001  1.100000e+001
      vertex  5.613295e+001  4.980286e+001  1.100000e+001
      vertex  5.362500e+001  5.062500e+001  1.100000e+001
    endloop
  endfacet
  facet normal  0.000000e+000  0.000000e+000 -1.000000e+000
    outer loop
      vertex  5.362500e+001  5.062500e+001  1.100000e+001
      vertex  5.613295e+001  4.980286e+001  1.100000e+001
      vertex  5.458295e+001  4.867672e+001  1.100000e+001
    endloop
  endfacet
  facet normal  0.000000e+000  0.000000e+000 -1.000000e+000
    outer loop
      vertex  5.362500e+001  5.062500e+001  1.100000e+001
      vertex  5.458295e+001  4.867672e+001  1.100000e+001
      vertex  5.266705e+001  4.867672e+001  1.100000e+001
    endloop
  endfacet
  facet normal  0.000000e+000  0.000000e+000 -1.000000e+000
    outer loop
      vertex  5.262500e+001  5.162500e+001  1.100000e+001
      vertex  5.052500e+001  5.162500e+001  1.100000e+001
      vertex  5.291789e+001  5.233211e+001  1.100000e+001
    endloop
  endfacet
  facet normal  -0.000000e+000  0.000000e+000 -1.000000e+000
    outer loop
      vertex  5.291789e+001  5.233211e+001  1.100000e+001
      vertex  5.052500e+001  5.162500e+001  1.100000e+001
      vertex  5.111705e+001  5.344714e+001  1.100000e+001
    endloop
  endfacet
  facet normal  0.000000e+000  0.000000e+000 -1.000000e+000
    outer loop
      vertex  5.291789e+001  5.233211e+001  1.100000e+001
      vertex  5.111705e+001  5.344714e+001  1.100000e+001
      vertex  5.362500e+001  5.262500e+001  1.100000e+001
    endloop
  endfacet
  facet normal  0.000000e+000  0.000000e+000 -1.000000e+000
    outer loop
      vertex  5.362500e+001  5.262500e+001  1.100000e+001
      vertex  5.111705e+001  5.344714e+001  1.100000e+001
      vertex  5.266705e+001  5.457328e+001  1.100000e+001
    endloop
  endfacet
  facet normal  0.000000e+000  0.000000e+000 -1.000000e+000
    outer loop
      vertex  5.362500e+001  5.262500e+001  1.100000e+001
      vertex  5.266705e+001  5.457328e+001  1.100000e+001
      vertex  5.458295e+001  5.457328e+001  1.100000e+001
    endloop
  endfacet
  facet normal  0.000000e+000  0.000000e+000 -1.000000e+000
    outer loop
      vertex  5.462500e+001  5.162500e+001  1.100000e+001
      vertex  5.433211e+001  5.233211e+001  1.100000e+001
      vertex  5.672500e+001  5.162500e+001  1.100000e+001
    endloop
  endfacet
  facet normal  0.000000e+000  0.000000e+000 -9.999999e-001
    outer loop
      vertex  5.672500e+001  5.162500e+001  1.100000e+001
      vertex  5.433211e+001  5.233211e+001  1.100000e+001
      vertex  5.362500e+001  5.262500e+001  1.100000e+001
    endloop
  endfacet
  facet normal  0.000000e+000  0.000000e+000 -1.000000e+000
    outer loop
      vertex  5.672500e+001  5.162500e+001  1.100000e+001
      vertex  5.362500e+001  5.262500e+001  1.100000e+001
      vertex  5.613295e+001  5.344714e+001  1.100000e+001
    endloop
  endfacet
  facet normal  0.000000e+000  -0.000000e+000 -9.999999e-001
    outer loop
      vertex  5.433211e+001  5.091789e+001  1.100000e+001
      vertex  5.462500e+001  5.162500e+001  1.100000e+001
      vertex  5.613295e+001  4.980286e+001  1.100000e+001
    endloop
  endfacet
  facet normal  0.000000e+000  0.000000e+000 -1.000000e+000
    outer loop
      vertex  5.613295e+001  4.980286e+001  1.100000e+001
      vertex  5.462500e+001  5.162500e+001  1.100000e+001
      vertex  5.672500e+001  5.162500e+001  1.100000e+001
    endloop
  endfacet
  facet normal  -0.000000e+000  0.000000e+000 -1.000000e+000
    outer loop
      vertex -6.541705e+001  5.457328e+001  1.100000e+001
      vertex -6.386705e+001  5.344714e+001  1.100000e+001
      vertex -6.637500e+001  5.262500e+001  1.100000e+001
    endloop
  endfacet
  facet normal  0.000000e+000  0.000000e+000 -1.000000e+000
    outer loop
      vertex -6.888295e+001  4.980286e+001  1.100000e+001
      vertex -6.947500e+001  5.162500e+001  1.100000e+001
      vertex -6.737500e+001  5.162500e+001  1.100000e+001
    endloop
  endfacet
  facet normal  0.000000e+000  -0.000000e+000 -1.000000e+000
    outer loop
      vertex -6.888295e+001  4.980286e+001  1.100000e+001
      vertex -6.737500e+001  5.162500e+001  1.100000e+001
      vertex -6.708211e+001  5.091789e+001  1.100000e+001
    endloop
  endfacet
  facet normal  0.000000e+000  -0.000000e+000 -1.000000e+000
    outer loop
      vertex -6.888295e+001  4.980286e+001  1.100000e+001
      vertex -6.708211e+001  5.091789e+001  1.100000e+001
      vertex -6.637500e+001  5.062500e+001  1.100000e+001
    endloop
  endfacet
  facet normal  0.000000e+000  0.000000e+000 -1.000000e+000
    outer loop
      vertex -6.888295e+001  4.980286e+001  1.100000e+001
      vertex -6.637500e+001  5.062500e+001  1.100000e+001
      vertex -6.733295e+001  4.867672e+001  1.100000e+001
    endloop
  endfacet
  facet normal  0.000000e+000  0.000000e+000 -1.000000e+000
    outer loop
      vertex -6.566789e+001  5.091789e+001  1.100000e+001
      vertex -6.386705e+001  4.980286e+001  1.100000e+001
      vertex -6.637500e+001  5.062500e+001  1.100000e+001
    endloop
  endfacet
  facet normal  0.000000e+000  0.000000e+000 -1.000000e+000
    outer loop
      vertex -6.637500e+001  5.062500e+001  1.100000e+001
      vertex -6.386705e+001  4.980286e+001  1.100000e+001
      vertex -6.541705e+001  4.867672e+001  1.100000e+001
    endloop
  endfacet
  facet normal  0.000000e+000  0.000000e+000 -1.000000e+000
    outer loop
      vertex -6.637500e+001  5.062500e+001  1.100000e+001
      vertex -6.541705e+001  4.867672e+001  1.100000e+001
      vertex -6.733295e+001  4.867672e+001  1.100000e+001
    endloop
  endfacet
  facet normal  0.000000e+000  0.000000e+000 -1.000000e+000
    outer loop
      vertex -6.737500e+001  5.162500e+001  1.100000e+001
      vertex -6.947500e+001  5.162500e+001  1.100000e+001
      vertex -6.708211e+001  5.233211e+001  1.100000e+001
    endloop
  endfacet
  facet normal  -0.000000e+000  0.000000e+000 -1.000000e+000
    outer loop
      vertex -6.708211e+001  5.233211e+001  1.100000e+001
      vertex -6.947500e+001  5.162500e+001  1.100000e+001
      vertex -6.888295e+001  5.344714e+001  1.100000e+001
    endloop
  endfacet
  facet normal  0.000000e+000  0.000000e+000 -1.000000e+000
    outer loop
      vertex -6.708211e+001  5.233211e+001  1.100000e+001
      vertex -6.888295e+001  5.344714e+001  1.100000e+001
      vertex -6.637500e+001  5.262500e+001  1.100000e+001
    endloop
  endfacet
  facet normal  0.000000e+000  0.000000e+000 -1.000000e+000
    outer loop
      vertex -6.637500e+001  5.262500e+001  1.100000e+001
      vertex -6.888295e+001  5.344714e+001  1.100000e+001
      vertex -6.733295e+001  5.457328e+001  1.100000e+001
    endloop
  endfacet
  facet normal  0.000000e+000  0.000000e+000 -1.000000e+000
    outer loop
      vertex -6.637500e+001  5.262500e+001  1.100000e+001
      vertex -6.733295e+001  5.457328e+001  1.100000e+001
      vertex -6.541705e+001  5.457328e+001  1.100000e+001
    endloop
  endfacet
  facet normal  0.000000e+000  0.000000e+000 -1.000000e+000
    outer loop
      vertex -6.537500e+001  5.162500e+001  1.100000e+001
      vertex -6.566789e+001  5.233211e+001  1.100000e+001
      vertex -6.327500e+001  5.162500e+001  1.100000e+001
    endloop
  endfacet
  facet normal  0.000000e+000  0.000000e+000 -9.999999e-001
    outer loop
      vertex -6.327500e+001  5.162500e+001  1.100000e+001
      vertex -6.566789e+001  5.233211e+001  1.100000e+001
      vertex -6.637500e+001  5.262500e+001  1.100000e+001
    endloop
  endfacet
  facet normal  0.000000e+000  0.000000e+000 -1.000000e+000
    outer loop
      vertex -6.327500e+001  5.162500e+001  1.100000e+001
      vertex -6.637500e+001  5.262500e+001  1.100000e+001
      vertex -6.386705e+001  5.344714e+001  1.100000e+001
    endloop
  endfacet
  facet normal  0.000000e+000  -0.000000e+000 -9.999999e-001
    outer loop
      vertex -6.566789e+001  5.091789e+001  1.100000e+001
      vertex -6.537500e+001  5.162500e+001  1.100000e+001
      vertex -6.386705e+001  4.980286e+001  1.100000e+001
    endloop
  endfacet
  facet normal  0.000000e+000  0.000000e+000 -1.000000e+000
    outer loop
      vertex -6.386705e+001  4.980286e+001  1.100000e+001
      vertex -6.537500e+001  5.162500e+001  1.100000e+001
      vertex -6.327500e+001  5.162500e+001  1.100000e+001
    endloop
  endfacet
  facet normal -5.877854e-001  8.090170e-001  0.000000e+000
    outer loop
      vertex  5.458295e+001  4.867672e+001  0.000000e+000
      vertex  5.613295e+001  4.980286e+001  1.100000e+001
      vertex  5.613295e+001  4.980286e+001  0.000000e+000
    endloop
  endfacet
  facet normal -9.510570e-001  3.090156e-001  0.000000e+000
    outer loop
      vertex  5.613295e+001  4.980286e+001  0.000000e+000
      vertex  5.613295e+001  4.980286e+001  1.100000e+001
      vertex  5.672500e+001  5.162500e+001  1.100000e+001
    endloop
  endfacet
  facet normal -9.510570e-001  3.090156e-001  0.000000e+000
    outer loop
      vertex  5.613295e+001  4.980286e+001  0.000000e+000
      vertex  5.672500e+001  5.162500e+001  1.100000e+001
      vertex  5.672500e+001  5.162500e+001  0.000000e+000
    endloop
  endfacet
  facet normal -5.877854e-001  8.090170e-001  0.000000e+000
    outer loop
      vertex  5.613295e+001  4.980286e+001  1.100000e+001
      vertex  5.458295e+001  4.867672e+001  0.000000e+000
      vertex  5.458295e+001  4.867672e+001  1.100000e+001
    endloop
  endfacet
  facet normal  0.000000e+000  1.000000e+000  0.000000e+000
    outer loop
      vertex  5.458295e+001  4.867672e+001  1.100000e+001
      vertex  5.458295e+001  4.867672e+001  0.000000e+000
      vertex  5.266705e+001  4.867672e+001  0.000000e+000
    endloop
  endfacet
  facet normal  0.000000e+000  1.000000e+000  0.000000e+000
    outer loop
      vertex  5.458295e+001  4.867672e+001  1.100000e+001
      vertex  5.266705e+001  4.867672e+001  0.000000e+000
      vertex  5.266705e+001  4.867672e+001  1.100000e+001
    endloop
  endfacet
  facet normal  5.877854e-001  8.090170e-001  0.000000e+000
    outer loop
      vertex  5.266705e+001  4.867672e+001  1.100000e+001
      vertex  5.266705e+001  4.867672e+001  0.000000e+000
      vertex  5.111705e+001  4.980286e+001  0.000000e+000
    endloop
  endfacet
  facet normal  5.877854e-001  8.090170e-001  -0.000000e+000
    outer loop
      vertex  5.266705e+001  4.867672e+001  1.100000e+001
      vertex  5.111705e+001  4.980286e+001  0.000000e+000
      vertex  5.111705e+001  4.980286e+001  1.100000e+001
    endloop
  endfacet
  facet normal  9.510570e-001  3.090156e-001  0.000000e+000
    outer loop
      vertex  5.111705e+001  4.980286e+001  1.100000e+001
      vertex  5.111705e+001  4.980286e+001  0.000000e+000
      vertex  5.052500e+001  5.162500e+001  0.000000e+000
    endloop
  endfacet
  facet normal  9.510570e-001  3.090156e-001  -0.000000e+000
    outer loop
      vertex  5.111705e+001  4.980286e+001  1.100000e+001
      vertex  5.052500e+001  5.162500e+001  0.000000e+000
      vertex  5.052500e+001  5.162500e+001  1.100000e+001
    endloop
  endfacet
  facet normal  5.877854e-001 -8.090170e-001  0.000000e+000
    outer loop
      vertex  5.266705e+001  5.457328e+001  0.000000e+000
      vertex  5.111705e+001  5.344714e+001  1.100000e+001
      vertex  5.111705e+001  5.344714e+001  0.000000e+000
    endloop
  endfacet
  facet normal  9.510570e-001 -3.090156e-001  0.000000e+000
    outer loop
      vertex  5.111705e+001  5.344714e+001  0.000000e+000
      vertex  5.111705e+001  5.344714e+001  1.100000e+001
      vertex  5.052500e+001  5.162500e+001  1.100000e+001
    endloop
  endfacet
  facet normal  9.510570e-001 -3.090156e-001  0.000000e+000
    outer loop
      vertex  5.111705e+001  5.344714e+001  0.000000e+000
      vertex  5.052500e+001  5.162500e+001  1.100000e+001
      vertex  5.052500e+001  5.162500e+001  0.000000e+000
    endloop
  endfacet
  facet normal  5.877854e-001 -8.090170e-001  0.000000e+000
    outer loop
      vertex  5.111705e+001  5.344714e+001  1.100000e+001
      vertex  5.266705e+001  5.457328e+001  0.000000e+000
      vertex  5.266705e+001  5.457328e+001  1.100000e+001
    endloop
  endfacet
  facet normal  0.000000e+000 -1.000000e+000  0.000000e+000
    outer loop
      vertex  5.266705e+001  5.457328e+001  1.100000e+001
      vertex  5.266705e+001  5.457328e+001  0.000000e+000
      vertex  5.458295e+001  5.457328e+001  0.000000e+000
    endloop
  endfacet
  facet normal  0.000000e+000 -1.000000e+000  0.000000e+000
    outer loop
      vertex  5.266705e+001  5.457328e+001  1.100000e+001
      vertex  5.458295e+001  5.457328e+001  0.000000e+000
      vertex  5.458295e+001  5.457328e+001  1.100000e+001
    endloop
  endfacet
  facet normal -5.877854e-001 -8.090170e-001  -0.000000e+000
    outer loop
      vertex  5.458295e+001  5.457328e+001  1.100000e+001
      vertex  5.458295e+001  5.457328e+001  0.000000e+000
      vertex  5.613295e+001  5.344714e+001  0.000000e+000
    endloop
  endfacet
  facet normal -5.877854e-001 -8.090170e-001  0.000000e+000
    outer loop
      vertex  5.458295e+001  5.457328e+001  1.100000e+001
      vertex  5.613295e+001  5.344714e+001  0.000000e+000
      vertex  5.613295e+001  5.344714e+001  1.100000e+001
    endloop
  endfacet
  facet normal -9.510570e-001 -3.090156e-001  -0.000000e+000
    outer loop
      vertex  5.613295e+001  5.344714e+001  1.100000e+001
      vertex  5.613295e+001  5.344714e+001  0.000000e+000
      vertex  5.672500e+001  5.162500e+001  0.000000e+000
    endloop
  endfacet
  facet normal -9.510570e-001 -3.090156e-001  0.000000e+000
    outer loop
      vertex  5.613295e+001  5.344714e+001  1.100000e+001
      vertex  5.672500e+001  5.162500e+001  0.000000e+000
      vertex  5.672500e+001  5.162500e+001  1.100000e+001
    endloop
  endfacet
  facet normal -5.877854e-001  8.090170e-001  0.000000e+000
    outer loop
      vertex  5.458295e+001 -5.632328e+001  0.000000e+000
      vertex  5.613295e+001 -5.519714e+001  1.100000e+001
      vertex  5.613295e+001 -5.519714e+001  0.000000e+000
    endloop
  endfacet
  facet normal -9.510570e-001  3.090156e-001  0.000000e+000
    outer loop
      vertex  5.613295e+001 -5.519714e+001  0.000000e+000
      vertex  5.613295e+001 -5.519714e+001  1.100000e+001
      vertex  5.672500e+001 -5.337500e+001  1.100000e+001
    endloop
  endfacet
  facet normal -9.510570e-001  3.090156e-001  0.000000e+000
    outer loop
      vertex  5.613295e+001 -5.519714e+001  0.000000e+000
      vertex  5.672500e+001 -5.337500e+001  1.100000e+001
      vertex  5.672500e+001 -5.337500e+001  0.000000e+000
    endloop
  endfacet
  facet normal -5.877854e-001  8.090170e-001  0.000000e+000
    outer loop
      vertex  5.613295e+001 -5.519714e+001  1.100000e+001
      vertex  5.458295e+001 -5.632328e+001  0.000000e+000
      vertex  5.458295e+001 -5.632328e+001  1.100000e+001
    endloop
  endfacet
  facet normal  0.000000e+000  1.000000e+000  0.000000e+000
    outer loop
      vertex  5.458295e+001 -5.632328e+001  1.100000e+001
      vertex  5.458295e+001 -5.632328e+001  0.000000e+000
      vertex  5.266705e+001 -5.632328e+001  0.000000e+000
    endloop
  endfacet
  facet normal  0.000000e+000  1.000000e+000  0.000000e+000
    outer loop
      vertex  5.458295e+001 -5.632328e+001  1.100000e+001
      vertex  5.266705e+001 -5.632328e+001  0.000000e+000
      vertex  5.266705e+001 -5.632328e+001  1.100000e+001
    endloop
  endfacet
  facet normal  5.877854e-001  8.090170e-001  0.000000e+000
    outer loop
      vertex  5.266705e+001 -5.632328e+001  1.100000e+001
      vertex  5.266705e+001 -5.632328e+001  0.000000e+000
      vertex  5.111705e+001 -5.519714e+001  0.000000e+000
    endloop
  endfacet
  facet normal  5.877854e-001  8.090170e-001  -0.000000e+000
    outer loop
      vertex  5.266705e+001 -5.632328e+001  1.100000e+001
      vertex  5.111705e+001 -5.519714e+001  0.000000e+000
      vertex  5.111705e+001 -5.519714e+001  1.100000e+001
    endloop
  endfacet
  facet normal  9.510570e-001  3.090156e-001  0.000000e+000
    outer loop
      vertex  5.111705e+001 -5.519714e+001  1.100000e+001
      vertex  5.111705e+001 -5.519714e+001  0.000000e+000
      vertex  5.052500e+001 -5.337500e+001  0.000000e+000
    endloop
  endfacet
  facet normal  9.510570e-001  3.090156e-001  -0.000000e+000
    outer loop
      vertex  5.111705e+001 -5.519714e+001  1.100000e+001
      vertex  5.052500e+001 -5.337500e+001  0.000000e+000
      vertex  5.052500e+001 -5.337500e+001  1.100000e+001
    endloop
  endfacet
  facet normal  5.877854e-001 -8.090170e-001  0.000000e+000
    outer loop
      vertex  5.266705e+001 -5.042672e+001  0.000000e+000
      vertex  5.111705e+001 -5.155286e+001  1.100000e+001
      vertex  5.111705e+001 -5.155286e+001  0.000000e+000
    endloop
  endfacet
  facet normal  9.510570e-001 -3.090156e-001  0.000000e+000
    outer loop
      vertex  5.111705e+001 -5.155286e+001  0.000000e+000
      vertex  5.111705e+001 -5.155286e+001  1.100000e+001
      vertex  5.052500e+001 -5.337500e+001  1.100000e+001
    endloop
  endfacet
  facet normal  9.510570e-001 -3.090156e-001  0.000000e+000
    outer loop
      vertex  5.111705e+001 -5.155286e+001  0.000000e+000
      vertex  5.052500e+001 -5.337500e+001  1.100000e+001
      vertex  5.052500e+001 -5.337500e+001  0.000000e+000
    endloop
  endfacet
  facet normal  5.877854e-001 -8.090170e-001  0.000000e+000
    outer loop
      vertex  5.111705e+001 -5.155286e+001  1.100000e+001
      vertex  5.266705e+001 -5.042672e+001  0.000000e+000
      vertex  5.266705e+001 -5.042672e+001  1.100000e+001
    endloop
  endfacet
  facet normal  0.000000e+000 -1.000000e+000  0.000000e+000
    outer loop
      vertex  5.266705e+001 -5.042672e+001  1.100000e+001
      vertex  5.266705e+001 -5.042672e+001  0.000000e+000
      vertex  5.458295e+001 -5.042672e+001  0.000000e+000
    endloop
  endfacet
  facet normal  0.000000e+000 -1.000000e+000  0.000000e+000
    outer loop
      vertex  5.266705e+001 -5.042672e+001  1.100000e+001
      vertex  5.458295e+001 -5.042672e+001  0.000000e+000
      vertex  5.458295e+001 -5.042672e+001  1.100000e+001
    endloop
  endfacet
  facet normal -5.877854e-001 -8.090170e-001  -0.000000e+000
    outer loop
      vertex  5.458295e+001 -5.042672e+001  1.100000e+001
      vertex  5.458295e+001 -5.042672e+001  0.000000e+000
      vertex  5.613295e+001 -5.155286e+001  0.000000e+000
    endloop
  endfacet
  facet normal -5.877854e-001 -8.090170e-001  0.000000e+000
    outer loop
      vertex  5.458295e+001 -5.042672e+001  1.100000e+001
      vertex  5.613295e+001 -5.155286e+001  0.000000e+000
      vertex  5.613295e+001 -5.155286e+001  1.100000e+001
    endloop
  endfacet
  facet normal -9.510570e-001 -3.090156e-001  -0.000000e+000
    outer loop
      vertex  5.613295e+001 -5.155286e+001  1.100000e+001
      vertex  5.613295e+001 -5.155286e+001  0.000000e+000
      vertex  5.672500e+001 -5.337500e+001  0.000000e+000
    endloop
  endfacet
  facet normal -9.510570e-001 -3.090156e-001  0.000000e+000
    outer loop
      vertex  5.613295e+001 -5.155286e+001  1.100000e+001
      vertex  5.672500e+001 -5.337500e+001  0.000000e+000
      vertex  5.672500e+001 -5.337500e+001  1.100000e+001
    endloop
  endfacet
  facet normal -5.877854e-001  8.090170e-001  0.000000e+000
    outer loop
      vertex -6.541705e+001 -5.632328e+001  0.000000e+000
      vertex -6.386705e+001 -5.519714e+001  1.100000e+001
      vertex -6.386705e+001 -5.519714e+001  0.000000e+000
    endloop
  endfacet
  facet normal -9.510570e-001  3.090156e-001  0.000000e+000
    outer loop
      vertex -6.386705e+001 -5.519714e+001  0.000000e+000
      vertex -6.386705e+001 -5.519714e+001  1.100000e+001
      vertex -6.327500e+001 -5.337500e+001  1.100000e+001
    endloop
  endfacet
  facet normal -9.510570e-001  3.090156e-001  0.000000e+000
    outer loop
      vertex -6.386705e+001 -5.519714e+001  0.000000e+000
      vertex -6.327500e+001 -5.337500e+001  1.100000e+001
      vertex -6.327500e+001 -5.337500e+001  0.000000e+000
    endloop
  endfacet
  facet normal -5.877854e-001  8.090170e-001  0.000000e+000
    outer loop
      vertex -6.386705e+001 -5.519714e+001  1.100000e+001
      vertex -6.541705e+001 -5.632328e+001  0.000000e+000
      vertex -6.541705e+001 -5.632328e+001  1.100000e+001
    endloop
  endfacet
  facet normal  0.000000e+000  1.000000e+000  0.000000e+000
    outer loop
      vertex -6.541705e+001 -5.632328e+001  1.100000e+001
      vertex -6.541705e+001 -5.632328e+001  0.000000e+000
      vertex -6.733295e+001 -5.632328e+001  0.000000e+000
    endloop
  endfacet
  facet normal  0.000000e+000  1.000000e+000  0.000000e+000
    outer loop
      vertex -6.541705e+001 -5.632328e+001  1.100000e+001
      vertex -6.733295e+001 -5.632328e+001  0.000000e+000
      vertex -6.733295e+001 -5.632328e+001  1.100000e+001
    endloop
  endfacet
  facet normal  5.877863e-001  8.090162e-001  0.000000e+000
    outer loop
      vertex -6.733295e+001 -5.632328e+001  1.100000e+001
      vertex -6.733295e+001 -5.632328e+001  0.000000e+000
      vertex -6.888295e+001 -5.519714e+001  0.000000e+000
    endloop
  endfacet
  facet normal  5.877863e-001  8.090162e-001  -0.000000e+000
    outer loop
      vertex -6.733295e+001 -5.632328e+001  1.100000e+001
      vertex -6.888295e+001 -5.519714e+001  0.000000e+000
      vertex -6.888295e+001 -5.519714e+001  1.100000e+001
    endloop
  endfacet
  facet normal  9.510564e-001  3.090174e-001  0.000000e+000
    outer loop
      vertex -6.888295e+001 -5.519714e+001  1.100000e+001
      vertex -6.888295e+001 -5.519714e+001  0.000000e+000
      vertex -6.947500e+001 -5.337500e+001  0.000000e+000
    endloop
  endfacet
  facet normal  9.510564e-001  3.090174e-001  -0.000000e+000
    outer loop
      vertex -6.888295e+001 -5.519714e+001  1.100000e+001
      vertex -6.947500e+001 -5.337500e+001  0.000000e+000
      vertex -6.947500e+001 -5.337500e+001  1.100000e+001
    endloop
  endfacet
  facet normal  5.877863e-001 -8.090162e-001  0.000000e+000
    outer loop
      vertex -6.733295e+001 -5.042672e+001  0.000000e+000
      vertex -6.888295e+001 -5.155286e+001  1.100000e+001
      vertex -6.888295e+001 -5.155286e+001  0.000000e+000
    endloop
  endfacet
  facet normal  9.510564e-001 -3.090174e-001  0.000000e+000
    outer loop
      vertex -6.888295e+001 -5.155286e+001  0.000000e+000
      vertex -6.888295e+001 -5.155286e+001  1.100000e+001
      vertex -6.947500e+001 -5.337500e+001  1.100000e+001
    endloop
  endfacet
  facet normal  9.510564e-001 -3.090174e-001  0.000000e+000
    outer loop
      vertex -6.888295e+001 -5.155286e+001  0.000000e+000
      vertex -6.947500e+001 -5.337500e+001  1.100000e+001
      vertex -6.947500e+001 -5.337500e+001  0.000000e+000
    endloop
  endfacet
  facet normal  5.877863e-001 -8.090162e-001  0.000000e+000
    outer loop
      vertex -6.888295e+001 -5.155286e+001  1.100000e+001
      vertex -6.733295e+001 -5.042672e+001  0.000000e+000
      vertex -6.733295e+001 -5.042672e+001  1.100000e+001
    endloop
  endfacet
  facet normal  0.000000e+000 -1.000000e+000  0.000000e+000
    outer loop
      vertex -6.733295e+001 -5.042672e+001  1.100000e+001
      vertex -6.733295e+001 -5.042672e+001  0.000000e+000
      vertex -6.541705e+001 -5.042672e+001  0.000000e+000
    endloop
  endfacet
  facet normal  0.000000e+000 -1.000000e+000  0.000000e+000
    outer loop
      vertex -6.733295e+001 -5.042672e+001  1.100000e+001
      vertex -6.541705e+001 -5.042672e+001  0.000000e+000
      vertex -6.541705e+001 -5.042672e+001  1.100000e+001
    endloop
  endfacet
  facet normal -5.877854e-001 -8.090170e-001  -0.000000e+000
    outer loop
      vertex -6.541705e+001 -5.042672e+001  1.100000e+001
      vertex -6.541705e+001 -5.042672e+001  0.000000e+000
      vertex -6.386705e+001 -5.155286e+001  0.000000e+000
    endloop
  endfacet
  facet normal -5.877854e-001 -8.090170e-001  0.000000e+000
    outer loop
      vertex -6.541705e+001 -5.042672e+001  1.100000e+001
      vertex -6.386705e+001 -5.155286e+001  0.000000e+000
      vertex -6.386705e+001 -5.155286e+001  1.100000e+001
    endloop
  endfacet
  facet normal -9.510570e-001 -3.090156e-001  -0.000000e+000
    outer loop
      vertex -6.386705e+001 -5.155286e+001  1.100000e+001
      vertex -6.386705e+001 -5.155286e+001  0.000000e+000
      vertex -6.327500e+001 -5.337500e+001  0.000000e+000
    endloop
  endfacet
  facet normal -9.510570e-001 -3.090156e-001  0.000000e+000
    outer loop
      vertex -6.386705e+001 -5.155286e+001  1.100000e+001
      vertex -6.327500e+001 -5.337500e+001  0.000000e+000
      vertex -6.327500e+001 -5.337500e+001  1.100000e+001
    endloop
  endfacet
  facet normal  5.877863e-001 -8.090162e-001  0.000000e+000
    outer loop
      vertex -6.733295e+001  5.457328e+001  0.000000e+000
      vertex -6.888295e+001  5.344714e+001  1.100000e+001
      vertex -6.888295e+001  5.344714e+001  0.000000e+000
    endloop
  endfacet
  facet normal  9.510564e-001 -3.090174e-001  0.000000e+000
    outer loop
      vertex -6.888295e+001  5.344714e+001  0.000000e+000
      vertex -6.888295e+001  5.344714e+001  1.100000e+001
      vertex -6.947500e+001  5.162500e+001  1.100000e+001
    endloop
  endfacet
  facet normal  9.510564e-001 -3.090174e-001  0.000000e+000
    outer loop
      vertex -6.888295e+001  5.344714e+001  0.000000e+000
      vertex -6.947500e+001  5.162500e+001  1.100000e+001
      vertex -6.947500e+001  5.162500e+001  0.000000e+000
    endloop
  endfacet
  facet normal  5.877863e-001 -8.090162e-001  0.000000e+000
    outer loop
      vertex -6.888295e+001  5.344714e+001  1.100000e+001
      vertex -6.733295e+001  5.457328e+001  0.000000e+000
      vertex -6.733295e+001  5.457328e+001  1.100000e+001
    endloop
  endfacet
  facet normal  0.000000e+000 -1.000000e+000  0.000000e+000
    outer loop
      vertex -6.733295e+001  5.457328e+001  1.100000e+001
      vertex -6.733295e+001  5.457328e+001  0.000000e+000
      vertex -6.541705e+001  5.457328e+001  0.000000e+000
    endloop
  endfacet
  facet normal  0.000000e+000 -1.000000e+000  0.000000e+000
    outer loop
      vertex -6.733295e+001  5.457328e+001  1.100000e+001
      vertex -6.541705e+001  5.457328e+001  0.000000e+000
      vertex -6.541705e+001  5.457328e+001  1.100000e+001
    endloop
  endfacet
  facet normal -5.877854e-001 -8.090170e-001  -0.000000e+000
    outer loop
      vertex -6.541705e+001  5.457328e+001  1.100000e+001
      vertex -6.541705e+001  5.457328e+001  0.000000e+000
      vertex -6.386705e+001  5.344714e+001  0.000000e+000
    endloop
  endfacet
  facet normal -5.877854e-001 -8.090170e-001  0.000000e+000
    outer loop
      vertex -6.541705e+001  5.457328e+001  1.100000e+001
      vertex -6.386705e+001  5.344714e+001  0.000000e+000
      vertex -6.386705e+001  5.344714e+001  1.100000e+001
    endloop
  endfacet
  facet normal -9.510570e-001 -3.090156e-001  -0.000000e+000
    outer loop
      vertex -6.386705e+001  5.344714e+001  1.100000e+001
      vertex -6.386705e+001  5.344714e+001  0.000000e+000
      vertex -6.327500e+001  5.162500e+001  0.000000e+000
    endloop
  endfacet
  facet normal -9.510570e-001 -3.090156e-001  0.000000e+000
    outer loop
      vertex -6.386705e+001  5.344714e+001  1.100000e+001
      vertex -6.327500e+001  5.162500e+001  0.000000e+000
      vertex -6.327500e+001  5.162500e+001  1.100000e+001
    endloop
  endfacet
  facet normal -5.877854e-001  8.090170e-001  0.000000e+000
    outer loop
      vertex -6.541705e+001  4.867672e+001  0.000000e+000
      vertex -6.386705e+001  4.980286e+001  1.100000e+001
      vertex -6.386705e+001  4.980286e+001  0.000000e+000
    endloop
  endfacet
  facet normal -9.510570e-001  3.090156e-001  0.000000e+000
    outer loop
      vertex -6.386705e+001  4.980286e+001  0.000000e+000
      vertex -6.386705e+001  4.980286e+001  1.100000e+001
      vertex -6.327500e+001  5.162500e+001  1.100000e+001
    endloop
  endfacet
  facet normal -9.510570e-001  3.090156e-001  0.000000e+000
    outer loop
      vertex -6.386705e+001  4.980286e+001  0.000000e+000
      vertex -6.327500e+001  5.162500e+001  1.100000e+001
      vertex -6.327500e+001  5.162500e+001  0.000000e+000
    endloop
  endfacet
  facet normal -5.877854e-001  8.090170e-001  0.000000e+000
    outer loop
      vertex -6.386705e+001  4.980286e+001  1.100000e+001
      vertex -6.541705e+001  4.867672e+001  0.000000e+000
      vertex -6.541705e+001  4.867672e+001  1.100000e+001
    endloop
  endfacet
  facet normal  0.000000e+000  1.000000e+000  0.000000e+000
    outer loop
      vertex -6.541705e+001  4.867672e+001  1.100000e+001
      vertex -6.541705e+001  4.867672e+001  0.000000e+000
      vertex -6.733295e+001  4.867672e+001  0.000000e+000
    endloop
  endfacet
  facet normal  0.000000e+000  1.000000e+000  0.000000e+000
    outer loop
      vertex -6.541705e+001  4.867672e+001  1.100000e+001
      vertex -6.733295e+001  4.867672e+001  0.000000e+000
      vertex -6.733295e+001  4.867672e+001  1.100000e+001
    endloop
  endfacet
  facet normal  5.877863e-001  8.090162e-001  0.000000e+000
    outer loop
      vertex -6.733295e+001  4.867672e+001  1.100000e+001
      vertex -6.733295e+001  4.867672e+001  0.000000e+000
      vertex -6.888295e+001  4.980286e+001  0.000000e+000
    endloop
  endfacet
  facet normal  5.877863e-001  8.090162e-001  -0.000000e+000
    outer loop
      vertex -6.733295e+001  4.867672e+001  1.100000e+001
      vertex -6.888295e+001  4.980286e+001  0.000000e+000
      vertex -6.888295e+001  4.980286e+001  1.100000e+001
    endloop
  endfacet
  facet normal  9.510564e-001  3.090174e-001  0.000000e+000
    outer loop
      vertex -6.888295e+001  4.980286e+001  1.100000e+001
      vertex -6.888295e+001  4.980286e+001  0.000000e+000
      vertex -6.947500e+001  5.162500e+001  0.000000e+000
    endloop
  endfacet
  facet normal  9.510564e-001  3.090174e-001  -0.000000e+000
    outer loop
      vertex -6.888295e+001  4.980286e+001  1.100000e+001
      vertex -6.947500e+001  5.162500e+001  0.000000e+000
      vertex -6.947500e+001  5.162500e+001  1.100000e+001
    endloop
  endfacet
  facet normal  3.826822e-001 -9.238800e-001  0.000000e+000
    outer loop
      vertex -6.637500e+001 -5.237500e+001  1.100000e+001
      vertex -6.708211e+001 -5.266789e+001  1.400000e+001
      vertex -6.708211e+001 -5.266789e+001  1.100000e+001
    endloop
  endfacet
  facet normal  9.238800e-001 -3.826822e-001  0.000000e+000
    outer loop
      vertex -6.708211e+001 -5.266789e+001  1.100000e+001
      vertex -6.708211e+001 -5.266789e+001  1.400000e+001
      vertex -6.737500e+001 -5.337500e+001  1.400000e+001
    endloop
  endfacet
  facet normal  9.238800e-001 -3.826822e-001  0.000000e+000
    outer loop
      vertex -6.708211e+001 -5.266789e+001  1.100000e+001
      vertex -6.737500e+001 -5.337500e+001  1.400000e+001
      vertex -6.737500e+001 -5.337500e+001  1.100000e+001
    endloop
  endfacet
  facet normal  3.826822e-001 -9.238800e-001  0.000000e+000
    outer loop
      vertex -6.708211e+001 -5.266789e+001  1.400000e+001
      vertex -6.637500e+001 -5.237500e+001  1.100000e+001
      vertex -6.637500e+001 -5.237500e+001  1.400000e+001
    endloop
  endfacet
  facet normal -3.826822e-001 -9.238800e-001  -0.000000e+000
    outer loop
      vertex -6.637500e+001 -5.237500e+001  1.400000e+001
      vertex -6.637500e+001 -5.237500e+001  1.100000e+001
      vertex -6.566789e+001 -5.266789e+001  1.100000e+001
    endloop
  endfacet
  facet normal -3.826822e-001 -9.238800e-001  0.000000e+000
    outer loop
      vertex -6.637500e+001 -5.237500e+001  1.400000e+001
      vertex -6.566789e+001 -5.266789e+001  1.100000e+001
      vertex -6.566789e+001 -5.266789e+001  1.400000e+001
    endloop
  endfacet
  facet normal -9.238800e-001 -3.826822e-001  -0.000000e+000
    outer loop
      vertex -6.566789e+001 -5.266789e+001  1.400000e+001
      vertex -6.566789e+001 -5.266789e+001  1.100000e+001
      vertex -6.537500e+001 -5.337500e+001  1.100000e+001
    endloop
  endfacet
  facet normal -9.238800e-001 -3.826822e-001  0.000000e+000
    outer loop
      vertex -6.566789e+001 -5.266789e+001  1.400000e+001
      vertex -6.537500e+001 -5.337500e+001  1.100000e+001
      vertex -6.537500e+001 -5.337500e+001  1.400000e+001
    endloop
  endfacet
  facet normal -3.826822e-001  9.238800e-001  0.000000e+000
    outer loop
      vertex -6.637500e+001 -5.437500e+001  1.100000e+001
      vertex -6.566789e+001 -5.408211e+001  1.400000e+001
      vertex -6.566789e+001 -5.408211e+001  1.100000e+001
    endloop
  endfacet
  facet normal -9.238800e-001  3.826822e-001  0.000000e+000
    outer loop
      vertex -6.566789e+001 -5.408211e+001  1.100000e+001
      vertex -6.566789e+001 -5.408211e+001  1.400000e+001
      vertex -6.537500e+001 -5.337500e+001  1.400000e+001
    endloop
  endfacet
  facet normal -9.238800e-001  3.826822e-001  0.000000e+000
    outer loop
      vertex -6.566789e+001 -5.408211e+001  1.100000e+001
      vertex -6.537500e+001 -5.337500e+001  1.400000e+001
      vertex -6.537500e+001 -5.337500e+001  1.100000e+001
    endloop
  endfacet
  facet normal -3.826822e-001  9.238800e-001  0.000000e+000
    outer loop
      vertex -6.566789e+001 -5.408211e+001  1.400000e+001
      vertex -6.637500e+001 -5.437500e+001  1.100000e+001
      vertex -6.637500e+001 -5.437500e+001  1.400000e+001
    endloop
  endfacet
  facet normal  3.826822e-001  9.238800e-001  0.000000e+000
    outer loop
      vertex -6.637500e+001 -5.437500e+001  1.400000e+001
      vertex -6.637500e+001 -5.437500e+001  1.100000e+001
      vertex -6.708211e+001 -5.408211e+001  1.100000e+001
    endloop
  endfacet
  facet normal  3.826822e-001  9.238800e-001  -0.000000e+000
    outer loop
      vertex -6.637500e+001 -5.437500e+001  1.400000e+001
      vertex -6.708211e+001 -5.408211e+001  1.100000e+001
      vertex -6.708211e+001 -5.408211e+001  1.400000e+001
    endloop
  endfacet
  facet normal  9.238800e-001  3.826822e-001  0.000000e+000
    outer loop
      vertex -6.708211e+001 -5.408211e+001  1.400000e+001
      vertex -6.708211e+001 -5.408211e+001  1.100000e+001
      vertex -6.737500e+001 -5.337500e+001  1.100000e+001
    endloop
  endfacet
  facet normal  9.238800e-001  3.826822e-001  -0.000000e+000
    outer loop
      vertex -6.708211e+001 -5.408211e+001  1.400000e+001
      vertex -6.737500e+001 -5.337500e+001  1.100000e+001
      vertex -6.737500e+001 -5.337500e+001  1.400000e+001
    endloop
  endfacet
  facet normal  3.826822e-001 -9.238800e-001  0.000000e+000
    outer loop
      vertex  5.362500e+001 -5.237500e+001  1.100000e+001
      vertex  5.291789e+001 -5.266789e+001  1.400000e+001
      vertex  5.291789e+001 -5.266789e+001  1.100000e+001
    endloop
  endfacet
  facet normal  9.238800e-001 -3.826822e-001  0.000000e+000
    outer loop
      vertex  5.291789e+001 -5.266789e+001  1.100000e+001
      vertex  5.291789e+001 -5.266789e+001  1.400000e+001
      vertex  5.262500e+001 -5.337500e+001  1.400000e+001
    endloop
  endfacet
  facet normal  9.238800e-001 -3.826822e-001  0.000000e+000
    outer loop
      vertex  5.291789e+001 -5.266789e+001  1.100000e+001
      vertex  5.262500e+001 -5.337500e+001  1.400000e+001
      vertex  5.262500e+001 -5.337500e+001  1.100000e+001
    endloop
  endfacet
  facet normal  3.826822e-001 -9.238800e-001  0.000000e+000
    outer loop
      vertex  5.291789e+001 -5.266789e+001  1.400000e+001
      vertex  5.362500e+001 -5.237500e+001  1.100000e+001
      vertex  5.362500e+001 -5.237500e+001  1.400000e+001
    endloop
  endfacet
  facet normal -3.826822e-001 -9.238800e-001  -0.000000e+000
    outer loop
      vertex  5.362500e+001 -5.237500e+001  1.400000e+001
      vertex  5.362500e+001 -5.237500e+001  1.100000e+001
      vertex  5.433211e+001 -5.266789e+001  1.100000e+001
    endloop
  endfacet
  facet normal -3.826822e-001 -9.238800e-001  0.000000e+000
    outer loop
      vertex  5.362500e+001 -5.237500e+001  1.400000e+001
      vertex  5.433211e+001 -5.266789e+001  1.100000e+001
      vertex  5.433211e+001 -5.266789e+001  1.400000e+001
    endloop
  endfacet
  facet normal -9.238800e-001 -3.826822e-001  -0.000000e+000
    outer loop
      vertex  5.433211e+001 -5.266789e+001  1.400000e+001
      vertex  5.433211e+001 -5.266789e+001  1.100000e+001
      vertex  5.462500e+001 -5.337500e+001  1.100000e+001
    endloop
  endfacet
  facet normal -9.238800e-001 -3.826822e-001  0.000000e+000
    outer loop
      vertex  5.433211e+001 -5.266789e+001  1.400000e+001
      vertex  5.462500e+001 -5.337500e+001  1.100000e+001
      vertex  5.462500e+001 -5.337500e+001  1.400000e+001
    endloop
  endfacet
  facet normal -3.826822e-001  9.238800e-001  0.000000e+000
    outer loop
      vertex  5.362500e+001 -5.437500e+001  1.100000e+001
      vertex  5.433211e+001 -5.408211e+001  1.400000e+001
      vertex  5.433211e+001 -5.408211e+001  1.100000e+001
    endloop
  endfacet
  facet normal -9.238800e-001  3.826822e-001  0.000000e+000
    outer loop
      vertex  5.433211e+001 -5.408211e+001  1.100000e+001
      vertex  5.433211e+001 -5.408211e+001  1.400000e+001
      vertex  5.462500e+001 -5.337500e+001  1.400000e+001
    endloop
  endfacet
  facet normal -9.238800e-001  3.826822e-001  0.000000e+000
    outer loop
      vertex  5.433211e+001 -5.408211e+001  1.100000e+001
      vertex  5.462500e+001 -5.337500e+001  1.400000e+001
      vertex  5.462500e+001 -5.337500e+001  1.100000e+001
    endloop
  endfacet
  facet normal -3.826822e-001  9.238800e-001  0.000000e+000
    outer loop
      vertex  5.433211e+001 -5.408211e+001  1.400000e+001
      vertex  5.362500e+001 -5.437500e+001  1.100000e+001
      vertex  5.362500e+001 -5.437500e+001  1.400000e+001
    endloop
  endfacet
  facet normal  3.826822e-001  9.238800e-001  0.000000e+000
    outer loop
      vertex  5.362500e+001 -5.437500e+001  1.400000e+001
      vertex  5.362500e+001 -5.437500e+001  1.100000e+001
      vertex  5.291789e+001 -5.408211e+001  1.100000e+001
    endloop
  endfacet
  facet normal  3.826822e-001  9.238800e-001  -0.000000e+000
    outer loop
      vertex  5.362500e+001 -5.437500e+001  1.400000e+001
      vertex  5.291789e+001 -5.408211e+001  1.100000e+001
      vertex  5.291789e+001 -5.408211e+001  1.400000e+001
    endloop
  endfacet
  facet normal  9.238800e-001  3.826822e-001  0.000000e+000
    outer loop
      vertex  5.291789e+001 -5.408211e+001  1.400000e+001
      vertex  5.291789e+001 -5.408211e+001  1.100000e+001
      vertex  5.262500e+001 -5.337500e+001  1.100000e+001
    endloop
  endfacet
  facet normal  9.238800e-001  3.826822e-001  -0.000000e+000
    outer loop
      vertex  5.291789e+001 -5.408211e+001  1.400000e+001
      vertex  5.262500e+001 -5.337500e+001  1.100000e+001
      vertex  5.262500e+001 -5.337500e+001  1.400000e+001
    endloop
  endfacet
  facet normal  3.826822e-001 -9.238800e-001  0.000000e+000
    outer loop
      vertex  5.362500e+001  5.262500e+001  1.100000e+001
      vertex  5.291789e+001  5.233211e+001  1.400000e+001
      vertex  5.291789e+001  5.233211e+001  1.100000e+001
    endloop
  endfacet
  facet normal  9.238800e-001 -3.826822e-001  0.000000e+000
    outer loop
      vertex  5.291789e+001  5.233211e+001  1.100000e+001
      vertex  5.291789e+001  5.233211e+001  1.400000e+001
      vertex  5.262500e+001  5.162500e+001  1.400000e+001
    endloop
  endfacet
  facet normal  9.238800e-001 -3.826822e-001  0.000000e+000
    outer loop
      vertex  5.291789e+001  5.233211e+001  1.100000e+001
      vertex  5.262500e+001  5.162500e+001  1.400000e+001
      vertex  5.262500e+001  5.162500e+001  1.100000e+001
    endloop
  endfacet
  facet normal  3.826822e-001 -9.238800e-001  0.000000e+000
    outer loop
      vertex  5.291789e+001  5.233211e+001  1.400000e+001
      vertex  5.362500e+001  5.262500e+001  1.100000e+001
      vertex  5.362500e+001  5.262500e+001  1.400000e+001
    endloop
  endfacet
  facet normal -3.826822e-001 -9.238800e-001  -0.000000e+000
    outer loop
      vertex  5.362500e+001  5.262500e+001  1.400000e+001
      vertex  5.362500e+001  5.262500e+001  1.100000e+001
      vertex  5.433211e+001  5.233211e+001  1.100000e+001
    endloop
  endfacet
  facet normal -3.826822e-001 -9.238800e-001  0.000000e+000
    outer loop
      vertex  5.362500e+001  5.262500e+001  1.400000e+001
      vertex  5.433211e+001  5.233211e+001  1.100000e+001
      vertex  5.433211e+001  5.233211e+001  1.400000e+001
    endloop
  endfacet
  facet normal -9.238800e-001 -3.826822e-001  -0.000000e+000
    outer loop
      vertex  5.433211e+001  5.233211e+001  1.400000e+001
      vertex  5.433211e+001  5.233211e+001  1.100000e+001
      vertex  5.462500e+001  5.162500e+001  1.100000e+001
    endloop
  endfacet
  facet normal -9.238800e-001 -3.826822e-001  0.000000e+000
    outer loop
      vertex  5.433211e+001  5.233211e+001  1.400000e+001
      vertex  5.462500e+001  5.162500e+001  1.100000e+001
      vertex  5.462500e+001  5.162500e+001  1.400000e+001
    endloop
  endfacet
  facet normal -3.826822e-001  9.238800e-001  0.000000e+000
    outer loop
      vertex  5.362500e+001  5.062500e+001  1.100000e+001
      vertex  5.433211e+001  5.091789e+001  1.400000e+001
      vertex  5.433211e+001  5.091789e+001  1.100000e+001
    endloop
  endfacet
  facet normal -9.238800e-001  3.826822e-001  0.000000e+000
    outer loop
      vertex  5.433211e+001  5.091789e+001  1.100000e+001
      vertex  5.433211e+001  5.091789e+001  1.400000e+001
      vertex  5.462500e+001  5.162500e+001  1.400000e+001
    endloop
  endfacet
  facet normal -9.238800e-001  3.826822e-001  0.000000e+000
    outer loop
      vertex  5.433211e+001  5.091789e+001  1.100000e+001
      vertex  5.462500e+001  5.162500e+001  1.400000e+001
      vertex  5.462500e+001  5.162500e+001  1.100000e+001
    endloop
  endfacet
  facet normal -3.826822e-001  9.238800e-001  0.000000e+000
    outer loop
      vertex  5.433211e+001  5.091789e+001  1.400000e+001
      vertex  5.362500e+001  5.062500e+001  1.100000e+001
      vertex  5.362500e+001  5.062500e+001  1.400000e+001
    endloop
  endfacet
  facet normal  3.826822e-001  9.238800e-001  0.000000e+000
    outer loop
      vertex  5.362500e+001  5.062500e+001  1.400000e+001
      vertex  5.362500e+001  5.062500e+001  1.100000e+001
      vertex  5.291789e+001  5.091789e+001  1.100000e+001
    endloop
  endfacet
  facet normal  3.826822e-001  9.238800e-001  -0.000000e+000
    outer loop
      vertex  5.362500e+001  5.062500e+001  1.400000e+001
      vertex  5.291789e+001  5.091789e+001  1.100000e+001
      vertex  5.291789e+001  5.091789e+001  1.400000e+001
    endloop
  endfacet
  facet normal  9.238800e-001  3.826822e-001  0.000000e+000
    outer loop
      vertex  5.291789e+001  5.091789e+001  1.400000e+001
      vertex  5.291789e+001  5.091789e+001  1.100000e+001
      vertex  5.262500e+001  5.162500e+001  1.100000e+001
    endloop
  endfacet
  facet normal  9.238800e-001  3.826822e-001  -0.000000e+000
    outer loop
      vertex  5.291789e+001  5.091789e+001  1.400000e+001
      vertex  5.262500e+001  5.162500e+001  1.100000e+001
      vertex  5.262500e+001  5.162500e+001  1.400000e+001
    endloop
  endfacet
  facet normal  3.826822e-001 -9.238800e-001  0.000000e+000
    outer loop
      vertex -6.637500e+001  5.262500e+001  1.100000e+001
      vertex -6.708211e+001  5.233211e+001  1.400000e+001
      vertex -6.708211e+001  5.233211e+001  1.100000e+001
    endloop
  endfacet
  facet normal  9.238800e-001 -3.826822e-001  0.000000e+000
    outer loop
      vertex -6.708211e+001  5.233211e+001  1.100000e+001
      vertex -6.708211e+001  5.233211e+001  1.400000e+001
      vertex -6.737500e+001  5.162500e+001  1.400000e+001
    endloop
  endfacet
  facet normal  9.238800e-001 -3.826822e-001  0.000000e+000
    outer loop
      vertex -6.708211e+001  5.233211e+001  1.100000e+001
      vertex -6.737500e+001  5.162500e+001  1.400000e+001
      vertex -6.737500e+001  5.162500e+001  1.100000e+001
    endloop
  endfacet
  facet normal  3.826822e-001 -9.238800e-001  0.000000e+000
    outer loop
      vertex -6.708211e+001  5.233211e+001  1.400000e+001
      vertex -6.637500e+001  5.262500e+001  1.100000e+001
      vertex -6.637500e+001  5.262500e+001  1.400000e+001
    endloop
  endfacet
  facet normal -3.826822e-001 -9.238800e-001  -0.000000e+000
    outer loop
      vertex -6.637500e+001  5.262500e+001  1.400000e+001
      vertex -6.637500e+001  5.262500e+001  1.100000e+001
      vertex -6.566789e+001  5.233211e+001  1.100000e+001
    endloop
  endfacet
  facet normal -3.826822e-001 -9.238800e-001  0.000000e+000
    outer loop
      vertex -6.637500e+001  5.262500e+001  1.400000e+001
      vertex -6.566789e+001  5.233211e+001  1.100000e+001
      vertex -6.566789e+001  5.233211e+001  1.400000e+001
    endloop
  endfacet
  facet normal -9.238800e-001 -3.826822e-001  -0.000000e+000
    outer loop
      vertex -6.566789e+001  5.233211e+001  1.400000e+001
      vertex -6.566789e+001  5.233211e+001  1.100000e+001
      vertex -6.537500e+001  5.162500e+001  1.100000e+001
    endloop
  endfacet
  facet normal -9.238800e-001 -3.826822e-001  0.000000e+000
    outer loop
      vertex -6.566789e+001  5.233211e+001  1.400000e+001
      vertex -6.537500e+001  5.162500e+001  1.100000e+001
      vertex -6.537500e+001  5.162500e+001  1.400000e+001
    endloop
  endfacet
  facet normal -3.826822e-001  9.238800e-001  0.000000e+000
    outer loop
      vertex -6.637500e+001  5.062500e+001  1.100000e+001
      vertex -6.566789e+001  5.091789e+001  1.400000e+001
      vertex -6.566789e+001  5.091789e+001  1.100000e+001
    endloop
  endfacet
  facet normal -9.238800e-001  3.826822e-001  0.000000e+000
    outer loop
      vertex -6.566789e+001  5.091789e+001  1.100000e+001
      vertex -6.566789e+001  5.091789e+001  1.400000e+001
      vertex -6.537500e+001  5.162500e+001  1.400000e+001
    endloop
  endfacet
  facet normal -9.238800e-001  3.826822e-001  0.000000e+000
    outer loop
      vertex -6.566789e+001  5.091789e+001  1.100000e+001
      vertex -6.537500e+001  5.162500e+001  1.400000e+001
      vertex -6.537500e+001  5.162500e+001  1.100000e+001
    endloop
  endfacet
  facet normal -3.826822e-001  9.238800e-001  0.000000e+000
    outer loop
      vertex -6.566789e+001  5.091789e+001  1.400000e+001
      vertex -6.637500e+001  5.062500e+001  1.100000e+001
      vertex -6.637500e+001  5.062500e+001  1.400000e+001
    endloop
  endfacet
  facet normal  3.826822e-001  9.238800e-001  0.000000e+000
    outer loop
      vertex -6.637500e+001  5.062500e+001  1.400000e+001
      vertex -6.637500e+001  5.062500e+001  1.100000e+001
      vertex -6.708211e+001  5.091789e+001  1.100000e+001
    endloop
  endfacet
  facet normal  3.826822e-001  9.238800e-001  -0.000000e+000
    outer loop
      vertex -6.637500e+001  5.062500e+001  1.400000e+001
      vertex -6.708211e+001  5.091789e+001  1.100000e+001
      vertex -6.708211e+001  5.091789e+001  1.400000e+001
    endloop
  endfacet
  facet normal  9.238800e-001  3.826822e-001  0.000000e+000
    outer loop
      vertex -6.708211e+001  5.091789e+001  1.400000e+001
      vertex -6.708211e+001  5.091789e+001  1.100000e+001
      vertex -6.737500e+001  5.162500e+001  1.100000e+001
    endloop
  endfacet
  facet normal  9.238800e-001  3.826822e-001  -0.000000e+000
    outer loop
      vertex -6.708211e+001  5.091789e+001  1.400000e+001
      vertex -6.737500e+001  5.162500e+001  1.100000e+001
      vertex -6.737500e+001  5.162500e+001  1.400000e+001
    endloop
  endfacet
  facet normal  0.000000e+000  -0.000000e+000  1.000000e+000
    outer loop
      vertex  4.079344e+001  4.156775e+001  1.100000e+001
      vertex  4.254344e+001  4.029630e+001  1.100000e+001
      vertex  4.362500e+001  4.162500e+001  1.100000e+001
    endloop
  endfacet
  facet normal  0.000000e+000  0.000000e+000  1.000000e+000
    outer loop
      vertex  4.079344e+001  4.156775e+001  1.100000e+001
      vertex  4.362500e+001  4.162500e+001  1.100000e+001
      vertex  4.221078e+001  4.221078e+001  1.100000e+001
    endloop
  endfacet
  facet normal  0.000000e+000  0.000000e+000  1.000000e+000
    outer loop
      vertex  4.079344e+001  4.156775e+001  1.100000e+001
      vertex  4.221078e+001  4.221078e+001  1.100000e+001
      vertex  4.162500e+001  4.362500e+001  1.100000e+001
    endloop
  endfacet
  facet normal  0.000000e+000  0.000000e+000  1.000000e+000
    outer loop
      vertex  4.079344e+001  4.156775e+001  1.100000e+001
      vertex  4.162500e+001  4.362500e+001  1.100000e+001
      vertex  4.012500e+001  4.362500e+001  1.100000e+001
    endloop
  endfacet
  facet normal  0.000000e+000  0.000000e+000  1.000000e+000
    outer loop
      vertex  4.254344e+001  4.029630e+001  1.100000e+001
      vertex  4.470656e+001  4.029630e+001  1.100000e+001
      vertex  4.362500e+001  4.162500e+001  1.100000e+001
    endloop
  endfacet
  facet normal  0.000000e+000  0.000000e+000  1.000000e+000
    outer loop
      vertex  4.362500e+001  4.162500e+001  1.100000e+001
      vertex  4.470656e+001  4.029630e+001  1.100000e+001
      vertex  4.645656e+001  4.156775e+001  1.100000e+001
    endloop
  endfacet
  facet normal  0.000000e+000  0.000000e+000  1.000000e+000
    outer loop
      vertex  4.362500e+001  4.162500e+001  1.100000e+001
      vertex  4.645656e+001  4.156775e+001  1.100000e+001
      vertex  4.503922e+001  4.221078e+001  1.100000e+001
    endloop
  endfacet
  facet normal  -0.000000e+000  0.000000e+000  1.000000e+000
    outer loop
      vertex  4.470656e+001  4.695370e+001  1.100000e+001
      vertex  4.254344e+001  4.695370e+001  1.100000e+001
      vertex  4.362500e+001  4.562500e+001  1.100000e+001
    endloop
  endfacet
  facet normal  0.000000e+000  0.000000e+000  1.000000e+000
    outer loop
      vertex  4.362500e+001  4.562500e+001  1.100000e+001
      vertex  4.254344e+001  4.695370e+001  1.100000e+001
      vertex  4.079344e+001  4.568225e+001  1.100000e+001
    endloop
  endfacet
  facet normal  0.000000e+000  0.000000e+000  1.000000e+000
    outer loop
      vertex  4.362500e+001  4.562500e+001  1.100000e+001
      vertex  4.079344e+001  4.568225e+001  1.100000e+001
      vertex  4.221078e+001  4.503922e+001  1.100000e+001
    endloop
  endfacet
  facet normal  0.000000e+000  0.000000e+000  1.000000e+000
    outer loop
      vertex  4.162500e+001  4.362500e+001  1.100000e+001
      vertex  4.221078e+001  4.503922e+001  1.100000e+001
      vertex  4.012500e+001  4.362500e+001  1.100000e+001
    endloop
  endfacet
  facet normal  0.000000e+000  0.000000e+000  1.000000e+000
    outer loop
      vertex  4.012500e+001  4.362500e+001  1.100000e+001
      vertex  4.221078e+001  4.503922e+001  1.100000e+001
      vertex  4.079344e+001  4.568225e+001  1.100000e+001
    endloop
  endfacet
  facet normal  0.000000e+000  0.000000e+000  1.000000e+000
    outer loop
      vertex  4.470656e+001  4.695370e+001  1.100000e+001
      vertex  4.362500e+001  4.562500e+001  1.100000e+001
      vertex  4.645656e+001  4.568225e+001  1.100000e+001
    endloop
  endfacet
  facet normal  0.000000e+000  0.000000e+000  1.000000e+000
    outer loop
      vertex  4.645656e+001  4.568225e+001  1.100000e+001
      vertex  4.362500e+001  4.562500e+001  1.100000e+001
      vertex  4.503922e+001  4.503922e+001  1.100000e+001
    endloop
  endfacet
  facet normal  -0.000000e+000  0.000000e+000  1.000000e+000
    outer loop
      vertex  4.645656e+001  4.568225e+001  1.100000e+001
      vertex  4.503922e+001  4.503922e+001  1.100000e+001
      vertex  4.712500e+001  4.362500e+001  1.100000e+001
    endloop
  endfacet
  facet normal  0.000000e+000  0.000000e+000  1.000000e+000
    outer loop
      vertex  4.712500e+001  4.362500e+001  1.100000e+001
      vertex  4.503922e+001  4.503922e+001  1.100000e+001
      vertex  4.562500e+001  4.362500e+001  1.100000e+001
    endloop
  endfacet
  facet normal  -0.000000e+000  0.000000e+000  1.000000e+000
    outer loop
      vertex  4.712500e+001  4.362500e+001  1.100000e+001
      vertex  4.562500e+001  4.362500e+001  1.100000e+001
      vertex  4.645656e+001  4.156775e+001  1.100000e+001
    endloop
  endfacet
  facet normal  0.000000e+000  0.000000e+000  1.000000e+000
    outer loop
      vertex  4.645656e+001  4.156775e+001  1.100000e+001
      vertex  4.562500e+001  4.362500e+001  1.100000e+001
      vertex  4.503922e+001  4.221078e+001  1.100000e+001
    endloop
  endfacet
  facet normal  0.000000e+000  -0.000000e+000  1.000000e+000
    outer loop
      vertex -4.645656e+001  4.156775e+001  1.100000e+001
      vertex -4.470656e+001  4.029630e+001  1.100000e+001
      vertex -4.362500e+001  4.162500e+001  1.100000e+001
    endloop
  endfacet
  facet normal  0.000000e+000  0.000000e+000  1.000000e+000
    outer loop
      vertex -4.645656e+001  4.156775e+001  1.100000e+001
      vertex -4.362500e+001  4.162500e+001  1.100000e+001
      vertex -4.503922e+001  4.221078e+001  1.100000e+001
    endloop
  endfacet
  facet normal  0.000000e+000  0.000000e+000  1.000000e+000
    outer loop
      vertex -4.645656e+001  4.156775e+001  1.100000e+001
      vertex -4.503922e+001  4.221078e+001  1.100000e+001
      vertex -4.562500e+001  4.362500e+001  1.100000e+001
    endloop
  endfacet
  facet normal  0.000000e+000  0.000000e+000  1.000000e+000
    outer loop
      vertex -4.645656e+001  4.156775e+001  1.100000e+001
      vertex -4.562500e+001  4.362500e+001  1.100000e+001
      vertex -4.712500e+001  4.362500e+001  1.100000e+001
    endloop
  endfacet
  facet normal  0.000000e+000  0.000000e+000  1.000000e+000
    outer loop
      vertex -4.470656e+001  4.029630e+001  1.100000e+001
      vertex -4.254344e+001  4.029630e+001  1.100000e+001
      vertex -4.362500e+001  4.162500e+001  1.100000e+001
    endloop
  endfacet
  facet normal  0.000000e+000  0.000000e+000  1.000000e+000
    outer loop
      vertex -4.362500e+001  4.162500e+001  1.100000e+001
      vertex -4.254344e+001  4.029630e+001  1.100000e+001
      vertex -4.079344e+001  4.156775e+001  1.100000e+001
    endloop
  endfacet
  facet normal  0.000000e+000  0.000000e+000  1.000000e+000
    outer loop
      vertex -4.362500e+001  4.162500e+001  1.100000e+001
      vertex -4.079344e+001  4.156775e+001  1.100000e+001
      vertex -4.221078e+001  4.221078e+001  1.100000e+001
    endloop
  endfacet
  facet normal  -0.000000e+000  0.000000e+000  1.000000e+000
    outer loop
      vertex -4.254344e+001  4.695370e+001  1.100000e+001
      vertex -4.470656e+001  4.695370e+001  1.100000e+001
      vertex -4.362500e+001  4.562500e+001  1.100000e+001
    endloop
  endfacet
  facet normal  0.000000e+000  0.000000e+000  1.000000e+000
    outer loop
      vertex -4.362500e+001  4.562500e+001  1.100000e+001
      vertex -4.470656e+001  4.695370e+001  1.100000e+001
      vertex -4.645656e+001  4.568225e+001  1.100000e+001
    endloop
  endfacet
  facet normal  0.000000e+000  0.000000e+000  1.000000e+000
    outer loop
      vertex -4.362500e+001  4.562500e+001  1.100000e+001
      vertex -4.645656e+001  4.568225e+001  1.100000e+001
      vertex -4.503922e+001  4.503922e+001  1.100000e+001
    endloop
  endfacet
  facet normal  0.000000e+000  0.000000e+000  1.000000e+000
    outer loop
      vertex -4.562500e+001  4.362500e+001  1.100000e+001
      vertex -4.503922e+001  4.503922e+001  1.100000e+001
      vertex -4.712500e+001  4.362500e+001  1.100000e+001
    endloop
  endfacet
  facet normal  0.000000e+000  0.000000e+000  1.000000e+000
    outer loop
      vertex -4.712500e+001  4.362500e+001  1.100000e+001
      vertex -4.503922e+001  4.503922e+001  1.100000e+001
      vertex -4.645656e+001  4.568225e+001  1.100000e+001
    endloop
  endfacet
  facet normal  0.000000e+000  0.000000e+000  1.000000e+000
    outer loop
      vertex -4.254344e+001  4.695370e+001  1.100000e+001
      vertex -4.362500e+001  4.562500e+001  1.100000e+001
      vertex -4.079344e+001  4.568225e+001  1.100000e+001
    endloop
  endfacet
  facet normal  0.000000e+000  0.000000e+000  1.000000e+000
    outer loop
      vertex -4.079344e+001  4.568225e+001  1.100000e+001
      vertex -4.362500e+001  4.562500e+001  1.100000e+001
      vertex -4.221078e+001  4.503922e+001  1.100000e+001
    endloop
  endfacet
  facet normal  -0.000000e+000  0.000000e+000  1.000000e+000
    outer loop
      vertex -4.079344e+001  4.568225e+001  1.100000e+001
      vertex -4.221078e+001  4.503922e+001  1.100000e+001
      vertex -4.012500e+001  4.362500e+001  1.100000e+001
    endloop
  endfacet
  facet normal  0.000000e+000  0.000000e+000  1.000000e+000
    outer loop
      vertex -4.012500e+001  4.362500e+001  1.100000e+001
      vertex -4.221078e+001  4.503922e+001  1.100000e+001
      vertex -4.162500e+001  4.362500e+001  1.100000e+001
    endloop
  endfacet
  facet normal  -0.000000e+000  0.000000e+000  1.000000e+000
    outer loop
      vertex -4.012500e+001  4.362500e+001  1.100000e+001
      vertex -4.162500e+001  4.362500e+001  1.100000e+001
      vertex -4.079344e+001  4.156775e+001  1.100000e+001
    endloop
  endfacet
  facet normal  0.000000e+000  0.000000e+000  1.000000e+000
    outer loop
      vertex -4.079344e+001  4.156775e+001  1.100000e+001
      vertex -4.162500e+001  4.362500e+001  1.100000e+001
      vertex -4.221078e+001  4.221078e+001  1.100000e+001
    endloop
  endfacet
  facet normal  0.000000e+000  -0.000000e+000  1.000000e+000
    outer loop
      vertex -4.645656e+001 -4.568225e+001  1.100000e+001
      vertex -4.470656e+001 -4.695370e+001  1.100000e+001
      vertex -4.362500e+001 -4.562500e+001  1.100000e+001
    endloop
  endfacet
  facet normal  0.000000e+000  0.000000e+000  1.000000e+000
    outer loop
      vertex -4.645656e+001 -4.568225e+001  1.100000e+001
      vertex -4.362500e+001 -4.562500e+001  1.100000e+001
      vertex -4.503922e+001 -4.503922e+001  1.100000e+001
    endloop
  endfacet
  facet normal  0.000000e+000  0.000000e+000  1.000000e+000
    outer loop
      vertex -4.645656e+001 -4.568225e+001  1.100000e+001
      vertex -4.503922e+001 -4.503922e+001  1.100000e+001
      vertex -4.562500e+001 -4.362500e+001  1.100000e+001
    endloop
  endfacet
  facet normal  0.000000e+000  0.000000e+000  1.000000e+000
    outer loop
      vertex -4.645656e+001 -4.568225e+001  1.100000e+001
      vertex -4.562500e+001 -4.362500e+001  1.100000e+001
      vertex -4.712500e+001 -4.362500e+001  1.100000e+001
    endloop
  endfacet
  facet normal  0.000000e+000  0.000000e+000  1.000000e+000
    outer loop
      vertex -4.470656e+001 -4.695370e+001  1.100000e+001
      vertex -4.254344e+001 -4.695370e+001  1.100000e+001
      vertex -4.362500e+001 -4.562500e+001  1.100000e+001
    endloop
  endfacet
  facet normal  0.000000e+000  0.000000e+000  1.000000e+000
    outer loop
      vertex -4.362500e+001 -4.562500e+001  1.100000e+001
      vertex -4.254344e+001 -4.695370e+001  1.100000e+001
      vertex -4.079344e+001 -4.568225e+001  1.100000e+001
    endloop
  endfacet
  facet normal  0.000000e+000  0.000000e+000  1.000000e+000
    outer loop
      vertex -4.362500e+001 -4.562500e+001  1.100000e+001
      vertex -4.079344e+001 -4.568225e+001  1.100000e+001
      vertex -4.221078e+001 -4.503922e+001  1.100000e+001
    endloop
  endfacet
  facet normal  -0.000000e+000  0.000000e+000  1.000000e+000
    outer loop
      vertex -4.254344e+001 -4.029630e+001  1.100000e+001
      vertex -4.470656e+001 -4.029630e+001  1.100000e+001
      vertex -4.362500e+001 -4.162500e+001  1.100000e+001
    endloop
  endfacet
  facet normal  0.000000e+000  0.000000e+000  1.000000e+000
    outer loop
      vertex -4.362500e+001 -4.162500e+001  1.100000e+001
      vertex -4.470656e+001 -4.029630e+001  1.100000e+001
      vertex -4.645656e+001 -4.156775e+001  1.100000e+001
    endloop
  endfacet
  facet normal  0.000000e+000  0.000000e+000  1.000000e+000
    outer loop
      vertex -4.362500e+001 -4.162500e+001  1.100000e+001
      vertex -4.645656e+001 -4.156775e+001  1.100000e+001
      vertex -4.503922e+001 -4.221078e+001  1.100000e+001
    endloop
  endfacet
  facet normal  0.000000e+000  0.000000e+000  1.000000e+000
    outer loop
      vertex -4.562500e+001 -4.362500e+001  1.100000e+001
      vertex -4.503922e+001 -4.221078e+001  1.100000e+001
      vertex -4.712500e+001 -4.362500e+001  1.100000e+001
    endloop
  endfacet
  facet normal  0.000000e+000  0.000000e+000  1.000000e+000
    outer loop
      vertex -4.712500e+001 -4.362500e+001  1.100000e+001
      vertex -4.503922e+001 -4.221078e+001  1.100000e+001
      vertex -4.645656e+001 -4.156775e+001  1.100000e+001
    endloop
  endfacet
  facet normal  0.000000e+000  0.000000e+000  1.000000e+000
    outer loop
      vertex -4.254344e+001 -4.029630e+001  1.100000e+001
      vertex -4.362500e+001 -4.162500e+001  1.100000e+001
      vertex -4.079344e+001 -4.156775e+001  1.100000e+001
    endloop
  endfacet
  facet normal  0.000000e+000  0.000000e+000  1.000000e+000
    outer loop
      vertex -4.079344e+001 -4.156775e+001  1.100000e+001
      vertex -4.362500e+001 -4.162500e+001  1.100000e+001
      vertex -4.221078e+001 -4.221078e+001  1.100000e+001
    endloop
  endfacet
  facet normal  -0.000000e+000  0.000000e+000  1.000000e+000
    outer loop
      vertex -4.079344e+001 -4.156775e+001  1.100000e+001
      vertex -4.221078e+001 -4.221078e+001  1.100000e+001
      vertex -4.012500e+001 -4.362500e+001  1.100000e+001
    endloop
  endfacet
  facet normal  0.000000e+000  0.000000e+000  1.000000e+000
    outer loop
      vertex -4.012500e+001 -4.362500e+001  1.100000e+001
      vertex -4.221078e+001 -4.221078e+001  1.100000e+001
      vertex -4.162500e+001 -4.362500e+001  1.100000e+001
    endloop
  endfacet
  facet normal  -0.000000e+000  0.000000e+000  1.000000e+000
    outer loop
      vertex -4.012500e+001 -4.362500e+001  1.100000e+001
      vertex -4.162500e+001 -4.362500e+001  1.100000e+001
      vertex -4.079344e+001 -4.568225e+001  1.100000e+001
    endloop
  endfacet
  facet normal  0.000000e+000  0.000000e+000  1.000000e+000
    outer loop
      vertex -4.079344e+001 -4.568225e+001  1.100000e+001
      vertex -4.162500e+001 -4.362500e+001  1.100000e+001
      vertex -4.221078e+001 -4.503922e+001  1.100000e+001
    endloop
  endfacet
  facet normal  0.000000e+000  -0.000000e+000  1.000000e+000
    outer loop
      vertex  4.079344e+001 -4.568225e+001  1.100000e+001
      vertex  4.254344e+001 -4.695370e+001  1.100000e+001
      vertex  4.362500e+001 -4.562500e+001  1.100000e+001
    endloop
  endfacet
  facet normal  0.000000e+000  0.000000e+000  1.000000e+000
    outer loop
      vertex  4.079344e+001 -4.568225e+001  1.100000e+001
      vertex  4.362500e+001 -4.562500e+001  1.100000e+001
      vertex  4.221078e+001 -4.503922e+001  1.100000e+001
    endloop
  endfacet
  facet normal  0.000000e+000  0.000000e+000  1.000000e+000
    outer loop
      vertex  4.079344e+001 -4.568225e+001  1.100000e+001
      vertex  4.221078e+001 -4.503922e+001  1.100000e+001
      vertex  4.162500e+001 -4.362500e+001  1.100000e+001
    endloop
  endfacet
  facet normal  0.000000e+000  0.000000e+000  1.000000e+000
    outer loop
      vertex  4.079344e+001 -4.568225e+001  1.100000e+001
      vertex  4.162500e+001 -4.362500e+001  1.100000e+001
      vertex  4.012500e+001 -4.362500e+001  1.100000e+001
    endloop
  endfacet
  facet normal  0.000000e+000  0.000000e+000  1.000000e+000
    outer loop
      vertex  4.254344e+001 -4.695370e+001  1.100000e+001
      vertex  4.470656e+001 -4.695370e+001  1.100000e+001
      vertex  4.362500e+001 -4.562500e+001  1.100000e+001
    endloop
  endfacet
  facet normal  0.000000e+000  0.000000e+000  1.000000e+000
    outer loop
      vertex  4.362500e+001 -4.562500e+001  1.100000e+001
      vertex  4.470656e+001 -4.695370e+001  1.100000e+001
      vertex  4.645656e+001 -4.568225e+001  1.100000e+001
    endloop
  endfacet
  facet normal  0.000000e+000  0.000000e+000  1.000000e+000
    outer loop
      vertex  4.362500e+001 -4.562500e+001  1.100000e+001
      vertex  4.645656e+001 -4.568225e+001  1.100000e+001
      vertex  4.503922e+001 -4.503922e+001  1.100000e+001
    endloop
  endfacet
  facet normal  -0.000000e+000  0.000000e+000  1.000000e+000
    outer loop
      vertex  4.470656e+001 -4.029630e+001  1.100000e+001
      vertex  4.254344e+001 -4.029630e+001  1.100000e+001
      vertex  4.362500e+001 -4.162500e+001  1.100000e+001
    endloop
  endfacet
  facet normal  0.000000e+000  0.000000e+000  1.000000e+000
    outer loop
      vertex  4.362500e+001 -4.162500e+001  1.100000e+001
      vertex  4.254344e+001 -4.029630e+001  1.100000e+001
      vertex  4.079344e+001 -4.156775e+001  1.100000e+001
    endloop
  endfacet
  facet normal  0.000000e+000  0.000000e+000  1.000000e+000
    outer loop
      vertex  4.362500e+001 -4.162500e+001  1.100000e+001
      vertex  4.079344e+001 -4.156775e+001  1.100000e+001
      vertex  4.221078e+001 -4.221078e+001  1.100000e+001
    endloop
  endfacet
  facet normal  0.000000e+000  0.000000e+000  1.000000e+000
    outer loop
      vertex  4.162500e+001 -4.362500e+001  1.100000e+001
      vertex  4.221078e+001 -4.221078e+001  1.100000e+001
      vertex  4.012500e+001 -4.362500e+001  1.100000e+001
    endloop
  endfacet
  facet normal  0.000000e+000  0.000000e+000  1.000000e+000
    outer loop
      vertex  4.012500e+001 -4.362500e+001  1.100000e+001
      vertex  4.221078e+001 -4.221078e+001  1.100000e+001
      vertex  4.079344e+001 -4.156775e+001  1.100000e+001
    endloop
  endfacet
  facet normal  0.000000e+000  0.000000e+000  1.000000e+000
    outer loop
      vertex  4.470656e+001 -4.029630e+001  1.100000e+001
      vertex  4.362500e+001 -4.162500e+001  1.100000e+001
      vertex  4.645656e+001 -4.156775e+001  1.100000e+001
    endloop
  endfacet
  facet normal  0.000000e+000  0.000000e+000  1.000000e+000
    outer loop
      vertex  4.645656e+001 -4.156775e+001  1.100000e+001
      vertex  4.362500e+001 -4.162500e+001  1.100000e+001
      vertex  4.503922e+001 -4.221078e+001  1.100000e+001
    endloop
  endfacet
  facet normal  -0.000000e+000  0.000000e+000  1.000000e+000
    outer loop
      vertex  4.645656e+001 -4.156775e+001  1.100000e+001
      vertex  4.503922e+001 -4.221078e+001  1.100000e+001
      vertex  4.712500e+001 -4.362500e+001  1.100000e+001
    endloop
  endfacet
  facet normal  0.000000e+000  0.000000e+000  1.000000e+000
    outer loop
      vertex  4.712500e+001 -4.362500e+001  1.100000e+001
      vertex  4.503922e+001 -4.221078e+001  1.100000e+001
      vertex  4.562500e+001 -4.362500e+001  1.100000e+001
    endloop
  endfacet
  facet normal  -0.000000e+000  0.000000e+000  1.000000e+000
    outer loop
      vertex  4.712500e+001 -4.362500e+001  1.100000e+001
      vertex  4.562500e+001 -4.362500e+001  1.100000e+001
      vertex  4.645656e+001 -4.568225e+001  1.100000e+001
    endloop
  endfacet
  facet normal  0.000000e+000  0.000000e+000  1.000000e+000
    outer loop
      vertex  4.645656e+001 -4.568225e+001  1.100000e+001
      vertex  4.562500e+001 -4.362500e+001  1.100000e+001
      vertex  4.503922e+001 -4.503922e+001  1.100000e+001
    endloop
  endfacet
  facet normal  9.510562e-001 -3.090177e-001  0.000000e+000
    outer loop
      vertex  4.712500e+001  4.362500e+001  5.000000e+000
      vertex  4.712500e+001  4.362500e+001  1.100000e+001
      vertex  4.645656e+001  4.156775e+001  5.000000e+000
    endloop
  endfacet
  facet normal  9.510562e-001 -3.090177e-001  0.000000e+000
    outer loop
      vertex  4.645656e+001  4.156775e+001  5.000000e+000
      vertex  4.712500e+001  4.362500e+001  1.100000e+001
      vertex  4.645656e+001  4.156775e+001  1.100000e+001
    endloop
  endfacet
  facet normal  5.877854e-001 -8.090169e-001  0.000000e+000
    outer loop
      vertex  4.645656e+001  4.156775e+001  5.000000e+000
      vertex  4.645656e+001  4.156775e+001  1.100000e+001
      vertex  4.470656e+001  4.029630e+001  5.000000e+000
    endloop
  endfacet
  facet normal  5.877854e-001 -8.090169e-001  0.000000e+000
    outer loop
      vertex  4.470656e+001  4.029630e+001  5.000000e+000
      vertex  4.645656e+001  4.156775e+001  1.100000e+001
      vertex  4.470656e+001  4.029630e+001  1.100000e+001
    endloop
  endfacet
  facet normal  0.000000e+000 -1.000000e+000  -0.000000e+000
    outer loop
      vertex  4.470656e+001  4.029630e+001  5.000000e+000
      vertex  4.470656e+001  4.029630e+001  1.100000e+001
      vertex  4.254344e+001  4.029630e+001  5.000000e+000
    endloop
  endfacet
  facet normal  0.000000e+000 -1.000000e+000  0.000000e+000
    outer loop
      vertex  4.254344e+001  4.029630e+001  5.000000e+000
      vertex  4.470656e+001  4.029630e+001  1.100000e+001
      vertex  4.254344e+001  4.029630e+001  1.100000e+001
    endloop
  endfacet
  facet normal -5.877854e-001 -8.090169e-001  -0.000000e+000
    outer loop
      vertex  4.254344e+001  4.029630e+001  5.000000e+000
      vertex  4.254344e+001  4.029630e+001  1.100000e+001
      vertex  4.079344e+001  4.156775e+001  5.000000e+000
    endloop
  endfacet
  facet normal -5.877854e-001 -8.090169e-001  0.000000e+000
    outer loop
      vertex  4.079344e+001  4.156775e+001  5.000000e+000
      vertex  4.254344e+001  4.029630e+001  1.100000e+001
      vertex  4.079344e+001  4.156775e+001  1.100000e+001
    endloop
  endfacet
  facet normal -9.510562e-001 -3.090177e-001  -0.000000e+000
    outer loop
      vertex  4.079344e+001  4.156775e+001  5.000000e+000
      vertex  4.079344e+001  4.156775e+001  1.100000e+001
      vertex  4.012500e+001  4.362500e+001  5.000000e+000
    endloop
  endfacet
  facet normal -9.510562e-001 -3.090177e-001  0.000000e+000
    outer loop
      vertex  4.012500e+001  4.362500e+001  5.000000e+000
      vertex  4.079344e+001  4.156775e+001  1.100000e+001
      vertex  4.012500e+001  4.362500e+001  1.100000e+001
    endloop
  endfacet
  facet normal -9.510562e-001  3.090177e-001  0.000000e+000
    outer loop
      vertex  4.012500e+001  4.362500e+001  5.000000e+000
      vertex  4.012500e+001  4.362500e+001  1.100000e+001
      vertex  4.079344e+001  4.568225e+001  5.000000e+000
    endloop
  endfacet
  facet normal -9.510562e-001  3.090177e-001  0.000000e+000
    outer loop
      vertex  4.079344e+001  4.568225e+001  5.000000e+000
      vertex  4.012500e+001  4.362500e+001  1.100000e+001
      vertex  4.079344e+001  4.568225e+001  1.100000e+001
    endloop
  endfacet
  facet normal -5.877854e-001  8.090169e-001  0.000000e+000
    outer loop
      vertex  4.079344e+001  4.568225e+001  5.000000e+000
      vertex  4.079344e+001  4.568225e+001  1.100000e+001
      vertex  4.254344e+001  4.695370e+001  5.000000e+000
    endloop
  endfacet
  facet normal -5.877854e-001  8.090169e-001  0.000000e+000
    outer loop
      vertex  4.254344e+001  4.695370e+001  5.000000e+000
      vertex  4.079344e+001  4.568225e+001  1.100000e+001
      vertex  4.254344e+001  4.695370e+001  1.100000e+001
    endloop
  endfacet
  facet normal  0.000000e+000  1.000000e+000  0.000000e+000
    outer loop
      vertex  4.254344e+001  4.695370e+001  5.000000e+000
      vertex  4.254344e+001  4.695370e+001  1.100000e+001
      vertex  4.470656e+001  4.695370e+001  5.000000e+000
    endloop
  endfacet
  facet normal  0.000000e+000  1.000000e+000  -0.000000e+000
    outer loop
      vertex  4.470656e+001  4.695370e+001  5.000000e+000
      vertex  4.254344e+001  4.695370e+001  1.100000e+001
      vertex  4.470656e+001  4.695370e+001  1.100000e+001
    endloop
  endfacet
  facet normal  5.877854e-001  8.090169e-001  0.000000e+000
    outer loop
      vertex  4.470656e+001  4.695370e+001  5.000000e+000
      vertex  4.470656e+001  4.695370e+001  1.100000e+001
      vertex  4.645656e+001  4.568225e+001  5.000000e+000
    endloop
  endfacet
  facet normal  5.877854e-001  8.090169e-001  -0.000000e+000
    outer loop
      vertex  4.645656e+001  4.568225e+001  5.000000e+000
      vertex  4.470656e+001  4.695370e+001  1.100000e+001
      vertex  4.645656e+001  4.568225e+001  1.100000e+001
    endloop
  endfacet
  facet normal  9.510562e-001  3.090177e-001  0.000000e+000
    outer loop
      vertex  4.645656e+001  4.568225e+001  5.000000e+000
      vertex  4.645656e+001  4.568225e+001  1.100000e+001
      vertex  4.712500e+001  4.362500e+001  5.000000e+000
    endloop
  endfacet
  facet normal  9.510562e-001  3.090177e-001  -0.000000e+000
    outer loop
      vertex  4.712500e+001  4.362500e+001  5.000000e+000
      vertex  4.645656e+001  4.568225e+001  1.100000e+001
      vertex  4.712500e+001  4.362500e+001  1.100000e+001
    endloop
  endfacet
  facet normal -9.510562e-001  3.090177e-001  0.000000e+000
    outer loop
      vertex -4.712500e+001  4.362500e+001  5.000000e+000
      vertex -4.712500e+001  4.362500e+001  1.100000e+001
      vertex -4.645656e+001  4.568225e+001  5.000000e+000
    endloop
  endfacet
  facet normal -9.510562e-001  3.090177e-001  0.000000e+000
    outer loop
      vertex -4.645656e+001  4.568225e+001  5.000000e+000
      vertex -4.712500e+001  4.362500e+001  1.100000e+001
      vertex -4.645656e+001  4.568225e+001  1.100000e+001
    endloop
  endfacet
  facet normal -5.877854e-001  8.090169e-001  0.000000e+000
    outer loop
      vertex -4.645656e+001  4.568225e+001  5.000000e+000
      vertex -4.645656e+001  4.568225e+001  1.100000e+001
      vertex -4.470656e+001  4.695370e+001  5.000000e+000
    endloop
  endfacet
  facet normal -5.877854e-001  8.090169e-001  0.000000e+000
    outer loop
      vertex -4.470656e+001  4.695370e+001  5.000000e+000
      vertex -4.645656e+001  4.568225e+001  1.100000e+001
      vertex -4.470656e+001  4.695370e+001  1.100000e+001
    endloop
  endfacet
  facet normal  0.000000e+000  1.000000e+000  0.000000e+000
    outer loop
      vertex -4.470656e+001  4.695370e+001  5.000000e+000
      vertex -4.470656e+001  4.695370e+001  1.100000e+001
      vertex -4.254344e+001  4.695370e+001  5.000000e+000
    endloop
  endfacet
  facet normal  0.000000e+000  1.000000e+000  -0.000000e+000
    outer loop
      vertex -4.254344e+001  4.695370e+001  5.000000e+000
      vertex -4.470656e+001  4.695370e+001  1.100000e+001
      vertex -4.254344e+001  4.695370e+001  1.100000e+001
    endloop
  endfacet
  facet normal  5.877854e-001  8.090169e-001  0.000000e+000
    outer loop
      vertex -4.254344e+001  4.695370e+001  5.000000e+000
      vertex -4.254344e+001  4.695370e+001  1.100000e+001
      vertex -4.079344e+001  4.568225e+001  5.000000e+000
    endloop
  endfacet
  facet normal  5.877854e-001  8.090169e-001  -0.000000e+000
    outer loop
      vertex -4.079344e+001  4.568225e+001  5.000000e+000
      vertex -4.254344e+001  4.695370e+001  1.100000e+001
      vertex -4.079344e+001  4.568225e+001  1.100000e+001
    endloop
  endfacet
  facet normal  9.510562e-001  3.090177e-001  0.000000e+000
    outer loop
      vertex -4.079344e+001  4.568225e+001  5.000000e+000
      vertex -4.079344e+001  4.568225e+001  1.100000e+001
      vertex -4.012500e+001  4.362500e+001  5.000000e+000
    endloop
  endfacet
  facet normal  9.510562e-001  3.090177e-001  -0.000000e+000
    outer loop
      vertex -4.012500e+001  4.362500e+001  5.000000e+000
      vertex -4.079344e+001  4.568225e+001  1.100000e+001
      vertex -4.012500e+001  4.362500e+001  1.100000e+001
    endloop
  endfacet
  facet normal  9.510562e-001 -3.090177e-001  0.000000e+000
    outer loop
      vertex -4.012500e+001  4.362500e+001  5.000000e+000
      vertex -4.012500e+001  4.362500e+001  1.100000e+001
      vertex -4.079344e+001  4.156775e+001  5.000000e+000
    endloop
  endfacet
  facet normal  9.510562e-001 -3.090177e-001  0.000000e+000
    outer loop
      vertex -4.079344e+001  4.156775e+001  5.000000e+000
      vertex -4.012500e+001  4.362500e+001  1.100000e+001
      vertex -4.079344e+001  4.156775e+001  1.100000e+001
    endloop
  endfacet
  facet normal  5.877854e-001 -8.090169e-001  0.000000e+000
    outer loop
      vertex -4.079344e+001  4.156775e+001  5.000000e+000
      vertex -4.079344e+001  4.156775e+001  1.100000e+001
      vertex -4.254344e+001  4.029630e+001  5.000000e+000
    endloop
  endfacet
  facet normal  5.877854e-001 -8.090169e-001  0.000000e+000
    outer loop
      vertex -4.254344e+001  4.029630e+001  5.000000e+000
      vertex -4.079344e+001  4.156775e+001  1.100000e+001
      vertex -4.254344e+001  4.029630e+001  1.100000e+001
    endloop
  endfacet
  facet normal  0.000000e+000 -1.000000e+000  -0.000000e+000
    outer loop
      vertex -4.254344e+001  4.029630e+001  5.000000e+000
      vertex -4.254344e+001  4.029630e+001  1.100000e+001
      vertex -4.470656e+001  4.029630e+001  5.000000e+000
    endloop
  endfacet
  facet normal  0.000000e+000 -1.000000e+000  0.000000e+000
    outer loop
      vertex -4.470656e+001  4.029630e+001  5.000000e+000
      vertex -4.254344e+001  4.029630e+001  1.100000e+001
      vertex -4.470656e+001  4.029630e+001  1.100000e+001
    endloop
  endfacet
  facet normal -5.877854e-001 -8.090169e-001  -0.000000e+000
    outer loop
      vertex -4.470656e+001  4.029630e+001  5.000000e+000
      vertex -4.470656e+001  4.029630e+001  1.100000e+001
      vertex -4.645656e+001  4.156775e+001  5.000000e+000
    endloop
  endfacet
  facet normal -5.877854e-001 -8.090169e-001  0.000000e+000
    outer loop
      vertex -4.645656e+001  4.156775e+001  5.000000e+000
      vertex -4.470656e+001  4.029630e+001  1.100000e+001
      vertex -4.645656e+001  4.156775e+001  1.100000e+001
    endloop
  endfacet
  facet normal -9.510562e-001 -3.090177e-001  -0.000000e+000
    outer loop
      vertex -4.645656e+001  4.156775e+001  5.000000e+000
      vertex -4.645656e+001  4.156775e+001  1.100000e+001
      vertex -4.712500e+001  4.362500e+001  5.000000e+000
    endloop
  endfacet
  facet normal -9.510562e-001 -3.090177e-001  0.000000e+000
    outer loop
      vertex -4.712500e+001  4.362500e+001  5.000000e+000
      vertex -4.645656e+001  4.156775e+001  1.100000e+001
      vertex -4.712500e+001  4.362500e+001  1.100000e+001
    endloop
  endfacet
  facet normal -9.510562e-001  3.090177e-001  0.000000e+000
    outer loop
      vertex -4.712500e+001 -4.362500e+001  5.000000e+000
      vertex -4.712500e+001 -4.362500e+001  1.100000e+001
      vertex -4.645656e+001 -4.156775e+001  5.000000e+000
    endloop
  endfacet
  facet normal -9.510562e-001  3.090177e-001  0.000000e+000
    outer loop
      vertex -4.645656e+001 -4.156775e+001  5.000000e+000
      vertex -4.712500e+001 -4.362500e+001  1.100000e+001
      vertex -4.645656e+001 -4.156775e+001  1.100000e+001
    endloop
  endfacet
  facet normal -5.877854e-001  8.090169e-001  0.000000e+000
    outer loop
      vertex -4.645656e+001 -4.156775e+001  5.000000e+000
      vertex -4.645656e+001 -4.156775e+001  1.100000e+001
      vertex -4.470656e+001 -4.029630e+001  5.000000e+000
    endloop
  endfacet
  facet normal -5.877854e-001  8.090169e-001  0.000000e+000
    outer loop
      vertex -4.470656e+001 -4.029630e+001  5.000000e+000
      vertex -4.645656e+001 -4.156775e+001  1.100000e+001
      vertex -4.470656e+001 -4.029630e+001  1.100000e+001
    endloop
  endfacet
  facet normal  0.000000e+000  1.000000e+000  0.000000e+000
    outer loop
      vertex -4.470656e+001 -4.029630e+001  5.000000e+000
      vertex -4.470656e+001 -4.029630e+001  1.100000e+001
      vertex -4.254344e+001 -4.029630e+001  5.000000e+000
    endloop
  endfacet
  facet normal  0.000000e+000  1.000000e+000  -0.000000e+000
    outer loop
      vertex -4.254344e+001 -4.029630e+001  5.000000e+000
      vertex -4.470656e+001 -4.029630e+001  1.100000e+001
      vertex -4.254344e+001 -4.029630e+001  1.100000e+001
    endloop
  endfacet
  facet normal  5.877854e-001  8.090169e-001  0.000000e+000
    outer loop
      vertex -4.254344e+001 -4.029630e+001  5.000000e+000
      vertex -4.254344e+001 -4.029630e+001  1.100000e+001
      vertex -4.079344e+001 -4.156775e+001  5.000000e+000
    endloop
  endfacet
  facet normal  5.877854e-001  8.090169e-001  -0.000000e+000
    outer loop
      vertex -4.079344e+001 -4.156775e+001  5.000000e+000
      vertex -4.254344e+001 -4.029630e+001  1.100000e+001
      vertex -4.079344e+001 -4.156775e+001  1.100000e+001
    endloop
  endfacet
  facet normal  9.510562e-001  3.090177e-001  0.000000e+000
    outer loop
      vertex -4.079344e+001 -4.156775e+001  5.000000e+000
      vertex -4.079344e+001 -4.156775e+001  1.100000e+001
      vertex -4.012500e+001 -4.362500e+001  5.000000e+000
    endloop
  endfacet
  facet normal  9.510562e-001  3.090177e-001  -0.000000e+000
    outer loop
      vertex -4.012500e+001 -4.362500e+001  5.000000e+000
      vertex -4.079344e+001 -4.156775e+001  1.100000e+001
      vertex -4.012500e+001 -4.362500e+001  1.100000e+001
    endloop
  endfacet
  facet normal  9.510562e-001 -3.090177e-001  0.000000e+000
    outer loop
      vertex -4.012500e+001 -4.362500e+001  5.000000e+000
      vertex -4.012500e+001 -4.362500e+001  1.100000e+001
      vertex -4.079344e+001 -4.568225e+001  5.000000e+000
    endloop
  endfacet
  facet normal  9.510562e-001 -3.090177e-001  0.000000e+000
    outer loop
      vertex -4.079344e+001 -4.568225e+001  5.000000e+000
      vertex -4.012500e+001 -4.362500e+001  1.100000e+001
      vertex -4.079344e+001 -4.568225e+001  1.100000e+001
    endloop
  endfacet
  facet normal  5.877854e-001 -8.090169e-001  0.000000e+000
    outer loop
      vertex -4.079344e+001 -4.568225e+001  5.000000e+000
      vertex -4.079344e+001 -4.568225e+001  1.100000e+001
      vertex -4.254344e+001 -4.695370e+001  5.000000e+000
    endloop
  endfacet
  facet normal  5.877854e-001 -8.090169e-001  0.000000e+000
    outer loop
      vertex -4.254344e+001 -4.695370e+001  5.000000e+000
      vertex -4.079344e+001 -4.568225e+001  1.100000e+001
      vertex -4.254344e+001 -4.695370e+001  1.100000e+001
    endloop
  endfacet
  facet normal  0.000000e+000 -1.000000e+000  -0.000000e+000
    outer loop
      vertex -4.254344e+001 -4.695370e+001  5.000000e+000
      vertex -4.254344e+001 -4.695370e+001  1.100000e+001
      vertex -4.470656e+001 -4.695370e+001  5.000000e+000
    endloop
  endfacet
  facet normal  0.000000e+000 -1.000000e+000  0.000000e+000
    outer loop
      vertex -4.470656e+001 -4.695370e+001  5.000000e+000
      vertex -4.254344e+001 -4.695370e+001  1.100000e+001
      vertex -4.470656e+001 -4.695370e+001  1.100000e+001
    endloop
  endfacet
  facet normal -5.877854e-001 -8.090169e-001  -0.000000e+000
    outer loop
      vertex -4.470656e+001 -4.695370e+001  5.000000e+000
      vertex -4.470656e+001 -4.695370e+001  1.100000e+001
      vertex -4.645656e+001 -4.568225e+001  5.000000e+000
    endloop
  endfacet
  facet normal -5.877854e-001 -8.090169e-001  0.000000e+000
    outer loop
      vertex -4.645656e+001 -4.568225e+001  5.000000e+000
      vertex -4.470656e+001 -4.695370e+001  1.100000e+001
      vertex -4.645656e+001 -4.568225e+001  1.100000e+001
    endloop
  endfacet
  facet normal -9.510562e-001 -3.090177e-001  -0.000000e+000
    outer loop
      vertex -4.645656e+001 -4.568225e+001  5.000000e+000
      vertex -4.645656e+001 -4.568225e+001  1.100000e+001
      vertex -4.712500e+001 -4.362500e+001  5.000000e+000
    endloop
  endfacet
  facet normal -9.510562e-001 -3.090177e-001  0.000000e+000
    outer loop
      vertex -4.712500e+001 -4.362500e+001  5.000000e+000
      vertex -4.645656e+001 -4.568225e+001  1.100000e+001
      vertex -4.712500e+001 -4.362500e+001  1.100000e+001
    endloop
  endfacet
  facet normal  9.510562e-001 -3.090177e-001  0.000000e+000
    outer loop
      vertex  4.712500e+001 -4.362500e+001  5.000000e+000
      vertex  4.712500e+001 -4.362500e+001  1.100000e+001
      vertex  4.645656e+001 -4.568225e+001  5.000000e+000
    endloop
  endfacet
  facet normal  9.510562e-001 -3.090177e-001  0.000000e+000
    outer loop
      vertex  4.645656e+001 -4.568225e+001  5.000000e+000
      vertex  4.712500e+001 -4.362500e+001  1.100000e+001
      vertex  4.645656e+001 -4.568225e+001  1.100000e+001
    endloop
  endfacet
  facet normal  5.877854e-001 -8.090169e-001  0.000000e+000
    outer loop
      vertex  4.645656e+001 -4.568225e+001  5.000000e+000
      vertex  4.645656e+001 -4.568225e+001  1.100000e+001
      vertex  4.470656e+001 -4.695370e+001  5.000000e+000
    endloop
  endfacet
  facet normal  5.877854e-001 -8.090169e-001  0.000000e+000
    outer loop
      vertex  4.470656e+001 -4.695370e+001  5.000000e+000
      vertex  4.645656e+001 -4.568225e+001  1.100000e+001
      vertex  4.470656e+001 -4.695370e+001  1.100000e+001
    endloop
  endfacet
  facet normal  0.000000e+000 -1.000000e+000  -0.000000e+000
    outer loop
      vertex  4.470656e+001 -4.695370e+001  5.000000e+000
      vertex  4.470656e+001 -4.695370e+001  1.100000e+001
      vertex  4.254344e+001 -4.695370e+001  5.000000e+000
    endloop
  endfacet
  facet normal  0.000000e+000 -1.000000e+000  0.000000e+000
    outer loop
      vertex  4.254344e+001 -4.695370e+001  5.000000e+000
      vertex  4.470656e+001 -4.695370e+001  1.100000e+001
      vertex  4.254344e+001 -4.695370e+001  1.100000e+001
    endloop
  endfacet
  facet normal -5.877854e-001 -8.090169e-001  -0.000000e+000
    outer loop
      vertex  4.254344e+001 -4.695370e+001  5.000000e+000
      vertex  4.254344e+001 -4.695370e+001  1.100000e+001
      vertex  4.079344e+001 -4.568225e+001  5.000000e+000
    endloop
  endfacet
  facet normal -5.877854e-001 -8.090169e-001  0.000000e+000
    outer loop
      vertex  4.079344e+001 -4.568225e+001  5.000000e+000
      vertex  4.254344e+001 -4.695370e+001  1.100000e+001
      vertex  4.079344e+001 -4.568225e+001  1.100000e+001
    endloop
  endfacet
  facet normal -9.510562e-001 -3.090177e-001  -0.000000e+000
    outer loop
      vertex  4.079344e+001 -4.568225e+001  5.000000e+000
      vertex  4.079344e+001 -4.568225e+001  1.100000e+001
      vertex  4.012500e+001 -4.362500e+001  5.000000e+000
    endloop
  endfacet
  facet normal -9.510562e-001 -3.090177e-001  0.000000e+000
    outer loop
      vertex  4.012500e+001 -4.362500e+001  5.000000e+000
      vertex  4.079344e+001 -4.568225e+001  1.100000e+001
      vertex  4.012500e+001 -4.362500e+001  1.100000e+001
    endloop
  endfacet
  facet normal -9.510562e-001  3.090177e-001  0.000000e+000
    outer loop
      vertex  4.012500e+001 -4.362500e+001  5.000000e+000
      vertex  4.012500e+001 -4.362500e+001  1.100000e+001
      vertex  4.079344e+001 -4.156775e+001  5.000000e+000
    endloop
  endfacet
  facet normal -9.510562e-001  3.090177e-001  0.000000e+000
    outer loop
      vertex  4.079344e+001 -4.156775e+001  5.000000e+000
      vertex  4.012500e+001 -4.362500e+001  1.100000e+001
      vertex  4.079344e+001 -4.156775e+001  1.100000e+001
    endloop
  endfacet
  facet normal -5.877854e-001  8.090169e-001  0.000000e+000
    outer loop
      vertex  4.079344e+001 -4.156775e+001  5.000000e+000
      vertex  4.079344e+001 -4.156775e+001  1.100000e+001
      vertex  4.254344e+001 -4.029630e+001  5.000000e+000
    endloop
  endfacet
  facet normal -5.877854e-001  8.090169e-001  0.000000e+000
    outer loop
      vertex  4.254344e+001 -4.029630e+001  5.000000e+000
      vertex  4.079344e+001 -4.156775e+001  1.100000e+001
      vertex  4.254344e+001 -4.029630e+001  1.100000e+001
    endloop
  endfacet
  facet normal  0.000000e+000  1.000000e+000  0.000000e+000
    outer loop
      vertex  4.254344e+001 -4.029630e+001  5.000000e+000
      vertex  4.254344e+001 -4.029630e+001  1.100000e+001
      vertex  4.470656e+001 -4.029630e+001  5.000000e+000
    endloop
  endfacet
  facet normal  0.000000e+000  1.000000e+000  -0.000000e+000
    outer loop
      vertex  4.470656e+001 -4.029630e+001  5.000000e+000
      vertex  4.254344e+001 -4.029630e+001  1.100000e+001
      vertex  4.470656e+001 -4.029630e+001  1.100000e+001
    endloop
  endfacet
  facet normal  5.877854e-001  8.090169e-001  0.000000e+000
    outer loop
      vertex  4.470656e+001 -4.029630e+001  5.000000e+000
      vertex  4.470656e+001 -4.029630e+001  1.100000e+001
      vertex  4.645656e+001 -4.156775e+001  5.000000e+000
    endloop
  endfacet
  facet normal  5.877854e-001  8.090169e-001  -0.000000e+000
    outer loop
      vertex  4.645656e+001 -4.156775e+001  5.000000e+000
      vertex  4.470656e+001 -4.029630e+001  1.100000e+001
      vertex  4.645656e+001 -4.156775e+001  1.100000e+001
    endloop
  endfacet
  facet normal  9.510562e-001  3.090177e-001  0.000000e+000
    outer loop
      vertex  4.645656e+001 -4.156775e+001  5.000000e+000
      vertex  4.645656e+001 -4.156775e+001  1.100000e+001
      vertex  4.712500e+001 -4.362500e+001  5.000000e+000
    endloop
  endfacet
  facet normal  9.510562e-001  3.090177e-001  -0.000000e+000
    outer loop
      vertex  4.712500e+001 -4.362500e+001  5.000000e+000
      vertex  4.645656e+001 -4.156775e+001  1.100000e+001
      vertex  4.712500e+001 -4.362500e+001  1.100000e+001
    endloop
  endfacet
  facet normal  4.101973e-001 -9.119968e-001  0.000000e+000
    outer loop
      vertex -6.432401e+001 -5.793499e+001  5.000000e+000
      vertex -6.432401e+001 -5.793499e+001  0.000000e+000
      vertex -5.165758e+001 -5.223788e+001  5.000000e+000
    endloop
  endfacet
  facet normal  4.101973e-001 -9.119968e-001  0.000000e+000
    outer loop
      vertex -5.165758e+001 -5.223788e+001  5.000000e+000
      vertex -6.432401e+001 -5.793499e+001  0.000000e+000
      vertex -5.165758e+001 -5.223788e+001  0.000000e+000
    endloop
  endfacet
  facet normal -3.775170e-001  9.260026e-001  0.000000e+000
    outer loop
      vertex -6.826259e+001 -4.874499e+001  5.000000e+000
      vertex -5.540322e+001 -4.350242e+001  5.000000e+000
      vertex -6.826259e+001 -4.874499e+001  0.000000e+000
    endloop
  endfacet
  facet normal -3.775170e-001  9.260026e-001  0.000000e+000
    outer loop
      vertex -6.826259e+001 -4.874499e+001  0.000000e+000
      vertex -5.540322e+001 -4.350242e+001  5.000000e+000
      vertex -5.540322e+001 -4.350242e+001  0.000000e+000
    endloop
  endfacet
  facet normal -4.597990e-001 -8.880231e-001  0.000000e+000
    outer loop
      vertex -6.867400e+001  4.718488e+001  5.000000e+000
      vertex -6.867400e+001  4.718488e+001  0.000000e+000
      vertex -5.847798e+001  4.190561e+001  5.000000e+000
    endloop
  endfacet
  facet normal -4.597990e-001 -8.880231e-001  -0.000000e+000
    outer loop
      vertex -5.847798e+001  4.190561e+001  5.000000e+000
      vertex -6.867400e+001  4.718488e+001  0.000000e+000
      vertex -5.847798e+001  4.190561e+001  0.000000e+000
    endloop
  endfacet
  facet normal  1.972149e-001  9.803603e-001  0.000000e+000
    outer loop
      vertex -6.538892e+001  5.652680e+001  5.000000e+000
      vertex -3.685979e+001  5.078772e+001  5.000000e+000
      vertex -6.538892e+001  5.652680e+001  0.000000e+000
    endloop
  endfacet
  facet normal  1.972149e-001  9.803603e-001  0.000000e+000
    outer loop
      vertex -6.538892e+001  5.652680e+001  0.000000e+000
      vertex -3.685979e+001  5.078772e+001  5.000000e+000
      vertex -3.685979e+001  5.078772e+001  0.000000e+000
    endloop
  endfacet
  facet normal -4.013057e-001  9.159442e-001  0.000000e+000
    outer loop
      vertex  5.161847e+001  5.620472e+001  5.000000e+000
      vertex  5.161847e+001  5.620472e+001  0.000000e+000
      vertex  4.697045e+001  5.416827e+001  5.000000e+000
    endloop
  endfacet
  facet normal -4.013057e-001  9.159442e-001  0.000000e+000
    outer loop
      vertex  4.697045e+001  5.416827e+001  5.000000e+000
      vertex  5.161847e+001  5.620472e+001  0.000000e+000
      vertex  4.697045e+001  5.416827e+001  0.000000e+000
    endloop
  endfacet
  facet normal  8.055128e-001 -5.925784e-001  0.000000e+000
    outer loop
      vertex  5.765257e+001  4.866211e+001  5.000000e+000
      vertex  5.430734e+001  4.411483e+001  5.000000e+000
      vertex  5.765257e+001  4.866211e+001  0.000000e+000
    endloop
  endfacet
  facet normal  8.055128e-001 -5.925784e-001  0.000000e+000
    outer loop
      vertex  5.765257e+001  4.866211e+001  0.000000e+000
      vertex  5.430734e+001  4.411483e+001  5.000000e+000
      vertex  5.430734e+001  4.411483e+001  0.000000e+000
    endloop
  endfacet
  facet normal  9.008861e-001  4.340554e-001  -0.000000e+000
    outer loop
      vertex  5.812943e+001 -5.120472e+001  5.000000e+000
      vertex  5.812943e+001 -5.120472e+001  0.000000e+000
      vertex  5.588459e+001 -4.654554e+001  5.000000e+000
    endloop
  endfacet
  facet normal  9.008861e-001  4.340554e-001  0.000000e+000
    outer loop
      vertex  5.588459e+001 -4.654554e+001  5.000000e+000
      vertex  5.812943e+001 -5.120472e+001  0.000000e+000
      vertex  5.588459e+001 -4.654554e+001  0.000000e+000
    endloop
  endfacet
  facet normal -4.111131e-001 -9.115844e-001  0.000000e+000
    outer loop
      vertex  4.617224e+001 -5.549886e+001  5.000000e+000
      vertex  4.617224e+001 -5.549886e+001  0.000000e+000
      vertex  5.156944e+001 -5.793292e+001  5.000000e+000
    endloop
  endfacet
  facet normal -4.111131e-001 -9.115844e-001  -0.000000e+000
    outer loop
      vertex  5.156944e+001 -5.793292e+001  5.000000e+000
      vertex  4.617224e+001 -5.549886e+001  0.000000e+000
      vertex  5.156944e+001 -5.793292e+001  0.000000e+000
    endloop
  endfacet
  facet normal  8.910065e-001 -4.539906e-001  0.000000e+000
    outer loop
      vertex -3.633320e+001  3.367842e+001  0.000000e+000
      vertex -3.803768e+001  3.033320e+001  5.000000e+000
      vertex -3.803768e+001  3.033320e+001  0.000000e+000
    endloop
  endfacet
  facet normal  9.876883e-001 -1.564346e-001  0.000000e+000
    outer loop
      vertex -3.803768e+001  3.033320e+001  0.000000e+000
      vertex -3.803768e+001  3.033320e+001  5.000000e+000
      vertex -3.862500e+001  2.662500e+001  5.000000e+000
    endloop
  endfacet
  facet normal  9.876883e-001 -1.564346e-001  0.000000e+000
    outer loop
      vertex -3.803768e+001  3.033320e+001  0.000000e+000
      vertex -3.862500e+001  2.662500e+001  5.000000e+000
      vertex -3.862500e+001  2.662500e+001  0.000000e+000
    endloop
  endfacet
  facet normal  8.910065e-001 -4.539906e-001  0.000000e+000
    outer loop
      vertex -3.803768e+001  3.033320e+001  5.000000e+000
      vertex -3.633320e+001  3.367842e+001  0.000000e+000
      vertex -3.633320e+001  3.367842e+001  5.000000e+000
    endloop
  endfacet
  facet normal  7.071068e-001 -7.071068e-001  0.000000e+000
    outer loop
      vertex -3.633320e+001  3.367842e+001  5.000000e+000
      vertex -3.633320e+001  3.367842e+001  0.000000e+000
      vertex -3.367842e+001  3.633320e+001  0.000000e+000
    endloop
  endfacet
  facet normal  7.071068e-001 -7.071068e-001  0.000000e+000
    outer loop
      vertex -3.633320e+001  3.367842e+001  5.000000e+000
      vertex -3.367842e+001  3.633320e+001  0.000000e+000
      vertex -3.367842e+001  3.633320e+001  5.000000e+000
    endloop
  endfacet
  facet normal  4.539906e-001 -8.910065e-001  0.000000e+000
    outer loop
      vertex -3.367842e+001  3.633320e+001  5.000000e+000
      vertex -3.367842e+001  3.633320e+001  0.000000e+000
      vertex -3.033320e+001  3.803768e+001  0.000000e+000
    endloop
  endfacet
  facet normal  4.539906e-001 -8.910065e-001  0.000000e+000
    outer loop
      vertex -3.367842e+001  3.633320e+001  5.000000e+000
      vertex -3.033320e+001  3.803768e+001  0.000000e+000
      vertex -3.033320e+001  3.803768e+001  5.000000e+000
    endloop
  endfacet
  facet normal  1.564346e-001 -9.876883e-001  0.000000e+000
    outer loop
      vertex -3.033320e+001  3.803768e+001  5.000000e+000
      vertex -3.033320e+001  3.803768e+001  0.000000e+000
      vertex -2.662500e+001  3.862500e+001  0.000000e+000
    endloop
  endfacet
  facet normal  1.564346e-001 -9.876883e-001  0.000000e+000
    outer loop
      vertex -3.033320e+001  3.803768e+001  5.000000e+000
      vertex -2.662500e+001  3.862500e+001  0.000000e+000
      vertex -2.662500e+001  3.862500e+001  5.000000e+000
    endloop
  endfacet
  facet normal  1.000000e+000  -0.000000e+000  0.000000e+000
    outer loop
      vertex -3.862500e+001  2.662500e+001  5.000000e+000
      vertex -3.862500e+001 -2.662500e+001  5.000000e+000
      vertex -3.862500e+001  2.662500e+001  0.000000e+000
    endloop
  endfacet
  facet normal  1.000000e+000  0.000000e+000  0.000000e+000
    outer loop
      vertex -3.862500e+001  2.662500e+001  0.000000e+000
      vertex -3.862500e+001 -2.662500e+001  5.000000e+000
      vertex -3.862500e+001 -2.662500e+001  0.000000e+000
    endloop
  endfacet
  facet normal  4.539906e-001  8.910065e-001  0.000000e+000
    outer loop
      vertex -3.367842e+001 -3.633320e+001  0.000000e+000
      vertex -3.033320e+001 -3.803768e+001  5.000000e+000
      vertex -3.033320e+001 -3.803768e+001  0.000000e+000
    endloop
  endfacet
  facet normal  1.564346e-001  9.876883e-001  -0.000000e+000
    outer loop
      vertex -3.033320e+001 -3.803768e+001  0.000000e+000
      vertex -3.033320e+001 -3.803768e+001  5.000000e+000
      vertex -2.662500e+001 -3.862500e+001  5.000000e+000
    endloop
  endfacet
  facet normal  1.564346e-001  9.876883e-001  0.000000e+000
    outer loop
      vertex -3.033320e+001 -3.803768e+001  0.000000e+000
      vertex -2.662500e+001 -3.862500e+001  5.000000e+000
      vertex -2.662500e+001 -3.862500e+001  0.000000e+000
    endloop
  endfacet
  facet normal  4.539906e-001  8.910065e-001  -0.000000e+000
    outer loop
      vertex -3.033320e+001 -3.803768e+001  5.000000e+000
      vertex -3.367842e+001 -3.633320e+001  0.000000e+000
      vertex -3.367842e+001 -3.633320e+001  5.000000e+000
    endloop
  endfacet
  facet normal  7.071068e-001  7.071068e-001  0.000000e+000
    outer loop
      vertex -3.367842e+001 -3.633320e+001  5.000000e+000
      vertex -3.367842e+001 -3.633320e+001  0.000000e+000
      vertex -3.633320e+001 -3.367842e+001  0.000000e+000
    endloop
  endfacet
  facet normal  7.071068e-001  7.071068e-001  -0.000000e+000
    outer loop
      vertex -3.367842e+001 -3.633320e+001  5.000000e+000
      vertex -3.633320e+001 -3.367842e+001  0.000000e+000
      vertex -3.633320e+001 -3.367842e+001  5.000000e+000
    endloop
  endfacet
  facet normal  8.910065e-001  4.539906e-001  0.000000e+000
    outer loop
      vertex -3.633320e+001 -3.367842e+001  5.000000e+000
      vertex -3.633320e+001 -3.367842e+001  0.000000e+000
      vertex -3.803768e+001 -3.033320e+001  0.000000e+000
    endloop
  endfacet
  facet normal  8.910065e-001  4.539906e-001  -0.000000e+000
    outer loop
      vertex -3.633320e+001 -3.367842e+001  5.000000e+000
      vertex -3.803768e+001 -3.033320e+001  0.000000e+000
      vertex -3.803768e+001 -3.033320e+001  5.000000e+000
    endloop
  endfacet
  facet normal  9.876883e-001  1.564346e-001  0.000000e+000
    outer loop
      vertex -3.803768e+001 -3.033320e+001  5.000000e+000
      vertex -3.803768e+001 -3.033320e+001  0.000000e+000
      vertex -3.862500e+001 -2.662500e+001  0.000000e+000
    endloop
  endfacet
  facet normal  9.876883e-001  1.564346e-001  -0.000000e+000
    outer loop
      vertex -3.803768e+001 -3.033320e+001  5.000000e+000
      vertex -3.862500e+001 -2.662500e+001  0.000000e+000
      vertex -3.862500e+001 -2.662500e+001  5.000000e+000
    endloop
  endfacet
  facet normal  0.000000e+000  1.000000e+000  -0.000000e+000
    outer loop
      vertex  2.662500e+001 -3.862500e+001  5.000000e+000
      vertex  2.662500e+001 -3.862500e+001  0.000000e+000
      vertex -2.662500e+001 -3.862500e+001  5.000000e+000
    endloop
  endfacet
  facet normal  0.000000e+000  1.000000e+000  0.000000e+000
    outer loop
      vertex -2.662500e+001 -3.862500e+001  5.000000e+000
      vertex  2.662500e+001 -3.862500e+001  0.000000e+000
      vertex -2.662500e+001 -3.862500e+001  0.000000e+000
    endloop
  endfacet
  facet normal -8.910065e-001  4.539906e-001  0.000000e+000
    outer loop
      vertex  3.633320e+001 -3.367842e+001  0.000000e+000
      vertex  3.803768e+001 -3.033320e+001  5.000000e+000
      vertex  3.803768e+001 -3.033320e+001  0.000000e+000
    endloop
  endfacet
  facet normal -9.876883e-001  1.564346e-001  0.000000e+000
    outer loop
      vertex  3.803768e+001 -3.033320e+001  0.000000e+000
      vertex  3.803768e+001 -3.033320e+001  5.000000e+000
      vertex  3.862500e+001 -2.662500e+001  5.000000e+000
    endloop
  endfacet
  facet normal -9.876883e-001  1.564346e-001  0.000000e+000
    outer loop
      vertex  3.803768e+001 -3.033320e+001  0.000000e+000
      vertex  3.862500e+001 -2.662500e+001  5.000000e+000
      vertex  3.862500e+001 -2.662500e+001  0.000000e+000
    endloop
  endfacet
  facet normal -8.910065e-001  4.539906e-001  0.000000e+000
    outer loop
      vertex  3.803768e+001 -3.033320e+001  5.000000e+000
      vertex  3.633320e+001 -3.367842e+001  0.000000e+000
      vertex  3.633320e+001 -3.367842e+001  5.000000e+000
    endloop
  endfacet
  facet normal -7.071068e-001  7.071068e-001  0.000000e+000
    outer loop
      vertex  3.633320e+001 -3.367842e+001  5.000000e+000
      vertex  3.633320e+001 -3.367842e+001  0.000000e+000
      vertex  3.367842e+001 -3.633320e+001  0.000000e+000
    endloop
  endfacet
  facet normal -7.071068e-001  7.071068e-001  0.000000e+000
    outer loop
      vertex  3.633320e+001 -3.367842e+001  5.000000e+000
      vertex  3.367842e+001 -3.633320e+001  0.000000e+000
      vertex  3.367842e+001 -3.633320e+001  5.000000e+000
    endloop
  endfacet
  facet normal -4.539906e-001  8.910065e-001  0.000000e+000
    outer loop
      vertex  3.367842e+001 -3.633320e+001  5.000000e+000
      vertex  3.367842e+001 -3.633320e+001  0.000000e+000
      vertex  3.033320e+001 -3.803768e+001  0.000000e+000
    endloop
  endfacet
  facet normal -4.539906e-001  8.910065e-001  0.000000e+000
    outer loop
      vertex  3.367842e+001 -3.633320e+001  5.000000e+000
      vertex  3.033320e+001 -3.803768e+001  0.000000e+000
      vertex  3.033320e+001 -3.803768e+001  5.000000e+000
    endloop
  endfacet
  facet normal -1.564346e-001  9.876883e-001  0.000000e+000
    outer loop
      vertex  3.033320e+001 -3.803768e+001  5.000000e+000
      vertex  3.033320e+001 -3.803768e+001  0.000000e+000
      vertex  2.662500e+001 -3.862500e+001  0.000000e+000
    endloop
  endfacet
  facet normal -1.564346e-001  9.876883e-001  0.000000e+000
    outer loop
      vertex  3.033320e+001 -3.803768e+001  5.000000e+000
      vertex  2.662500e+001 -3.862500e+001  0.000000e+000
      vertex  2.662500e+001 -3.862500e+001  5.000000e+000
    endloop
  endfacet
  facet normal -1.000000e+000  -0.000000e+000  0.000000e+000
    outer loop
      vertex  3.862500e+001 -2.662500e+001  5.000000e+000
      vertex  3.862500e+001  2.662500e+001  5.000000e+000
      vertex  3.862500e+001 -2.662500e+001  0.000000e+000
    endloop
  endfacet
  facet normal -1.000000e+000  0.000000e+000  0.000000e+000
    outer loop
      vertex  3.862500e+001 -2.662500e+001  0.000000e+000
      vertex  3.862500e+001  2.662500e+001  5.000000e+000
      vertex  3.862500e+001  2.662500e+001  0.000000e+000
    endloop
  endfacet
  facet normal -4.539906e-001 -8.910065e-001  -0.000000e+000
    outer loop
      vertex  3.367842e+001  3.633320e+001  0.000000e+000
      vertex  3.033320e+001  3.803768e+001  5.000000e+000
      vertex  3.033320e+001  3.803768e+001  0.000000e+000
    endloop
  endfacet
  facet normal -1.564346e-001 -9.876883e-001  0.000000e+000
    outer loop
      vertex  3.033320e+001  3.803768e+001  0.000000e+000
      vertex  3.033320e+001  3.803768e+001  5.000000e+000
      vertex  2.662500e+001  3.862500e+001  5.000000e+000
    endloop
  endfacet
  facet normal -1.564346e-001 -9.876883e-001  -0.000000e+000
    outer loop
      vertex  3.033320e+001  3.803768e+001  0.000000e+000
      vertex  2.662500e+001  3.862500e+001  5.000000e+000
      vertex  2.662500e+001  3.862500e+001  0.000000e+000
    endloop
  endfacet
  facet normal -4.539906e-001 -8.910065e-001  0.000000e+000
    outer loop
      vertex  3.033320e+001  3.803768e+001  5.000000e+000
      vertex  3.367842e+001  3.633320e+001  0.000000e+000
      vertex  3.367842e+001  3.633320e+001  5.000000e+000
    endloop
  endfacet
  facet normal -7.071068e-001 -7.071068e-001  -0.000000e+000
    outer loop
      vertex  3.367842e+001  3.633320e+001  5.000000e+000
      vertex  3.367842e+001  3.633320e+001  0.000000e+000
      vertex  3.633320e+001  3.367842e+001  0.000000e+000
    endloop
  endfacet
  facet normal -7.071068e-001 -7.071068e-001  0.000000e+000
    outer loop
      vertex  3.367842e+001  3.633320e+001  5.000000e+000
      vertex  3.633320e+001  3.367842e+001  0.000000e+000
      vertex  3.633320e+001  3.367842e+001  5.000000e+000
    endloop
  endfacet
  facet normal -8.910065e-001 -4.539906e-001  -0.000000e+000
    outer loop
      vertex  3.633320e+001  3.367842e+001  5.000000e+000
      vertex  3.633320e+001  3.367842e+001  0.000000e+000
      vertex  3.803768e+001  3.033320e+001  0.000000e+000
    endloop
  endfacet
  facet normal -8.910065e-001 -4.539906e-001  0.000000e+000
    outer loop
      vertex  3.633320e+001  3.367842e+001  5.000000e+000
      vertex  3.803768e+001  3.033320e+001  0.000000e+000
      vertex  3.803768e+001  3.033320e+001  5.000000e+000
    endloop
  endfacet
  facet normal -9.876883e-001 -1.564346e-001  -0.000000e+000
    outer loop
      vertex  3.803768e+001  3.033320e+001  5.000000e+000
      vertex  3.803768e+001  3.033320e+001  0.000000e+000
      vertex  3.862500e+001  2.662500e+001  0.000000e+000
    endloop
  endfacet
  facet normal -9.876883e-001 -1.564346e-001  0.000000e+000
    outer loop
      vertex  3.803768e+001  3.033320e+001  5.000000e+000
      vertex  3.862500e+001  2.662500e+001  0.000000e+000
      vertex  3.862500e+001  2.662500e+001  5.000000e+000
    endloop
  endfacet
  facet normal  0.000000e+000 -1.000000e+000  0.000000e+000
    outer loop
      vertex -2.662500e+001  3.862500e+001  5.000000e+000
      vertex -2.662500e+001  3.862500e+001  0.000000e+000
      vertex  2.662500e+001  3.862500e+001  5.000000e+000
    endloop
  endfacet
  facet normal  0.000000e+000 -1.000000e+000  -0.000000e+000
    outer loop
      vertex  2.662500e+001  3.862500e+001  5.000000e+000
      vertex -2.662500e+001  3.862500e+001  0.000000e+000
      vertex  2.662500e+001  3.862500e+001  0.000000e+000
    endloop
  endfacet
  facet normal  3.449872e-001 -9.386073e-001  0.000000e+000
    outer loop
      vertex -4.623306e+001 -5.024409e+001  0.000000e+000
      vertex -5.165758e+001 -5.223788e+001  5.000000e+000
      vertex -5.165758e+001 -5.223788e+001  0.000000e+000
    endloop
  endfacet
  facet normal  3.449872e-001 -9.386073e-001  0.000000e+000
    outer loop
      vertex -5.165758e+001 -5.223788e+001  5.000000e+000
      vertex -4.623306e+001 -5.024409e+001  0.000000e+000
      vertex -4.623306e+001 -5.024409e+001  5.000000e+000
    endloop
  endfacet
  facet normal  2.097654e-001 -9.777519e-001  0.000000e+000
    outer loop
      vertex -4.623306e+001 -5.024409e+001  5.000000e+000
      vertex -4.623306e+001 -5.024409e+001  0.000000e+000
      vertex -4.058231e+001 -4.903179e+001  0.000000e+000
    endloop
  endfacet
  facet normal  2.097654e-001 -9.777519e-001  0.000000e+000
    outer loop
      vertex -4.623306e+001 -5.024409e+001  5.000000e+000
      vertex -4.058231e+001 -4.903179e+001  0.000000e+000
      vertex -4.058231e+001 -4.903179e+001  5.000000e+000
    endloop
  endfacet
  facet normal  7.038674e-002 -9.975198e-001  0.000000e+000
    outer loop
      vertex -4.058231e+001 -4.903179e+001  5.000000e+000
      vertex -4.058231e+001 -4.903179e+001  0.000000e+000
      vertex -3.481732e+001 -4.862500e+001  0.000000e+000
    endloop
  endfacet
  facet normal  7.038674e-002 -9.975198e-001  0.000000e+000
    outer loop
      vertex -4.058231e+001 -4.903179e+001  5.000000e+000
      vertex -3.481732e+001 -4.862500e+001  0.000000e+000
      vertex -3.481732e+001 -4.862500e+001  5.000000e+000
    endloop
  endfacet
  facet normal -9.030918e-001  4.294475e-001  0.000000e+000
    outer loop
      vertex -5.047706e+001 -3.949405e+001  0.000000e+000
      vertex -4.909830e+001 -3.659464e+001  5.000000e+000
      vertex -4.909830e+001 -3.659464e+001  0.000000e+000
    endloop
  endfacet
  facet normal -9.890738e-001  1.474210e-001  0.000000e+000
    outer loop
      vertex -4.909830e+001 -3.659464e+001  0.000000e+000
      vertex -4.909830e+001 -3.659464e+001  5.000000e+000
      vertex -4.862500e+001 -3.341917e+001  5.000000e+000
    endloop
  endfacet
  facet normal -9.890738e-001  1.474210e-001  0.000000e+000
    outer loop
      vertex -4.909830e+001 -3.659464e+001  0.000000e+000
      vertex -4.862500e+001 -3.341917e+001  5.000000e+000
      vertex -4.862500e+001 -3.341917e+001  0.000000e+000
    endloop
  endfacet
  facet normal -9.030918e-001  4.294475e-001  0.000000e+000
    outer loop
      vertex -4.909830e+001 -3.659464e+001  5.000000e+000
      vertex -5.047706e+001 -3.949405e+001  0.000000e+000
      vertex -5.047706e+001 -3.949405e+001  5.000000e+000
    endloop
  endfacet
  facet normal -7.386019e-001  6.741419e-001  0.000000e+000
    outer loop
      vertex -5.047706e+001 -3.949405e+001  5.000000e+000
      vertex -5.047706e+001 -3.949405e+001  0.000000e+000
      vertex -5.264142e+001 -4.186536e+001  0.000000e+000
    endloop
  endfacet
  facet normal -7.386019e-001  6.741419e-001  0.000000e+000
    outer loop
      vertex -5.047706e+001 -3.949405e+001  5.000000e+000
      vertex -5.264142e+001 -4.186536e+001  0.000000e+000
      vertex -5.264142e+001 -4.186536e+001  5.000000e+000
    endloop
  endfacet
  facet normal -5.099043e-001  8.602310e-001  0.000000e+000
    outer loop
      vertex -5.264142e+001 -4.186536e+001  5.000000e+000
      vertex -5.264142e+001 -4.186536e+001  0.000000e+000
      vertex -5.540322e+001 -4.350242e+001  0.000000e+000
    endloop
  endfacet
  facet normal -5.099043e-001  8.602310e-001  0.000000e+000
    outer loop
      vertex -5.264142e+001 -4.186536e+001  5.000000e+000
      vertex -5.540322e+001 -4.350242e+001  0.000000e+000
      vertex -5.540322e+001 -4.350242e+001  5.000000e+000
    endloop
  endfacet
  facet normal -1.000000e+000  0.000000e+000  0.000000e+000
    outer loop
      vertex -4.862500e+001  2.570854e+001  5.000000e+000
      vertex -4.862500e+001  2.570854e+001  0.000000e+000
      vertex -4.862500e+001 -3.341917e+001  5.000000e+000
    endloop
  endfacet
  facet normal -1.000000e+000  0.000000e+000  0.000000e+000
    outer loop
      vertex -4.862500e+001 -3.341917e+001  5.000000e+000
      vertex -4.862500e+001  2.570854e+001  0.000000e+000
      vertex -4.862500e+001 -3.341917e+001  0.000000e+000
    endloop
  endfacet
  facet normal -7.755935e-001 -6.312327e-001  -0.000000e+000
    outer loop
      vertex -5.128173e+001  3.518781e+001  0.000000e+000
      vertex -5.441806e+001  3.904140e+001  5.000000e+000
      vertex -5.441806e+001  3.904140e+001  0.000000e+000
    endloop
  endfacet
  facet normal -5.764659e-001 -8.171211e-001  0.000000e+000
    outer loop
      vertex -5.441806e+001  3.904140e+001  0.000000e+000
      vertex -5.441806e+001  3.904140e+001  5.000000e+000
      vertex -5.847798e+001  4.190561e+001  5.000000e+000
    endloop
  endfacet
  facet normal -5.764659e-001 -8.171211e-001  -0.000000e+000
    outer loop
      vertex -5.441806e+001  3.904140e+001  0.000000e+000
      vertex -5.847798e+001  4.190561e+001  5.000000e+000
      vertex -5.847798e+001  4.190561e+001  0.000000e+000
    endloop
  endfacet
  facet normal -7.755935e-001 -6.312327e-001  0.000000e+000
    outer loop
      vertex -5.441806e+001  3.904140e+001  5.000000e+000
      vertex -5.128173e+001  3.518781e+001  0.000000e+000
      vertex -5.128173e+001  3.518781e+001  5.000000e+000
    endloop
  endfacet
  facet normal -9.171665e-001 -3.985044e-001  -0.000000e+000
    outer loop
      vertex -5.128173e+001  3.518781e+001  5.000000e+000
      vertex -5.128173e+001  3.518781e+001  0.000000e+000
      vertex -4.930174e+001  3.063081e+001  0.000000e+000
    endloop
  endfacet
  facet normal -9.171665e-001 -3.985044e-001  0.000000e+000
    outer loop
      vertex -5.128173e+001  3.518781e+001  5.000000e+000
      vertex -4.930174e+001  3.063081e+001  0.000000e+000
      vertex -4.930174e+001  3.063081e+001  5.000000e+000
    endloop
  endfacet
  facet normal -9.906808e-001 -1.362039e-001  -0.000000e+000
    outer loop
      vertex -4.930174e+001  3.063081e+001  5.000000e+000
      vertex -4.930174e+001  3.063081e+001  0.000000e+000
      vertex -4.862500e+001  2.570854e+001  0.000000e+000
    endloop
  endfacet
  facet normal -9.906808e-001 -1.362039e-001  0.000000e+000
    outer loop
      vertex -4.930174e+001  3.063081e+001  5.000000e+000
      vertex -4.862500e+001  2.570854e+001  0.000000e+000
      vertex -4.862500e+001  2.570854e+001  5.000000e+000
    endloop
  endfacet
  facet normal -7.610847e-002  9.970995e-001  0.000000e+000
    outer loop
      vertex -3.448637e+001  4.858588e+001  0.000000e+000
      vertex -3.280946e+001  4.871388e+001  5.000000e+000
      vertex -3.280946e+001  4.871388e+001  0.000000e+000
    endloop
  endfacet
  facet normal -5.855659e-001  8.106248e-001  0.000000e+000
    outer loop
      vertex -3.280946e+001  4.871388e+001  0.000000e+000
      vertex -3.280946e+001  4.871388e+001  5.000000e+000
      vertex -3.144616e+001  4.969868e+001  5.000000e+000
    endloop
  endfacet
  facet normal -5.855659e-001  8.106248e-001  0.000000e+000
    outer loop
      vertex -3.280946e+001  4.871388e+001  0.000000e+000
      vertex -3.144616e+001  4.969868e+001  5.000000e+000
      vertex -3.144616e+001  4.969868e+001  0.000000e+000
    endloop
  endfacet
  facet normal -7.610847e-002  9.970995e-001  0.000000e+000
    outer loop
      vertex -3.280946e+001  4.871388e+001  5.000000e+000
      vertex -3.448637e+001  4.858588e+001  0.000000e+000
      vertex -3.448637e+001  4.858588e+001  5.000000e+000
    endloop
  endfacet
  facet normal  4.557498e-001  8.901079e-001  0.000000e+000
    outer loop
      vertex -3.448637e+001  4.858588e+001  5.000000e+000
      vertex -3.448637e+001  4.858588e+001  0.000000e+000
      vertex -3.598334e+001  4.935236e+001  0.000000e+000
    endloop
  endfacet
  facet normal  4.557498e-001  8.901079e-001  -0.000000e+000
    outer loop
      vertex -3.448637e+001  4.858588e+001  5.000000e+000
      vertex -3.598334e+001  4.935236e+001  0.000000e+000
      vertex -3.598334e+001  4.935236e+001  5.000000e+000
    endloop
  endfacet
  facet normal  8.534713e-001  5.211399e-001  0.000000e+000
    outer loop
      vertex -3.598334e+001  4.935236e+001  5.000000e+000
      vertex -3.598334e+001  4.935236e+001  0.000000e+000
      vertex -3.685979e+001  5.078772e+001  0.000000e+000
    endloop
  endfacet
  facet normal  8.534713e-001  5.211399e-001  -0.000000e+000
    outer loop
      vertex -3.598334e+001  4.935236e+001  5.000000e+000
      vertex -3.685979e+001  5.078772e+001  0.000000e+000
      vertex -3.685979e+001  5.078772e+001  5.000000e+000
    endloop
  endfacet
  facet normal  1.972150e-001  9.803603e-001  0.000000e+000
    outer loop
      vertex -3.144616e+001  4.969868e+001  5.000000e+000
      vertex -2.113784e+001  4.762500e+001  5.000000e+000
      vertex -3.144616e+001  4.969868e+001  0.000000e+000
    endloop
  endfacet
  facet normal  1.972150e-001  9.803603e-001  0.000000e+000
    outer loop
      vertex -3.144616e+001  4.969868e+001  0.000000e+000
      vertex -2.113784e+001  4.762500e+001  5.000000e+000
      vertex -2.113784e+001  4.762500e+001  0.000000e+000
    endloop
  endfacet
  facet normal  0.000000e+000  1.000000e+000  0.000000e+000
    outer loop
      vertex -2.113784e+001  4.762500e+001  5.000000e+000
      vertex  1.573105e+001  4.762500e+001  5.000000e+000
      vertex -2.113784e+001  4.762500e+001  0.000000e+000
    endloop
  endfacet
  facet normal  0.000000e+000  1.000000e+000  0.000000e+000
    outer loop
      vertex -2.113784e+001  4.762500e+001  0.000000e+000
      vertex  1.573105e+001  4.762500e+001  5.000000e+000
      vertex  1.573105e+001  4.762500e+001  0.000000e+000
    endloop
  endfacet
  facet normal -3.373664e-001  9.413734e-001  0.000000e+000
    outer loop
      vertex  3.689153e+001  5.055622e+001  0.000000e+000
      vertex  4.697045e+001  5.416827e+001  5.000000e+000
      vertex  4.697045e+001  5.416827e+001  0.000000e+000
    endloop
  endfacet
  facet normal -3.373664e-001  9.413734e-001  0.000000e+000
    outer loop
      vertex  4.697045e+001  5.416827e+001  5.000000e+000
      vertex  3.689153e+001  5.055622e+001  0.000000e+000
      vertex  3.689153e+001  5.055622e+001  5.000000e+000
    endloop
  endfacet
  facet normal -2.050070e-001  9.787605e-001  0.000000e+000
    outer loop
      vertex  3.689153e+001  5.055622e+001  5.000000e+000
      vertex  3.689153e+001  5.055622e+001  0.000000e+000
      vertex  2.641232e+001  4.836129e+001  0.000000e+000
    endloop
  endfacet
  facet normal -2.050070e-001  9.787605e-001  0.000000e+000
    outer loop
      vertex  3.689153e+001  5.055622e+001  5.000000e+000
      vertex  2.641232e+001  4.836129e+001  0.000000e+000
      vertex  2.641232e+001  4.836129e+001  5.000000e+000
    endloop
  endfacet
  facet normal -6.876926e-002  9.976325e-001  0.000000e+000
    outer loop
      vertex  2.641232e+001  4.836129e+001  5.000000e+000
      vertex  2.641232e+001  4.836129e+001  0.000000e+000
      vertex  1.573105e+001  4.762500e+001  0.000000e+000
    endloop
  endfacet
  facet normal -6.876926e-002  9.976325e-001  0.000000e+000
    outer loop
      vertex  2.641232e+001  4.836129e+001  5.000000e+000
      vertex  1.573105e+001  4.762500e+001  0.000000e+000
      vertex  1.573105e+001  4.762500e+001  5.000000e+000
    endloop
  endfacet
  facet normal  9.944181e-001 -1.055123e-001  0.000000e+000
    outer loop
      vertex  4.927554e+001  3.293255e+001  0.000000e+000
      vertex  4.862500e+001  2.680144e+001  5.000000e+000
      vertex  4.862500e+001  2.680144e+001  0.000000e+000
    endloop
  endfacet
  facet normal  9.944181e-001 -1.055123e-001  0.000000e+000
    outer loop
      vertex  4.862500e+001  2.680144e+001  5.000000e+000
      vertex  4.927554e+001  3.293255e+001  0.000000e+000
      vertex  4.927554e+001  3.293255e+001  5.000000e+000
    endloop
  endfacet
  facet normal  9.501348e-001 -3.118395e-001  0.000000e+000
    outer loop
      vertex  4.927554e+001  3.293255e+001  5.000000e+000
      vertex  4.927554e+001  3.293255e+001  0.000000e+000
      vertex  5.119820e+001  3.879064e+001  0.000000e+000
    endloop
  endfacet
  facet normal  9.501348e-001 -3.118395e-001  0.000000e+000
    outer loop
      vertex  4.927554e+001  3.293255e+001  5.000000e+000
      vertex  5.119820e+001  3.879064e+001  0.000000e+000
      vertex  5.119820e+001  3.879064e+001  5.000000e+000
    endloop
  endfacet
  facet normal  8.635409e-001 -5.042788e-001  0.000000e+000
    outer loop
      vertex  5.119820e+001  3.879064e+001  5.000000e+000
      vertex  5.119820e+001  3.879064e+001  0.000000e+000
      vertex  5.430734e+001  4.411483e+001  0.000000e+000
    endloop
  endfacet
  facet normal  8.635409e-001 -5.042788e-001  0.000000e+000
    outer loop
      vertex  5.119820e+001  3.879064e+001  5.000000e+000
      vertex  5.430734e+001  4.411483e+001  0.000000e+000
      vertex  5.430734e+001  4.411483e+001  5.000000e+000
    endloop
  endfacet
  facet normal  9.999999e-001  0.000000e+000  0.000000e+000
    outer loop
      vertex  4.862500e+001 -1.475318e+001  5.000000e+000
      vertex  4.862500e+001 -1.475318e+001  0.000000e+000
      vertex  4.862500e+001  2.680144e+001  5.000000e+000
    endloop
  endfacet
  facet normal  9.999999e-001  0.000000e+000  0.000000e+000
    outer loop
      vertex  4.862500e+001  2.680144e+001  5.000000e+000
      vertex  4.862500e+001 -1.475318e+001  0.000000e+000
      vertex  4.862500e+001  2.680144e+001  0.000000e+000
    endloop
  endfacet
  facet normal  9.608843e-001  2.769501e-001  0.000000e+000
    outer loop
      vertex  5.046296e+001 -3.105852e+001  0.000000e+000
      vertex  5.273872e+001 -3.895433e+001  5.000000e+000
      vertex  5.273872e+001 -3.895433e+001  0.000000e+000
    endloop
  endfacet
  facet normal  9.238155e-001  3.828378e-001  -0.000000e+000
    outer loop
      vertex  5.273872e+001 -3.895433e+001  0.000000e+000
      vertex  5.273872e+001 -3.895433e+001  5.000000e+000
      vertex  5.588459e+001 -4.654554e+001  5.000000e+000
    endloop
  endfacet
  facet normal  9.238155e-001  3.828378e-001  0.000000e+000
    outer loop
      vertex  5.273872e+001 -3.895433e+001  0.000000e+000
      vertex  5.588459e+001 -4.654554e+001  5.000000e+000
      vertex  5.588459e+001 -4.654554e+001  0.000000e+000
    endloop
  endfacet
  facet normal  9.608843e-001  2.769501e-001  -0.000000e+000
    outer loop
      vertex  5.273872e+001 -3.895433e+001  5.000000e+000
      vertex  5.046296e+001 -3.105852e+001  0.000000e+000
      vertex  5.046296e+001 -3.105852e+001  5.000000e+000
    endloop
  endfacet
  facet normal  9.858591e-001  1.675768e-001  0.000000e+000
    outer loop
      vertex  5.046296e+001 -3.105852e+001  5.000000e+000
      vertex  5.046296e+001 -3.105852e+001  0.000000e+000
      vertex  4.908594e+001 -2.295748e+001  0.000000e+000
    endloop
  endfacet
  facet normal  9.858591e-001  1.675768e-001  -0.000000e+000
    outer loop
      vertex  5.046296e+001 -3.105852e+001  5.000000e+000
      vertex  4.908594e+001 -2.295748e+001  0.000000e+000
      vertex  4.908594e+001 -2.295748e+001  5.000000e+000
    endloop
  endfacet
  facet normal  9.984255e-001  5.609443e-002  0.000000e+000
    outer loop
      vertex  4.908594e+001 -2.295748e+001  5.000000e+000
      vertex  4.908594e+001 -2.295748e+001  0.000000e+000
      vertex  4.862500e+001 -1.475318e+001  0.000000e+000
    endloop
  endfacet
  facet normal  9.984255e-001  5.609443e-002  -0.000000e+000
    outer loop
      vertex  4.908594e+001 -2.295748e+001  5.000000e+000
      vertex  4.862500e+001 -1.475318e+001  0.000000e+000
      vertex  4.862500e+001 -1.475318e+001  5.000000e+000
    endloop
  endfacet
  facet normal -7.055380e-002 -9.975080e-001  -0.000000e+000
    outer loop
      vertex  2.515338e+001 -4.939900e+001  0.000000e+000
      vertex  1.421034e+001 -4.862500e+001  5.000000e+000
      vertex  1.421034e+001 -4.862500e+001  0.000000e+000
    endloop
  endfacet
  facet normal -7.055380e-002 -9.975080e-001  0.000000e+000
    outer loop
      vertex  1.421034e+001 -4.862500e+001  5.000000e+000
      vertex  2.515338e+001 -4.939900e+001  0.000000e+000
      vertex  2.515338e+001 -4.939900e+001  5.000000e+000
    endloop
  endfacet
  facet normal -2.102566e-001 -9.776462e-001  -0.000000e+000
    outer loop
      vertex  2.515338e+001 -4.939900e+001  5.000000e+000
      vertex  2.515338e+001 -4.939900e+001  0.000000e+000
      vertex  3.587854e+001 -5.170560e+001  0.000000e+000
    endloop
  endfacet
  facet normal -2.102566e-001 -9.776462e-001  0.000000e+000
    outer loop
      vertex  2.515338e+001 -4.939900e+001  5.000000e+000
      vertex  3.587854e+001 -5.170560e+001  0.000000e+000
      vertex  3.587854e+001 -5.170560e+001  5.000000e+000
    endloop
  endfacet
  facet normal -3.457729e-001 -9.383183e-001  -0.000000e+000
    outer loop
      vertex  3.587854e+001 -5.170560e+001  5.000000e+000
      vertex  3.587854e+001 -5.170560e+001  0.000000e+000
      vertex  4.617224e+001 -5.549886e+001  0.000000e+000
    endloop
  endfacet
  facet normal -3.457729e-001 -9.383183e-001  0.000000e+000
    outer loop
      vertex  3.587854e+001 -5.170560e+001  5.000000e+000
      vertex  4.617224e+001 -5.549886e+001  0.000000e+000
      vertex  4.617224e+001 -5.549886e+001  5.000000e+000
    endloop
  endfacet
  facet normal  0.000000e+000 -1.000000e+000  0.000000e+000
    outer loop
      vertex -3.481732e+001 -4.862500e+001  5.000000e+000
      vertex -3.481732e+001 -4.862500e+001  0.000000e+000
      vertex  1.421034e+001 -4.862500e+001  5.000000e+000
    endloop
  endfacet
  facet normal  0.000000e+000 -1.000000e+000  -0.000000e+000
    outer loop
      vertex  1.421034e+001 -4.862500e+001  5.000000e+000
      vertex -3.481732e+001 -4.862500e+001  0.000000e+000
      vertex  1.421034e+001 -4.862500e+001  0.000000e+000
    endloop
  endfacet
endsolid CATIA STL
